"FORMAT PENGINPUTAN DATA SERDIK — DAPOKDIKMA CABA TA 2026 (SECABA)","","","","","","","","","","","","","","","","","","","",""
"PETUNJUK: Berkas ini memuat seluruh calon siswa dari Dapokdikma CABA TA 2026 Rindam III/Siliwangi. NIK 16 digit terproteksi teks. Kolom wajib: NAMA_LENGKAP, NIK_KTP, & KODE_SATDIK.","","","","","","","","","","","","","","","","","","","",""
"","","","","","","","","","","","","","","","","","","","",""
"NO","NIK_KTP","NOSIK","NAMA_LENGKAP","KODE_SATDIK","PROGRAM_PENDIDIKAN","PANGKAT_SISWA","KOMPI","PELETON","GENDER_L_P","KODAM/KODIM_ASAL","TEMPAT_LAHIR","TANGGAL_LAHIR","GOL_DARAH","TB_CM","BB_KG","TENSI_MMHG","STATUS_KESEHATAN","STAKES_MILITER","CATATAN_MEDIS","STATUS_SISWA"
"1","3277010908060002","2026-SECABA-001","WILDAN ROHMAT HIDAYAT","SECABA","DIKMABA TA 2026","Siswa Bintara","Kompi A","Peleton 1","L","KODAM III/SLW - KODIM 0609/CIMAHI","BANDUNG","2006-08-09","O","173","61","120/80","Siap Latih","Stakes II (Baik)","TENSI II: 130/75 MMHG 74 X/MENIT; GIGI II: 48 IMPAKSI; KULIT II: STRIAE; LAB II: HDL 41","Aktif"
"2","3272042102050021","2026-SECABA-002","MUHAMAD ALFARIEL SUPRIADI","SECABA","DIKMABA TA 2026","Siswa Bintara","Kompi A","Peleton 1","L","KODAM III/SLW - KODIM 0607/KOTA SUKABUMI","SUKABUMI","2005-02-21","O","166","60","120/80","Siap Latih","Stakes II (Baik)","TENSI II: 126/77 MMHG 60X/MENIT; KULIT II: MULTIPLE NEVUS DI WAJAH; MATA II: VODS 6/9 S-0.50 6/6","Aktif"
"3","3673061312070002","2026-SECABA-003","FARRELL DWI PRIANDHIKA","SECABA","DIKMABA TA 2026","Siswa Bintara","Kompi A","Peleton 1","L","KODAM III/SLW - KODIM 0602/SERANG","SERANG","2007-12-13","O","175","65","120/80","Siap Latih","Stakes II (Baik)","TENSI II: 123/65 MMHG 99 X/MENIT; LAB II: ASAM URAT 7.1","Aktif"
"4","1202120112070003","2026-SECABA-004","JASTIN FERNANDES. S","SECABA","DIKMABA TA 2026","Siswa Bintara","Kompi A","Peleton 1","L","KODAM III/SLW - KODIM 0602/SERANG","AMBAR SALENGKAT","2007-12-01","O","171","72","130/80","Siap Latih","Stakes II (Baik)","TENSI II: 122/70 MMHG 78 X/MENIT; KULIT II: AVR DI WAJAH; EKG II: RAD","Aktif"
"5","3604010405080008","2026-SECABA-005","MOCH. BANGGA SETIA BERDIKARI","SECABA","DIKMABA TA 2026","Siswa Bintara","Kompi A","Peleton 1","L","KODAM III/SLW - KODIM 0602/SERANG","SERANG","2008-05-04","O","173","68","110/70","Siap Latih","Stakes II (Baik)","GIGI II: OPEN BITE ANT 1 MM; BEDAH II: HEMOROID EXTERNA NON SIRKULER; BEDAH BAWAH II: VARISES GRADE I; MATA II: VOD 6/9 S-0.50 6/6; LAB II: LDL 116 HDL 46","Aktif"
"6","3217086802070009","2026-SECABA-006","ZARRA ADITYA PERDIANA","SECABA","DIKMABA TA 2026","Siswa Bintara","Kompi A","Peleton 1","L","KODAM III/SLW - KODIM 0609/CIMAHI","BANDUNG","2007-02-28","O","170","64","120/80","Siap Latih","Stakes II (Baik)","TENSI II: 130/62 MMHG 62 X/MENIT; KULIT II: AVR DI WAJAH; MATA II: VODS 6/9 S-0.50 6/6; LAB II: LDL 102","Aktif"
"7","3604092903060005","2026-SECABA-007","NANDO ARSY SAMUDERA","SECABA","DIKMABA TA 2026","Siswa Bintara","Kompi A","Peleton 1","L","KODAM III/SLW - KODIM 0602/SERANG","SERANG","2006-03-29","O","176","75","110/70","Siap Latih","Stakes II (Baik)","TENSI II: 122/63 MMHG 64 X/MENIT","Aktif"
"8","3273132501070009","2026-SECABA-008","BAGAS JANUAR EKA PRASETIO","SECABA","DIKMABA TA 2026","Siswa Bintara","Kompi A","Peleton 1","L","KODAM III/SLW - KODIM 0625/PANGANDARAN","BANDUNG","2007-01-25","O","170","54","110/80","Siap Latih","Stakes II (Baik)","IMT II: 18.80 BB -3.46 KG; GIGI II: 48 IMPAKSI; BEDAH BAWAH II: VARISES GRADE I; KULIT II: NEVUS 1X1 DI PUNGGUNG; HPI DI KAKI; SCAR HIPERTROFIK 5 CM; EKG II: RAD","Aktif"
"9","3273131205080005","2026-SECABA-009","FAHRI FADILLAH","SECABA","DIKMABA TA 2026","Siswa Bintara","Kompi A","Peleton 1","L","KODAM III/SLW - KODIM 0618/KOTA BANDUNG","BANDUNG","2008-05-12","O","179","66","110/80","Siap Latih","Stakes II (Baik)","TENSI II: 130/82 MMHG 71 X/MENIT; KULIT II: PV DI PUNGGUNG, BM DI PUNGGUNG <10 CM; MATA II: VOD 6/9 S-0.50 6/6 VOS 6/10 S-0.75 6/6","Aktif"
"10","3202462803060001","2026-SECABA-010","FARIZ ALFAUZI","SECABA","DIKMABA TA 2026","Siswa Bintara","Kompi A","Peleton 1","L","KODAM III/SLW - KODIM 0622/KAB SUKABUMI","SUKABUMI","2006-03-28","O","163","52","120/80","Siap Latih","Stakes II (Baik)","IMT II: 19.55 BB -1.20 KG; TENSI II: 124/72 MMHG 55 X/MENIT; MATA II: VOD 6/9 S-0.50 6/6; THORAX II: CORAKAN BRONCHOVASCULER BERLEBIH","Aktif"
"11","3273010612070003","2026-SECABA-011","RAIHAN SAPUTRA PRATAMA","SECABA","DIKMABA TA 2026","Siswa Bintara","Kompi A","Peleton 1","L","KODAM III/SLW - KODIM 0618/KOTA BANDUNG","BANDUNG","2007-12-06","O","172","60","120/80","Siap Latih","Stakes II (Baik)","TENSI II: 124/72 MMHG 66 X/MENIT; GIGI II: CROWDED ANT RA RINGAN; MATA II: VODS 6/10 S-0.75 6/6; LAB II: LEKOSIT 11.980","Aktif"
"12","3206032811070001","2026-SECABA-012","REIHAN FAKAR BAHARI","SECABA","DIKMABA TA 2026","Siswa Bintara","Kompi A","Peleton 1","L","KODAM III/SLW - KODIM 0612/TASIKMALAYA","TASIKMALAYA","2007-11-28","O","169","62","130/80","Siap Latih","Stakes II (Baik)","TENSI II: 130/71 MMHG 78 X/MENIT; BEDAH II: OPERASI HEMOROID 3/2026","Aktif"
"13","3271055612070001","2026-SECABA-013","HIZKIA SARAEL HUTAGALUNG","SECABA","DIKMABA TA 2026","Siswa Bintara","Kompi A","Peleton 1","L","KODAM III/SLW - KODIM 0617/MAJALENGKA","BOGOR","2007-12-16","O","176","63","120/80","Siap Latih","Stakes II (Baik)","BEDAH II: OPS VARICOCELE SINISTRA 2025; HEMOROID EXTERNA NON SIRKULER; BEDAH BAWAH II: VARISES GRADE I; KULIT II: AVR DI WAJAH DAN BADAN","Aktif"
"14","3272050809080002","2026-SECABA-014","MARDINGOT MARALES MUNTHE","SECABA","DIKMABA TA 2026","Siswa Bintara","Kompi A","Peleton 1","L","KODAM III/SLW - KODIM 0607/KOTA SUKABUMI","TONGGING","2008-09-08","O","167","53","110/70","Siap Latih","Stakes II (Baik)","IMT II: 19.07 BB -2.58 KG; TENSI II: 117/60 MMHG 61 X/MENIT; GIGI II: DEEP BITE CINGULUM; BEDAH BAWAH II: VARISES GRADE I; KULIT II: AVR DI WAJAH; EKG II: ICRBBB","Aktif"
"15","3204140611070001","2026-SECABA-015","WILLKY RAJA PANDE SINAGA","SECABA","DIKMABA TA 2026","Siswa Bintara","Kompi A","Peleton 1","L","KODAM III/SLW - KODIM 0624/KAB BANDUNG","BANDUNG","2007-11-06","O","165","61","120/80","Siap Latih","Stakes II (Baik)","TENSI II: 127/80 MMHG 64 X/MENIT; KULIT II: HPI; LAB II: HDL 43; EKG II: SINUS ARITMIA","Aktif"
"16","3601351808080006","2026-SECABA-016","AGUNG HILMI YAHYA","SECABA","DIKMABA TA 2026","Siswa Bintara","Kompi A","Peleton 1","L","KODAM III/SLW - KODIM 0603/LEBAK","PANDEGLANG","2008-08-18","O","173","65","120/80","Siap Latih","Stakes II (Baik)","TENSI II: 109/61 MMHG 68 X/MENIT; MATA II: VODS 6/9 S-0.50 6/6; LAB II: TROMOBOSIT 413.000 ASAM URAT 7.1 LDL 110 HDL38","Aktif"
"17","1673052807070002","2026-SECABA-017","ADITYA","SECABA","DIKMABA TA 2026","Siswa Bintara","Kompi A","Peleton 1","L","KODAM III/SLW - KODIM 0609/CIMAHI","LUBUKLINGGAU","2007-07-28","O","164","58","110/70","Siap Latih","Stakes II (Baik)","TENSI II: 114/64 MMHG 68 X/MENIT; GIGI II: CROWDED ANT RA RINGAN; BEDAH BAWAH II: VARISES GRADE I; KULIT II: AVR DI WAHAG DADA DAN PUNGGUNG; LAB II: LDL 103","Aktif"
"18","3272031011040942","2026-SECABA-018","RAIENDRA GILANG RAMADHAN","SECABA","DIKMABA TA 2026","Siswa Bintara","Kompi A","Peleton 1","L","KODAM III/SLW - KODIM 0607/KOTA SUKABUMI","SUKABUMI","2004-11-10","O","168","65","110/80","Siap Latih","Stakes II (Baik)","TENSI II: 125/64 MMHG 61 X/MENIT; KULIT II: AVR DI WAJAH; EKG II: LAD","Aktif"
"19","3602025906080001","2026-SECABA-019","ANGGUN TRIANSA","SECABA","DIKMABA TA 2026","Siswa Bintara","Kompi A","Peleton 1","L","KODAM III/SLW - KODIM 0603/LEBAK","LEBAK","2008-06-19","O","164","59","130/80","Siap Latih","Stakes II (Baik)","TENSI II: 127/78 MMHG 60 X/MENIT","Aktif"
"20","3274031306080001","2026-SECABA-020","YARIS ROYANTO","SECABA","DIKMABA TA 2026","Siswa Bintara","Kompi A","Peleton 1","L","KODAM III/SLW - KODIM 0614/KOTA CIREBON","CIREBON","2008-06-13","O","180","64","110/80","Siap Latih","Stakes II (Baik)","IMT II: 19.71 BB -0.94 KG; TENSI II: 103/68 MMHG 98 X/MENIT; MATA II: VODS 6/9 S-0.50 6/6; LAB II: LDL 122 HDL 43","Aktif"
"21","3273251908060003","2026-SECABA-021","ZILHAN DANIAR RAHMANSYAH","SECABA","DIKMABA TA 2026","Siswa Bintara","Kompi A","Peleton 1","L","KODAM III/SLW - KODIM 0618/KOTA BANDUNG","BANDUNG","2006-08-19","O","172","71","120/80","Siap Latih","Stakes II (Baik)","TENSI II: 130/80 MMHG 87 X/MENIT; BEDAH II: POST OPS HEMOROID 2025","Aktif"
"22","3602101808071001","2026-SECABA-022","GALUH RIMBO SUDRAJAT","SECABA","DIKMABA TA 2026","Siswa Bintara","Kompi A","Peleton 1","L","KODAM III/SLW - KODIM 0603/LEBAK","LEBAK","2007-08-18","O","165","58","120/80","Siap Latih","Stakes II (Baik)","TENSI II: 118/65 MMHG 65 X/MENIT; KULIT II: AVR DI WAJAH; LAB II: ASAM URAT 7.5 HDL 39","Aktif"
"23","3203071907060001","2026-SECABA-023","M RAFLY RAMANDA","SECABA","DIKMABA TA 2026","Siswa Bintara","Kompi A","Peleton 1","L","KODAM III/SLW - KODIM 0608/CIANJUR","CIANJUR","2006-07-19","O","173","78","100/80","Siap Latih","Stakes II (Baik)","IMT II: 25.94 BB +2.83 KG; TENSI II: 118/66 MMHG 77 X/MENIT","Aktif"
"24","3205082701080001","2026-SECABA-024","MUGNI RIZKI MUHARAM","SECABA","DIKMABA TA 2026","Siswa Bintara","Kompi A","Peleton 1","L","KODAM III/SLW - KODIM 0611/GARUT","GARUT","2008-01-27","O","165","56","130/70","Siap Latih","Stakes II (Baik)","TENSI II: 122/70 MMHG 68 X/MENIT; KULIT II: AVR DI WAJAH; BM 10 CM; MATA II: VOD 6/10 S-0.75 6/6 VOS 6/9 S-0.50 6/6; LAB II: LEKOSIT 11.700 ASAM URAT 7.5 TRIGLISERIDA 198 LDL 109 HDL 36","Aktif"
"25","3277020707060006","2026-SECABA-025","ANDRE AULADANI RAZAQ","SECABA","DIKMABA TA 2026","Siswa Bintara","Kompi A","Peleton 1","L","KODAM III/SLW - KODIM 0609/CIMAHI","CIMAHI","2006-07-07","O","174","60","110/80","Siap Latih","Stakes II (Baik)","IMT II: 19.84 BB -0.48 KG; TENSI II: 113/78 MMHG 85 X/MENIT; BEDAH II: OPS VARICOCELE SINISTRA 7/2025; BEDAH BAWAH II: VARISES GRADE I; LAB II: LEKOSIT 10.780","Aktif"
"26","3211030210040004","2026-SECABA-026","HERDI TYA MIFTAH FAUZI","SECABA","DIKMABA TA 2026","Siswa Bintara","Kompi A","Peleton 1","L","KODAM III/SLW - KODIM 0610/SUMEDANG","SUMEDANG","2004-10-02","O","170","65","120/80","Siap Latih","Stakes II (Baik)","TENSI II: 110/67 MMHG 65 X/MENIT; GIGI II: 12 13 DIASTEM; KULIT II: AVR DI WAJAH DAN PUNGGUNG; MATA II: VOS 6/9 S-0.50 6/6; LAB II: LEKOSIT 11.990 LDL 115","Aktif"
"27","1202090812060001","2026-SECABA-027","SURYA GANTI PURBA","SECABA","DIKMABA TA 2026","Siswa Bintara","Kompi A","Peleton 1","L","KODAM III/SLW - KODIM 0605/SUBANG","SITAMPURUNG","2006-12-08","O","175","71","120/80","Siap Latih","Stakes II (Baik)","TENSI II: 122/65 MMHG 67 X/MENIT; GIGI II: 15 36 46 MISSING; BEDAH BAWAH II: VARISES GRADE I; KULIT II: AVR DI WAJAH DADA DAN PUNGGUNG; TINEA CRURIS; LAB II: LEKOSIT 10.220","Aktif"
"28","3204140908070003","2026-SECABA-028","MUHAMAD FARIZ ALFARIZI","SECABA","DIKMABA TA 2026","Siswa Bintara","Kompi A","Peleton 1","L","KODAM III/SLW - KODIM 0624/KAB BANDUNG","BANDUNG","2007-08-09","O","164","51","120/80","Siap Latih","Stakes II (Baik)","IMT II: 18.94 BB -2.86 KG; TENSI II: 130/73 MMHG 79 X/MENIT; BEDAH II: ABSES REGIO GLUTEA; KULIT II: BM <10 CM; LAB II: LEKOSIT 10.230 HDL 38; THORAX II: CORAKAN BRONCHOVASCULER BERLEBIH","Aktif"
"29","3272011003050021","2026-SECABA-029","FERDYANSYACH PRASETYA","SECABA","DIKMABA TA 2026","Siswa Bintara","Kompi A","Peleton 1","L","KODAM III/SLW - KODIM 0607/KOTA SUKABUMI","SUKABUMI","2005-03-10","O","163","62","120/80","Siap Latih","Stakes II (Baik)","TENSI II: 130/78 MMHG 67 X/MENIT; KULIT II: BM <10 CM; MATA II: VODS 6/10 S-0.75 6/6; LAB II: LDL 127; EKG II: T INVERSI NON SPESIFIK","Aktif"
"30","3217080202080012","2026-SECABA-030","MOCHAMMAD RAIHAN FABIANSYAH","SECABA","DIKMABA TA 2026","Siswa Bintara","Kompi A","Peleton 1","L","KODAM III/SLW - KODIM 0609/CIMAHI","BANDUNG","2008-02-02","O","168","58","110/80","Siap Latih","Stakes II (Baik)","TENSI II: 129/72 MMHG 72 X/MENIT; GIGI II: CROWDED ANT RB RA RINGAN; KULIT II: BM <10 CM; EKG II: SINUS ARITMIA","Aktif"
"31","3204110312070002","2026-SECABA-031","ZAHFA AFLA HUSSAFWAN","SECABA","DIKMABA TA 2026","Siswa Bintara","Kompi A","Peleton 1","L","KODAM III/SLW - KODIM 0624/KAB BANDUNG","BANDUNG","2007-12-03","O","166","67","110/80","Siap Latih","Stakes II (Baik)","TENSI II: 116/60 MMHG 61 X/MENIT; GIGI II: 35 36 BRIDGE; MATA II: VOS 6/9 S-0.50 6/6","Aktif"
"32","3217082307070007","2026-SECABA-032","MOCHAMMAD RASYYA ALIYANSYAH","SECABA","DIKMABA TA 2026","Siswa Bintara","Kompi A","Peleton 1","L","KODAM III/SLW - KODIM 0609/CIMAHI","BANDUNG","2007-07-23","O","170","61","110/60","Siap Latih","Stakes II (Baik)","TENSI II: 129/70 MMHG 76 X/MENIT; KULIT II: AVR DI WAJAH; LAB II: LDL 123","Aktif"
"33","3213172907070001","2026-SECABA-033","ELDANI ALFARIZI","SECABA","DIKMABA TA 2026","Siswa Bintara","Kompi A","Peleton 1","L","KODAM III/SLW - KODIM 0605/SUBANG","SUBANG","2007-07-29","O","168","65","120/70","Siap Latih","Stakes II (Baik)","TENSI II: 127/62 MMHG 60 X/MENIT; GIGI II: 23 ROTASI 38 IMPAKSI; KULIT II: HPI; AVR DI WAJAH; KERATOSIS PILARIS; MATA II: VOD 6/10 S-0.75 6/6 VOS 6/9 S-0.50 6/6","Aktif"
"34","3273141202050004","2026-SECABA-034","SYAHDAD ENDI MAULANA","SECABA","DIKMABA TA 2026","Siswa Bintara","Kompi A","Peleton 1","L","KODAM III/SLW - KODIM 0618/KOTA BANDUNG","BANDUNG","2005-02-12","O","174","75","130/80","Siap Latih","Stakes II (Baik)","TENSI II: 120/84 MMHG 60 X/MENIT; KULIT II: KERATOLISIS; PV; KELOID 0,5X3 CM; BM <10 CM; LAB II: LDL 119","Aktif"
"35","3273040901070001","2026-SECABA-035","RIZAL ADZANI PANGESTU","SECABA","DIKMABA TA 2026","Siswa Bintara","Kompi A","Peleton 1","L","KODAM III/SLW - KODIM 0618/KOTA BANDUNG","BANDUNG","2007-01-09","O","168","55","100/70","Siap Latih","Stakes II (Baik)","IMT II: 19.58 BB -1.18 KG; TENSI II: 110/60 MMHG 62 X/MENIT; KULIT II: AVR DI WAJAH","Aktif"
"36","3205061801070001","2026-SECABA-036","FARID ARDIANSYAH NURIHSAN","SECABA","DIKMABA TA 2026","Siswa Bintara","Kompi A","Peleton 2","L","KODAM III/SLW - KODIM 0611/GARUT","GARUT","2007-01-18","O","169","64","130/80","Siap Latih","Stakes II (Baik)","TENSI II: 120/77 MMHG 75 X/MENIT; KULIT II: TINEA CRURIS; LAB II: LDL 112","Aktif"
"37","3271040401060010","2026-SECABA-037","FARID NURDIANSYAH","SECABA","DIKMABA TA 2026","Siswa Bintara","Kompi A","Peleton 2","L","KODAM III/SLW - KODIM 0606/KOTA BOGOR","SIGLI","2006-01-04","O","172","59","100/70","Siap Latih","Stakes II (Baik)","IMT II: 19.85 BB -0.44 KG; TENSI II: 122/68 MMHG 68 X/MENIT; BEDAH BAWAH II: VARISES GRADE I; KULIT II: AVR DI BADAN PUNGGUNG DAN BOKONG; LAB II: ASAM URAT 7.2 KOLESTEROL TOTAL 200 LDL 137","Aktif"
"38","3273040111050002","2026-SECABA-038","RADITHIA RAMDHAN HENDRAYANA","SECABA","DIKMABA TA 2026","Siswa Bintara","Kompi A","Peleton 2","L","KODAM III/SLW - KODIM 0618/KOTA BANDUNG","BANDUNG","2005-11-01","O","171","64","120/80","Siap Latih","Stakes II (Baik)","TENSI II: 126/73 84; LAB II: ASAM URAT 7.3 KOLESTEROL TOTAL 216 LDL 124; THORAX II: CORAKAN BRONCHOVASCULER BERLEBIH","Aktif"
"39","3208211201080001","2026-SECABA-039","RANGGA PRASETIO","SECABA","DIKMABA TA 2026","Siswa Bintara","Kompi A","Peleton 2","L","KODAM III/SLW - KODIM 0615/KUNINGAN","KUNINGAN","2008-01-12","O","171","55","130/80","Siap Latih","Stakes II (Baik)","IMT II: 18.81 BB -3.48 KG; TENSI II: 111/68 MMHG 82 X/MENIT; GIGI II: 38 48 IMPAKSI; KULIT II: AVR DI PUNGGUNG; MATA II: VODS 6/9 S-0.50 6/6; LAB II: LEKOSIT 11.720 ASAM URAT 7.4; EKG II: RAD","Aktif"
"40","3204051212050001","2026-SECABA-040","FAREL SATRIO WIRATAMA","SECABA","DIKMABA TA 2026","Siswa Bintara","Kompi A","Peleton 2","L","KODAM III/SLW - KODIM 0624/KAB BANDUNG","BANDUNG","2005-12-12","O","172","61","110/70","Siap Latih","Stakes II (Baik)","TENSI II: 130/83 MMHG 90 X/MENIT; KULIT II: HPI DI BOKONG; LAB II: LEKOSIT 10.330 ASAM URAT 7.5 LDL 143","Aktif"
"41","3204080812070001","2026-SECABA-041","GATAN SAMZIDAR","SECABA","DIKMABA TA 2026","Siswa Bintara","Kompi A","Peleton 2","L","KODAM III/SLW - KODIM 0624/KAB BANDUNG","MAJALENGKA","2007-12-08","O","168","67","110/70","Siap Latih","Stakes II (Baik)","TENSI II: 128/69 MMHG 64 X/MENIT; MATA II: VOD 6/9 S-0.50 6/6; EKG II: RAD","Aktif"
"42","3604040408080002","2026-SECABA-042","REZA ADITYA MUHAMMAD","SECABA","DIKMABA TA 2026","Siswa Bintara","Kompi A","Peleton 2","L","KODAM III/SLW - KODIM 0602/SERANG","SERANG","2008-08-04","O","178","60","130/80","Siap Latih","Stakes II (Baik)","IMT II: 19.00 BB -3.15 KG; TENSI II: 127/73 MMHG 98 X/MENIT; BEDAH II: OPS VARICOCELE BILATERAL 2025; KULIT II: AVR DI BADAN DAN PUNGGUNG; LAB II: LEKOSIT 10.340 LDL 102","Aktif"
"43","3202362607070001","2026-SECABA-043","MUHAMMAD RUHYAT PRIATNA","SECABA","DIKMABA TA 2026","Siswa Bintara","Kompi A","Peleton 2","L","KODAM III/SLW - KODIM 0608/CIANJUR","SUKABUMI","2007-07-26","O","175","59","120/80","Siap Latih","Stakes II (Baik)","IMT II: 19.27 BB -2.25 KG; TENSI II: 130/82 MMHG 85 X/MENIT; BEDAH BAWAH II: VARISES GRADE I; KULIT II: HIPERHIDROSIS RINGAN","Aktif"
"44","3204322509070002","2026-SECABA-044","RIKI CAHYA RAMADHAN","SECABA","DIKMABA TA 2026","Siswa Bintara","Kompi A","Peleton 2","L","KODAM III/SLW - KODIM 0624/KAB BANDUNG","BANDUNG","2007-09-25","O","172","65","110/80","Siap Latih","Stakes II (Baik)","TENSI II: 130/80 MMHG 98 X/MENIT; LAB II: HDL 37","Aktif"
"45","3173080305070003","2026-SECABA-045","MOHAMMAD BAGUS DWI PRATAMA","SECABA","DIKMABA TA 2026","Siswa Bintara","Kompi A","Peleton 2","L","KODAM III/SLW - KODIM 0620/KAB CIREBON","JAKARTA","2007-05-03","O","164","54","110/80","Siap Latih","Stakes II (Baik)","TENSI II: 130/75 MMHG 95 X/MENIT; GIGI II: 36 46 CARIES MEDIA; KULIT II: AVR DI PUNGGUNG; LAB II: ASAM URAT 7.4 LDL 109","Aktif"
"46","3204122205070005","2026-SECABA-046","KEVIN ALDINO MEINDRA","SECABA","DIKMABA TA 2026","Siswa Bintara","Kompi A","Peleton 2","L","KODAM III/SLW - KODIM 0624/KAB BANDUNG","BANDUNG","2007-05-22","O","172","70","120/80","Siap Latih","Stakes II (Baik)","BEDAH II: OPS HEMOROID 2025; MATA II: VODS 6/9 S-0.50 6/6; LAB II: LDL 128 HDL 44","Aktif"
"47","3204056305060001","2026-SECABA-047","TANTHAWI NUR RABBANI","SECABA","DIKMABA TA 2026","Siswa Bintara","Kompi A","Peleton 2","L","KODAM III/SLW - KODIM 0624/KAB BANDUNG","BANDUNG","2006-05-23","O","169","68","120/80","Siap Latih","Stakes II (Baik)","TENSI II: 115/62 MMHG 76 X/MENIT; BEDAH BAWAH II: VARISES GRADE I, X BEEN 5 CM; EKG II: SINUS ARITMIA","Aktif"
"48","3203072210110006","2026-SECABA-048","ADITYA RIZKI PUTRA SOMANTRI","SECABA","DIKMABA TA 2026","Siswa Bintara","Kompi A","Peleton 2","L","KODAM III/SLW - KODIM 0610/SUMEDANG","BANDUNG","2007-11-22","O","167","56","120/80","Siap Latih","Stakes II (Baik)","TENSI II: 122/76 MMHG 69 X/MENIT; BEDAH BAWAH II: VARISES GRADE I; LAB II: LDL 108; EKG II: RAD; THORAX II: CORAKAN BRONCHOVASCULER BERLEBIH; USG II: NEFROLITHIASIS GINJAL DEXTRA UKURAN 0,49 CM","Aktif"
"49","3212061009070001","2026-SECABA-049","RIZAL ABDU RACHMAN","SECABA","DIKMABA TA 2026","Siswa Bintara","Kompi A","Peleton 2","L","KODAM III/SLW - KODIM 0616/INDRAMAYU","INDRAMAYU","2007-09-10","O","169","63","130/80","Siap Latih","Stakes II (Baik)","BEDAH BAWAH II: VARISES GRADE I; KULIT II: VITILIGO DI PEDIS","Aktif"
"50","3522111606030003","2026-SECABA-050","GALIH RAHMAN NUR AZHARI","SECABA","DIKMABA TA 2026","Siswa Bintara","Kompi A","Peleton 2","L","KODAM III/SLW - KODIM 0609/CIMAHI","BOJONEGORO","2003-06-16","O","163","59","100/70","Siap Latih","Stakes II (Baik)","TENSI II: 106/64 MMHG 67 X/MENIT; KULIT II: KERATOSIS PILARIS; THORAX II: CORAKAN BRONCHOVASCULER BERLEBIH","Aktif"
"51","3209391109060003","2026-SECABA-051","MOHAMAD FIRDAUS","SECABA","DIKMABA TA 2026","Siswa Bintara","Kompi A","Peleton 2","L","KODAM III/SLW - KODIM 0620/KAB CIREBON","CIREBON","2006-09-11","O","163","52","120/80","Siap Latih","Stakes II (Baik)","IMT II: 19.29 BB -1.90 KG; TENSI II: 115/63 MMHG 73 X/MENIT; BEDAH BAWAH II: VARISES GRADE I; LAB II: LEKOSIT 11.370; EKG II: RAD","Aktif"
"52","1401063005070002","2026-SECABA-052","MUHAMMAD RIFQI IZZATULLAH","SECABA","DIKMABA TA 2026","Siswa Bintara","Kompi A","Peleton 2","L","KODAM III/SLW - KODIM 0625/PANGANDARAN","PEKANBARU","2007-05-30","O","168","54","120/70","Siap Latih","Stakes II (Baik)","IMT II: 19.02 BB -2.75 KG","Aktif"
"53","3203070706070008","2026-SECABA-053","MUHAMMAD SULTAN RAFI","SECABA","DIKMABA TA 2026","Siswa Bintara","Kompi A","Peleton 2","L","KODAM III/SLW - KODIM 0608/CIANJUR","CIANJUR","2007-06-07","O","179","72","100/70","Siap Latih","Stakes II (Baik)","KULIT II: HPI; AVR DI WAJAH; BM <10 CM; MATA II: VOD 6/9 S-0.50 6/6 VOS 6/10 S-0.75 6/6; LAB II: ASAM URAT 7.3; THORAX II: CORAKAN BRONCHOVASCULER BERLEBIH","Aktif"
"54","3208302812060001","2026-SECABA-054","SUDIRMAN","SECABA","DIKMABA TA 2026","Siswa Bintara","Kompi A","Peleton 2","L","KODAM III/SLW - KODIM 0615/KUNINGAN","KUNINGAN","2006-12-28","O","166","65","130/80","Siap Latih","Stakes II (Baik)","TENSI II: 123/66 MMHG 77 X/MENIT; BEDAH II: OPERASI HERNIA SINISTRA 2008; KULIT II: BM <10 CM; NEVUS 1X1 CM; MATA II: VODS 6/9 S-0.50 6/6; LAB II: LEKOSIT 10.910 LDL 100","Aktif"
"55","3279032901080001","2026-SECABA-055","WIKU AMEERA AL-FATIH","SECABA","DIKMABA TA 2026","Siswa Bintara","Kompi A","Peleton 2","L","KODAM III/SLW - KODIM 0622/KAB SUKABUMI","BANJAR","2008-01-29","O","170","73","110/70","Siap Latih","Stakes II (Baik)","IMT II: 25.20 BB +0.58 KG; TENSI II: 125/64 MMHG 62 X/MENIT","Aktif"
"56","3210082406080021","2026-SECABA-056","ARYA WIRA ATMAJA","SECABA","DIKMABA TA 2026","Siswa Bintara","Kompi A","Peleton 2","L","KODAM III/SLW - KODIM 0617/MAJALENGKA","MAJALENGKA","2008-06-24","O","166","55","110/70","Siap Latih","Stakes II (Baik)","TENSI II: 121/73 MMHG 76 X/MENIT; GIGI II: 38 IMPAKSI; BEDAH BAWAH II: VARISES GRADE I; KULIT II: BM <10 CM; MATA II: VOD 6/9 S-0.50 6/6; EKG II: RAD","Aktif"
"57","3217071606070004","2026-SECABA-057","GAGAN GARNIKA","SECABA","DIKMABA TA 2026","Siswa Bintara","Kompi A","Peleton 2","L","KODAM III/SLW - KODIM 0609/CIMAHI","BANDUNG","2007-06-16","O","170","66","110/70","Siap Latih","Stakes II (Baik)","TENSI II: 100/65 MMHG 83 X/MENIT; KULIT II: KELOID 1X1 CM; AVR DI WAJAH; BM <10 CM; LAB II: HDL 45","Aktif"
"58","3214012303070002","2026-SECABA-058","MELFIN MAULANA WIJAYA","SECABA","DIKMABA TA 2026","Siswa Bintara","Kompi A","Peleton 2","L","KODAM III/SLW - KODIM 0619/PURWAKARTA","PURWAKARTA","2007-03-23","O","166","53","110/70","Siap Latih","Stakes II (Baik)","IMT II: 19.26 BB -2.05 KG; BEDAH BAWAH II: VARISES GRADE I; LAB II: KOLESTEROL 206 LDL 147; EKG II: RAD","Aktif"
"59","3202012202070001","2026-SECABA-059","FAREL RAISSA ALIM HARENDYANTO","SECABA","DIKMABA TA 2026","Siswa Bintara","Kompi A","Peleton 2","L","KODAM III/SLW - KODIM 0624/KAB BANDUNG","SUKABUMI","2007-02-22","O","169","59","110/80","Siap Latih","Stakes II (Baik)","TENSI II: 129/70 MMHG 60 X/MENIT; KULIT II: BM <10 CM; PV DI BADAN; SCAR 1 X 2 CM; MATA II: VODS 6/9 S-0.50 6/6; LAB II: KOLESTEROL TOTAL 218 LDL 158; THORAX II: CORAKAN BRONCHOVASCULER BERLEBIH","Aktif"
"60","3204290503070002","2026-SECABA-060","MUHAMMAD NAYAKA EL-SHIDQI","SECABA","DIKMABA TA 2026","Siswa Bintara","Kompi A","Peleton 2","L","KODAM III/SLW - KODIM 0624/KAB BANDUNG","BANDUNG","2007-03-05","O","168","68","120/70","Siap Latih","Stakes II (Baik)","TENSI II: 130/66 MMHG 82 X/MENIT; GIGI II: 48 IMPAKSI; BEDAH BAWAH II: VARISES GRADE I; X BEEN 5 CM; KULIT II: KELOID 1X1 CM; TINEA CRURIS; AVR DI WAJAH BADAN DAN PUNGGUNG; LAB II: LEKOSIT 10.570 LDL 120; THORAX II: CORAKAN BRONCHOVASCULER BERLEBIH","Aktif"
"61","3204110303070003","2026-SECABA-061","MUHAMAD RIZKY BAADILA","SECABA","DIKMABA TA 2026","Siswa Bintara","Kompi A","Peleton 2","L","KODAM III/SLW - KODIM 0624/KAB BANDUNG","BANDUNG","2007-03-03","O","171","69","130/80","Siap Latih","Stakes II (Baik)","TENSI II: 127/79 MMHG 71 X/MENIT; GIGI II: CROWDED ANT RA RINGAN; BEDAH BAWAH II: VARISES GRADE I; MATA II: VODS 6/9 S-0.50 6/6","Aktif"
"62","3217092704060003","2026-SECABA-062","ADESTA RIZKI AFRILIAN","SECABA","DIKMABA TA 2026","Siswa Bintara","Kompi A","Peleton 2","L","KODAM III/SLW - KODIM 0609/CIMAHI","BANDUNG","2006-04-27","O","170","63","110/80","Siap Latih","Stakes II (Baik)","TENSI II: 127/75 MMHG 77 X/MENIT; KULIT II: HIPERHIDROSIS RINGAN; AVR DI WAJAH; LAB II: LDL 117","Aktif"
"63","3203041406070003","2026-SECABA-063","KRISTIAN ALFREDO IMANUEL SIANTURI","SECABA","DIKMABA TA 2026","Siswa Bintara","Kompi A","Peleton 2","L","KODAM III/SLW - KODIM 0608/CIANJUR","CIANJUR","2007-06-14","O","172","67","120/80","Siap Latih","Stakes II (Baik)","TENSI II: 116/73 MMHG 82 X/MENIT; GIGI II: 38 48 IMPAKSI; LAB II: ASAM URAT 7.5 LDL 120 HDL 43; EKG II: NON SPESIFIK T INVERSI","Aktif"
"64","3217061209040017","2026-SECABA-064","MUHAMMAD RAFLI HERLIAWAN","SECABA","DIKMABA TA 2026","Siswa Bintara","Kompi A","Peleton 2","L","KODAM III/SLW - KODIM 0609/CIMAHI","BANDUNG","2004-09-12","O","173","72","110/70","Siap Latih","Stakes II (Baik)","TENSI II: 123/76 MMHG 60 X/MENIT; KULIT II: STRIAE, HPI; MATA II: VOS 6/9 S-0.50 6/6; LAB II: LDL 139","Aktif"
"65","3204061008080002","2026-SECABA-065","AGUSTIAN TRI SASONGKO","SECABA","DIKMABA TA 2026","Siswa Bintara","Kompi A","Peleton 2","L","KODAM III/SLW - KODIM 0624/KAB BANDUNG","BANDUNG","2008-08-10","O","175","65","130/80","Siap Latih","Stakes II (Baik)","TENSI II: 130/68 76; KULIT II: BM <10 CM; MATA II: VODS 6/10 S-0.75 6/6; THORAX II: CORAKAN BRONCHOVASCULER BERLEBIH","Aktif"
"66","3673062203080001","2026-SECABA-066","IDA BAGUS GEDE PERDHANA PUTRA","SECABA","DIKMABA TA 2026","Siswa Bintara","Kompi A","Peleton 2","L","KODAM III/SLW - KODIM 0602/SERANG","SERANG","2008-03-22","O","180","80","120/80","Siap Latih","Stakes II (Baik)","TENSI II: 124/60 MMHG 78 X/MENIT; GIGI II: DEEP BITE CINGULUM CROWDED ANT RB RINGAN; KULIT II: BM <10 CM; PV DI PUNGGUNG; AVR DI BADAN; MATA II: VODS 6/9 S-0.50 6/6; USG II: NEFROLITHIASIS GINJAL DEXTRA UKURAN 0,49 CM","Aktif"
"67","3210232306070001","2026-SECABA-067","PADIL RAHMAT YUDISTIRA","SECABA","DIKMABA TA 2026","Siswa Bintara","Kompi A","Peleton 2","L","KODAM III/SLW - KODIM 0617/MAJALENGKA","MAJALENGKA","2007-06-23","O","170","54","120/80","Siap Latih","Stakes II (Baik)","IMT II: 18.80 BB -3.46 KG; TENSI II: 123/73 MMHG 77 X/MENIT; MATA II: VODS 6/9 S-0.50 6/6; LAB II: LDL 105","Aktif"
"68","3209360303070005","2026-SECABA-068","SOFYAN AKBAR ROHMAN","SECABA","DIKMABA TA 2026","Siswa Bintara","Kompi A","Peleton 2","L","KODAM III/SLW - KODIM 0620/KAB CIREBON","CIREBON","2007-03-03","O","172","56","120/80","Siap Latih","Stakes II (Baik)","IMT II: 19.02 BB -2.89 KG; TENSI II: 130/76 MMHG 98 X/MENIT; MATA II: VODS 6/9 S-0.50 6/6; LAB II: TROMBOSIT 408.000","Aktif"
"69","3208241003080001","2026-SECABA-069","MUHAMAD NAZRIL SADEWA","SECABA","DIKMABA TA 2026","Siswa Bintara","Kompi A","Peleton 2","L","KODAM III/SLW - KODIM 0615/KUNINGAN","BANDUNG","2008-03-10","O","171","75","120/80","Siap Latih","Stakes II (Baik)","IMT II: 25.80 BB +2.32 KG; BEDAH BAWAH II: VARISES GRADE I; MATA II: VODS 6/10 S-0.75 6/6; LAB II: HDL 36; EKG II: SINUS ARITMIA","Aktif"
"70","3313111407070003","2026-SECABA-070","BRIYAN HARY DANIYANTO","SECABA","DIKMABA TA 2026","Siswa Bintara","Kompi A","Peleton 2","L","KODAM III/SLW - KODIM 0609/CIMAHI","KARANGANYAR","2007-07-14","O","167","56","120/80","Siap Latih","Stakes II (Baik)","TENSI II: 113/76 MMHG 82 X/MENIT; BEDAH BAWAH II: VARISES GRADE I; KULIT II: SCAR EKSKORIASI 1 X 2 CM; PV DI BOKONG; LAB II: LDL 138","Aktif"
"71","3204090309060004","2026-SECABA-071","DIMAS SEPTIANTO","SECABA","DIKMABA TA 2026","Siswa Bintara","Kompi A","Peleton 3","L","KODAM III/SLW - KODIM 0624/KAB BANDUNG","BANDUNG","2006-09-03","O","168","57","110/70","Siap Latih","Stakes II (Baik)","TENSI II: 127/70 MMHG 60 X/MENIT; BEDAH BAWAH II: VARISES GRADE I; KULIT II: SCAR ACNE DI WAJAH; MATA II: VODS 6/9 S-0.50 6/6; LAB II: LEKOSIT 11.230","Aktif"
"72","3277010505050011","2026-SECABA-072","FARID ABDUL JABAR","SECABA","DIKMABA TA 2026","Siswa Bintara","Kompi A","Peleton 3","L","KODAM III/SLW - KODIM 0611/GARUT","GARUT","2005-06-05","O","172","71","130/80","Siap Latih","Stakes II (Baik)","TENSI II: 130/70 MMHG 83 X/MENIT","Aktif"
"73","3602040405080003","2026-SECABA-073","SATRIA HAKIM","SECABA","DIKMABA TA 2026","Siswa Bintara","Kompi A","Peleton 3","L","KODAM III/SLW - KODIM 0603/LEBAK","LEBAK","2008-05-07","O","175","64","110/80","Siap Latih","Stakes II (Baik)","TENSI II: 125/70 MMHG 66 X/MENIT; KULIT II: BM <10 CM; MATA II: VODS 6/9 S-0.50 6/6; LAB II: ASAM URAT 7.3 LDL 118; EKG II: NON SPESIFIK T INVERSI","Aktif"
"74","3205023011070003","2026-SECABA-074","FAHMI ARIF GUNAWAN","SECABA","DIKMABA TA 2026","Siswa Bintara","Kompi A","Peleton 3","L","KODAM III/SLW - KODIM 0611/GARUT","GARUT","2007-11-30","O","168","60","110/70","Berobat Jalan","Stakes III (Kurang/Dispen)","LAB III: ASAM URAT 7.7; TENSI II: 130/80 MMHG 69 X/MENIT; BEDAH BAWAH II: RIWAYAT OPS BURSITIS POPLITEA SINISTRA 2013, O BEEN 4 CM; KULIT II: AVR DI PUNGGUNG SCAR KAKI KIRI 2X10 CM; MATA II: VODS 6/9 S-0.50 6/6","Aktif"
"75","3204260512070001","2026-SECABA-075","ADIL SHAFWAN PRATAMA","SECABA","DIKMABA TA 2026","Siswa Bintara","Kompi A","Peleton 3","L","KODAM III/SLW - KODIM 0624/KAB BANDUNG","BANDUNG","2007-12-05","O","171","65","120/70","Berobat Jalan","Stakes III (Kurang/Dispen)","TENSI III: 137/73 MMHG 70 X/MENIT; BEDAH BAWAH II: VARISES GRADE I; MATA II: VOS 6/9 S-0.50 6/6; LAB II: HDL 40","Aktif"
"76","3604011512070002","2026-SECABA-076","ABID RIJAL AKROM","SECABA","DIKMABA TA 2026","Siswa Bintara","Kompi A","Peleton 3","L","KODAM III/SLW - KODIM 0602/SERANG","SERANG","2007-12-15","O","176","68","110/70","Berobat Jalan","Stakes III (Kurang/Dispen)","TENSI III: 135/65 MMHG 70 X/MENIT; BEDAH BAWAH III: VARISES GRADE II; KULIT II: BM <10CM; THORAX II: CORAKAN BRONCHOVASCULER BERLEBIH","Aktif"
"77","3602121108060008","2026-SECABA-077","MUHAMMAD AZMI RABBANI","SECABA","DIKMABA TA 2026","Siswa Bintara","Kompi A","Peleton 3","L","KODAM III/SLW - KODIM 0609/CIMAHI","CIMAHI","2006-08-11","O","172","62","120/80","Berobat Jalan","Stakes III (Kurang/Dispen)","LAB III: LEKOSIT 14.800; TENSI II: 120/73 MMHG 71 X/MENIT; THORAX II: CORAKAN BRONCHOVASCULER BERLEBIH","Aktif"
"78","3202300606060002","2026-SECABA-078","WISNU WIRA DARMA","SECABA","DIKMABA TA 2026","Siswa Bintara","Kompi A","Peleton 3","L","KODAM III/SLW - KODIM 0607/KOTA SUKABUMI","SUKABUMI","2006-06-06","O","174","65","110/70","Berobat Jalan","Stakes III (Kurang/Dispen)","LAB III: SGPT 48 ASAM URAT 7.9; TENSI II: 116/70 MMHG 90 X/MENIT; MATA II: VODS 6/9 S-0.50 6/6; EKG II: ICRBBB; THORAX II: CORAKAN BRONCHOVASCULER BERLEBIH","Aktif"
"79","5171013007070003","2026-SECABA-079","FAWWAZ AHNAF IBNU YESA","SECABA","DIKMABA TA 2026","Siswa Bintara","Kompi A","Peleton 3","L","KODAM III/SLW - KODIM 0620/KAB CIREBON","DENPASAR","2007-07-30","O","168","70","120/80","Berobat Jalan","Stakes III (Kurang/Dispen)","LAB III: TRIGLISERIDA 291; TENSI II: 130/82 MMHG 74 X/MENIT; GIGI II: 38 IMPAKSI; MATA II: VODS 6/9 S-0.50 6/6","Aktif"
"80","3209301909070001","2026-SECABA-080","KANDELA WYNDUA BAIKTIYO","SECABA","DIKMABA TA 2026","Siswa Bintara","Kompi A","Peleton 3","L","KODAM III/SLW - KODIM 0620/KAB CIREBON","CIREBON","2007-09-19","O","168","53","120/80","Berobat Jalan","Stakes III (Kurang/Dispen)","TENSI III: 139/70 MMHG 90 X/MENIT; IMT II: 18.53 BB -4.15 KG; BEDAH BAWAH II: VARISES GRADE I; KULIT II: HPI; LAB II: HDL 42; THORAX II: CORAKAN BRONCHOVASCULER BERLEBIH","Aktif"
"81","3273132010060002","2026-SECABA-081","MUHAMMAD HILMI MUTTAQIN","SECABA","DIKMABA TA 2026","Siswa Bintara","Kompi A","Peleton 3","L","KODAM III/SLW - KODIM 0618/KOTA BANDUNG","BANDUNG","2006-10-20","O","163","49","110/70","Berobat Jalan","Stakes III (Kurang/Dispen)","IMT III: 18.40 BB -4.27 KG; TENSI II: 130/76 MMHG 87 X/MENIT; LAB II: LEKOSIT 10.490 TROMBOSIT 415.000 ASAM URAT 7.4 LDL 122; EKG II: RAD","Aktif"
"82","3273162803070003","2026-SECABA-082","DITO WANGSIT SEJATI","SECABA","DIKMABA TA 2026","Siswa Bintara","Kompi A","Peleton 3","L","KODAM III/SLW - KODIM 0618/KOTA BANDUNG","BANDUNG","2007-02-28","O","177","62","120/80","Berobat Jalan","Stakes III (Kurang/Dispen)","TENSI III: 132/81 MMHG 65 X/MENIT; LAB III: SEDIMEN URINE LEKOSIT 5-10/LPB; IMT II: 19.81 BB -0.59 KG; EKG II: RAD","Aktif"
"83","1205040304060005","2026-SECABA-083","YOGA BINANTA TARIGAN","SECABA","DIKMABA TA 2026","Siswa Bintara","Kompi A","Peleton 3","L","KODAM III/SLW - KODIM 0624/KAB BANDUNG","MEDAN","2006-04-03","O","169","65","100/80","Berobat Jalan","Stakes III (Kurang/Dispen)","THT III: FISTULA PREAURIKULA AD; LAB III: ASAM URAT 7.9; TENSI II: 123/75 MMHG 70 X/MENIT; BEDAH II: POST OPS VARICOCELE SINISTRA 2022; BEDAH BAWAH II: VARISES GRADE I","Aktif"
"84","3211152710060009","2026-SECABA-084","DANDI DIAN SAPUTRA","SECABA","DIKMABA TA 2026","Siswa Bintara","Kompi A","Peleton 3","L","KODAM III/SLW - KODIM 0610/SUMEDANG","SUMEDANG","2006-10-27","O","166","57","100/70","Siap Latih","Stakes II (Baik)","BEDAH BAWAH II: VARISES GRADE I; KULIT II: AVR DI WAJAH; EKG II: ICRBBB","Aktif"
"85","3204261810080004","2026-SECABA-085","WISNU ALFARIZI","SECABA","DIKMABA TA 2026","Siswa Bintara","Kompi A","Peleton 3","L","KODAM III/SLW - KODIM 0605/SUBANG","BANDUNG","2008-10-18","O","172","60","110/80","Berobat Jalan","Stakes III (Kurang/Dispen)","BEDAH BAWAH III: VARISES GRADE II; LAB III: LEKOSIT 14.860 ASAM URAT 7.9; TENSI II: 115/76 MMHG 86 X/MENIT","Aktif"
"86","3211162610040001","2026-SECABA-086","GILANG PHASA WASIDI","SECABA","DIKMABA TA 2026","Siswa Bintara","Kompi A","Peleton 3","L","KODAM III/SLW - KODIM 0610/SUMEDANG","SUMEDANG","2004-09-20","O","174","67","100/70","Berobat Jalan","Stakes III (Kurang/Dispen)","BEDAH BAWAH III: VARISES GRADE II; TENSI II: 114/65 MMHG 73 X/MENIT; GIGI II: CROWDED ANT RA RINGAN; KULIT II: HPI; AVR DI WAJAH; LAB II: ASAM URAT 7.2 LDL 126; EKG II: SINUS ARITMIA","Aktif"
"87","3271041205070003","2026-SECABA-087","RAY GHANI KURNIA","SECABA","DIKMABA TA 2026","Siswa Bintara","Kompi A","Peleton 3","L","KODAM III/SLW - KODIM 0618/KOTA BANDUNG","BANDUNG","2007-05-12","O","174","80","120/80","Berobat Jalan","Stakes III (Kurang/Dispen)","LAB III: SGPT 42; IMT II: 26.33 BB +4.05 KG; TENSI II: 130/80 MMHG 70 X/MENIT; MATA II: VOS 6/9 S-0.50 6/6","Aktif"
"88","3604042806080003","2026-SECABA-088","RIDHO AULIA ALFARIZY","SECABA","DIKMABA TA 2026","Siswa Bintara","Kompi A","Peleton 3","L","KODAM III/SLW - KODIM 0602/SERANG","SERANG","2008-06-28","O","170","62","130/80","Berobat Jalan","Stakes III (Kurang/Dispen)","BEDAH III: PIGEON CHEST; TENSI II: 130/72 MMHG 94 X/MENIT; GIGI II: 38 IMPAKSI; KULIT II: STRIAE; MATA II: VODS 6/10 S-0.75 6/6","Aktif"
"89","3204261012070003","2026-SECABA-089","RENALDI YOSA PRATAMA","SECABA","DIKMABA TA 2026","Siswa Bintara","Kompi A","Peleton 3","L","KODAM III/SLW - KODIM 0624/KAB BANDUNG","BANDUNG","2007-12-10","O","174","69","120/80","Berobat Jalan","Stakes III (Kurang/Dispen)","LAB III: ASAM URAT 7.9; TENSI II: 129/71 MMHG 66 X/MENIT; BEDAH BAWAH II: VARISES GRADE I","Aktif"
"90","1302112109070001","2026-SECABA-090","ARSIL FIKAR RAMADHAN","SECABA","DIKMABA TA 2026","Siswa Bintara","Kompi A","Peleton 3","L","KODAM III/SLW - KODIM 0618/KOTA BANDUNG","SANINGBAKAR","2007-09-21","O","172","64","110/80","Berobat Jalan","Stakes III (Kurang/Dispen)","LAB III: ASAM URAT 7.7; TENSI II: 108/61 MMHG 54 X/MENIT","Aktif"
"91","3217080409080003","2026-SECABA-091","RADJA RAMADHAN LIPALDA","SECABA","DIKMABA TA 2026","Siswa Bintara","Kompi A","Peleton 3","L","KODAM III/SLW - KODIM 0609/CIMAHI","BANDUNG","2008-09-04","O","176","77","130/80","Berobat Jalan","Stakes III (Kurang/Dispen)","THT III: T2-T1; TENSI II: 122/77 MMHG 74 X/MENIT; KULIT II: HPI; LAB II: ASAM URAT 7.4 LDL 109; EKG II: RAD; THORAX II: CORAKAN BRONCHOVASCULER BERLEBIH","Aktif"
"92","3279011612070001","2026-SECABA-092","MUHAMMAD TYAGA FARREL AQIL SYAHPUTRA","SECABA","DIKMABA TA 2026","Siswa Bintara","Kompi A","Peleton 3","L","KODAM III/SLW - KODIM 0613/CIAMIS","BANJAR","2007-12-16","O","170","52","120/80","Berobat Jalan","Stakes III (Kurang/Dispen)","IMT III: 18.06 BB -5.60 KG; LAB III: LEKOSIT 12.080; EKG II: ICRBBB","Aktif"
"93","3210112008030061","2026-SECABA-093","AZHAR NUR AULIA PIZAH","SECABA","DIKMABA TA 2026","Siswa Bintara","Kompi A","Peleton 3","L","KODAM III/SLW - KODIM 0617/MAJALENGKA","MAJALENGKA","2003-08-20","O","173","58","120/80","Berobat Jalan","Stakes III (Kurang/Dispen)","BEDAH BAWAH III: VARISES GRADE II; IMT II: 19.40 BB -1.79 KG; TENSI II: 108/69 MMHG 60X/MENIT; LAB II: ASAM URAT 7.1 LDL 101","Aktif"
"94","3204351509060008","2026-SECABA-094","DAVID FATHIR REYMON","SECABA","DIKMABA TA 2026","Siswa Bintara","Kompi A","Peleton 3","L","KODAM III/SLW - KODIM 0624/KAB BANDUNG","BANDUNG","2006-09-15","O","174","72","100/70","Berobat Jalan","Stakes III (Kurang/Dispen)","LAB III: ASAM URAT 7.9; TENSI II: 107/65 MMHG 62 X/MENIT; KULIT II: NAEVUS 1X1 CM; SCAR HIPERTROFIK 1X5 CM; MATA II: VODS 6/9 S-0.50 6/6","Aktif"
"95","3210231801080001","2026-SECABA-095","GIAN ANUGRAH RAHADIAN","SECABA","DIKMABA TA 2026","Siswa Bintara","Kompi A","Peleton 3","L","KODAM III/SLW - KODIM 0617/MAJALENGKA","MAJALENGKA","2008-01-18","O","163","54","120/80","Berobat Jalan","Stakes III (Kurang/Dispen)","BEDAH BAWAH III: VARISES GRADE II; TENSI II: 123/78 MMHG 70 X/MENIT; KULIT II: AVR DI WAJAH; LAB II: LDL 100","Aktif"
"96","3210060703080041","2026-SECABA-096","JAKA LALANA SAPUTRA","SECABA","DIKMABA TA 2026","Siswa Bintara","Kompi A","Peleton 3","L","KODAM III/SLW - KODIM 0617/MAJALENGKA","MAJALENGKA","2008-03-07","O","168","57","110/60","Berobat Jalan","Stakes III (Kurang/Dispen)","THT III: FISTULA AD; KULIT II: BM <10 CM","Aktif"
"97","3204051405080002","2026-SECABA-097","MUHAMMAD ALKY ADITYA","SECABA","DIKMABA TA 2026","Siswa Bintara","Kompi A","Peleton 3","L","KODAM III/SLW - KODIM 0624/KAB BANDUNG","BANDUNG","2008-05-14","O","170","63","110/70","Berobat Jalan","Stakes III (Kurang/Dispen)","LAB III: ASAM URAT 7.9; TENSI II: 125/70 MMHG 63 X/MENIT; KULIT II: AVR DI PUNGGUNG","Aktif"
"98","3277010105090003","2026-SECABA-098","ADITYA YOGA PRATAMA","SECABA","DIKMABA TA 2026","Siswa Bintara","Kompi A","Peleton 3","L","KODAM III/SLW - KODIM 0609/CIMAHI","BANDUNG","2005-05-01","O","179","77","130/80","Berobat Jalan","Stakes III (Kurang/Dispen)","LAB III: ASAM URAT 7.9; TENSI II: 130/84 MMHG 92 X/MENIT; GIGI II: 38 48 IMPAKSI; BEDAH II: OPS VARICOCELE SINISTRA 2021; KULIT II: MULTIPLE SCAR HIPERTROPIK 1X2 CM, BM <10 CM","Aktif"
"99","3204320512060006","2026-SECABA-099","RIYAN","SECABA","DIKMABA TA 2026","Siswa Bintara","Kompi A","Peleton 3","L","KODAM III/SLW - KODIM 0624/KAB BANDUNG","BANDUNG","2006-04-10","O","168","72","120/80","Berobat Jalan","Stakes III (Kurang/Dispen)","TENSI III: 139/85 MMHG 68 X/MENIT; LAB III: ASAM URAT 7.6; IMT II: 25.54 BB +1.52 KG; BEDAH BAWAH II: VARISES GRADE I; KULIT II: HPI; EKG II: LAD","Aktif"
"100","3604040911070002","2026-SECABA-100","MUHAMMAD RICQO DWI NOFIYANTO","SECABA","DIKMABA TA 2026","Siswa Bintara","Kompi A","Peleton 3","L","KODAM III/SLW - KODIM 0602/SERANG","SERANG","2007-11-09","O","170","55","120/80","Berobat Jalan","Stakes III (Kurang/Dispen)","LAB III: ASAM URAT 7.8; IMT II: 19.12 BB -2.53 KG; TENSI II: 117/73 MMHG 82 X/MENIT; GIGI II: 48 IMPAKSI; KULIT II: AVR DI WAJAH; HPI; MATA II: VODS 6/9 S-0.50 6/6","Aktif"
"101","3273100511070003","2026-SECABA-101","NAUFAL NALENDRA NURRACHMAT","SECABA","DIKMABA TA 2026","Siswa Bintara","Kompi A","Peleton 3","L","KODAM III/SLW - KODIM 0618/KOTA BANDUNG","BANDUNG","2007-11-05","O","165","61","120/80","Berobat Jalan","Stakes III (Kurang/Dispen)","TENSI III: 139/77 MMHG 106 X/MENIT; USG III: KISTA GINJAL KIRI UKURAN 2.1 CM; BEDAH BAWAH II: VARISES GRADE I; LAB II: ASAM URAT 7.4 HDL 39","Aktif"
"102","3211222811070001","2026-SECABA-102","IKRAR MAHARDIKA NUSABAKTI","SECABA","DIKMABA TA 2026","Siswa Bintara","Kompi A","Peleton 3","L","KODAM III/SLW - KODIM 0610/SUMEDANG","SUMEDANG","2007-11-28","O","170","63","100/70","Siap Latih","Stakes II (Baik)","TENSI II: 125/80 MMHG 64 X/MENIT; KULIT II: NEBUS 0,5X0.5 CM","Aktif"
"103","3213100704080001","2026-SECABA-103","MOH RENDRA ROSAMANTA","SECABA","DIKMABA TA 2026","Siswa Bintara","Kompi A","Peleton 3","L","KODAM III/SLW - KODIM 0605/SUBANG","SUBANG","2008-04-07","O","169","68","120/80","Berobat Jalan","Stakes III (Kurang/Dispen)","LAB III: LEKOSIT 14.430; TENSI II: 104/67 MMHG 73 X/MENIT; KULIT II: AVR DI WAJAH; HPI; EKG II: ICRBBB","Aktif"
"104","3278061011070002","2026-SECABA-104","AZKA RIZKA MAULANA","SECABA","DIKMABA TA 2026","Siswa Bintara","Kompi A","Peleton 3","L","KODAM III/SLW - KODIM 0612/TASIKMALAYA","TASIKMALAYA","2007-11-10","O","167","53","130/80","Berobat Jalan","Stakes III (Kurang/Dispen)","TENSI III: TENSI 131/83 101 X/MENIT; IMT II: 18.80 BB -3.34 KG; GIGI II: CROWDED ANT RA RINGAN","Aktif"
"105","1220042505070003","2026-SECABA-105","AWAN ADITIA PRATAMA","SECABA","DIKMABA TA 2026","Siswa Bintara","Kompi A","Peleton 3","L","KODAM III/SLW - KODIM 0621/KAB BOGOR","GUNUNG TUA","2007-05-25","O","164","59","110/70","Berobat Jalan","Stakes III (Kurang/Dispen)","USG III: CHOLELITHIASIS UKURAN 0,2 CM; TENSI II: 109/60 MMHG 87 X/MENIT; GIGI II: 38 IMPAKSI; KULIT II: AVR DI WAJAH; LAB II: LEKOSIT 10.290","Aktif"
"106","3203110209090003","2026-SECABA-106","RIAN RAMADHAN","SECABA","DIKMABA TA 2026","Siswa Bintara","Kompi A","Peleton 4","L","KODAM III/SLW - KODIM 0608/CIANJUR","CIANJUR","2007-09-02","O","173","55","120/80","Berobat Jalan","Stakes III (Kurang/Dispen)","IMT III: 18.32 BB -5.01 KG; GIGI III: GINGIVITIS RB 36 CARIES MEDIA; TENSI II: 116/71 MMHG 84 X/MENIT; MATA II: VOS 6/9 S-0.50 6/6","Aktif"
"107","3211142212070001","2026-SECABA-107","DIMAS DWI NURSEPTA","SECABA","DIKMABA TA 2026","Siswa Bintara","Kompi A","Peleton 4","L","KODAM III/SLW - KODIM 0610/SUMEDANG","SUMEDANG","2007-12-22","O","165","55","100/70","Berobat Jalan","Stakes III (Kurang/Dispen)","BEDAH BAWAH III: VARISES GRADE II; LAB III: CREATININ 1.5; TENSI II: 121/70 MMHG 90 X/MENIT; KULIT II: AVR DI WAJAH; EKG II: RAD","Aktif"
"108","3202160306050004","2026-SECABA-108","DENA MAULANA SAPUTRA","SECABA","DIKMABA TA 2026","Siswa Bintara","Kompi A","Peleton 4","L","KODAM III/SLW - KODIM 0607/KOTA SUKABUMI","SUKABUMI","2005-06-03","O","173","58","130/80","Berobat Jalan","Stakes III (Kurang/Dispen)","TENSI III: 138/84 MMHG 74 X/MENIT; BEDAH BAWAH III: VARISES GRADE II; SYARAF III: MODERATE TREMOR; IMT II: 19.29 BB -2.14 KG; MATA II: VOD 6/9 S-0.50 6/6; LAB II: HDL 41","Aktif"
"109","3274011502080002","2026-SECABA-109","MUHAMMAD ZIDAN RAIS","SECABA","DIKMABA TA 2026","Siswa Bintara","Kompi A","Peleton 4","L","KODAM III/SLW - KODIM 0614/KOTA CIREBON","CIREBON","2008-02-15","O","175","64","120/80","Berobat Jalan","Stakes III (Kurang/Dispen)","LAB III: ASAM URAT 7.6; TENSI II: 118/69 MMHG 61 X/MENIT; GIGI II: 38 48 IMPAKSI; KULIT II: KELOID 1X1 CM; EKG II: RAD","Aktif"
"110","3203081403060002","2026-SECABA-110","BIMA KHALIFATULLAH","SECABA","DIKMABA TA 2026","Siswa Bintara","Kompi A","Peleton 4","L","KODAM III/SLW - KODIM 0608/CIANJUR","CIANJUR","2008-03-14","O","169","55","120/80","Berobat Jalan","Stakes III (Kurang/Dispen)","LAB III: SGOT 37; IMT II: 19.26 BB -2.12 KG; TENSI II: 123/70 MMHG 80 X/MENIT; BEDAH BAWAH II: VARISES GRADE I; KULIT II: AVR DI WAJAH","Aktif"
"111","3207220312070002","2026-SECABA-111","ZASSKIA TRIADIN","SECABA","DIKMABA TA 2026","Siswa Bintara","Kompi A","Peleton 4","L","KODAM III/SLW - KODIM 0625/PANGANDARAN","CIAMIS","2007-12-03","O","172","65","100/70","Berobat Jalan","Stakes III (Kurang/Dispen)","GIGI III: 38 FOOD IMPAKSI; TENSI II: 121/70 MMHG 68 X/MENIT; LAB II: HDL 36; EKG II: ICRBBB","Aktif"
"112","3202011201080004","2026-SECABA-112","ANDRIANSAH SATRIA DININGRAT","SECABA","DIKMABA TA 2026","Siswa Bintara","Kompi A","Peleton 4","L","KODAM III/SLW - KODIM 0622/KAB SUKABUMI","SUKABUMI","2008-01-12","O","169","57","120/80","Siap Latih","Stakes II (Baik)","IMT II: 19.71 BB -0.82 KG; TENSI II: 130/81 MMHG 98 X/MENIT; KULIT II: VULNUS EKSKORIASI 0,5 X 1 CM; LAB II: ASAM URAT 7.2","Aktif"
"113","3217021610070002","2026-SECABA-113","MUHAMMAD AFRIZAL SYACHRIANTO PRABOWO","SECABA","DIKMABA TA 2026","Siswa Bintara","Kompi A","Peleton 4","L","KODAM III/SLW - KODIM 0609/CIMAHI","CIMAHI","2007-10-16","O","174","63","120/80","Berobat Jalan","Stakes III (Kurang/Dispen)","LAB III: SGOT 42; TENSI II: 127/78 MMHG 87 X/MENIT","Aktif"
"114","3209202007070004","2026-SECABA-114","RIZIQ NUR MAULANA","SECABA","DIKMABA TA 2026","Siswa Bintara","Kompi A","Peleton 4","L","KODAM III/SLW - KODIM 0620/KAB CIREBON","CIREBON","2007-07-20","O","170","58","110/80","Berobat Jalan","Stakes III (Kurang/Dispen)","TENSI III: 136/75 MMHG 69 X/MENIT; KULIT II: BM <10 CM, AVR DI PUNGGUNG SCAR 7 CM; MATA II: VOS 6/9 S-0.50 6/6; LAB II: TRIGLISERIDA 174 LDL 127 HDL 37; EKG II: RAD","Aktif"
"115","3204342506050004","2026-SECABA-115","RIFKI EKA SETIAWAN","SECABA","DIKMABA TA 2026","Siswa Bintara","Kompi A","Peleton 4","L","KODAM III/SLW - KODIM 0624/KAB BANDUNG","BANDUNG","2005-06-25","O","171","61","120/80","Berobat Jalan","Stakes III (Kurang/Dispen)","TENSI III: 133/83 MMHG 80 X/MENIT; LAB III: SEDIMEN URINE ERITROSIT 3-5/LPB; BEDAH BAWAH II: VARISES GRADE I","Aktif"
"116","3279031204080001","2026-SECABA-116","MICHAEL ALEXANDER WALDIRUN PARDOSI","SECABA","DIKMABA TA 2026","Siswa Bintara","Kompi A","Peleton 4","L","KODAM III/SLW - KODIM 0612/TASIKMALAYA","TANGERANG","2008-04-12","O","175","70","130/80","Berobat Jalan","Stakes III (Kurang/Dispen)","TENSI III: 138/77 MMHG 92 X/MENIT; KULIT II: AVR DI PUNGGUNG; MATA II: VOS 6/9 S-0.50 6/6; LAB II: ASAM URAT 7.5","Aktif"
"117","3273130912070003","2026-SECABA-117","DIDANSYAH HABIBILLAH","SECABA","DIKMABA TA 2026","Siswa Bintara","Kompi A","Peleton 4","L","KODAM III/SLW - KODIM 0618/KOTA BANDUNG","BANDUNG","2007-12-09","O","178","80","110/70","Berobat Jalan","Stakes III (Kurang/Dispen)","LAB III: LEKOSIT 13.320; IMT II: 25.22 BB +0.70 KG; BEDAH BAWAH II: VARISES GRADE I; EKG II: RAD","Aktif"
"118","3276081308070002","2026-SECABA-118","RASYA RAIHAN ANANDA PUTRA","SECABA","DIKMABA TA 2026","Siswa Bintara","Kompi A","Peleton 4","L","KODAM III/SLW - KODIM 0609/CIMAHI","KUDUS","2007-08-13","O","172","80","130/80","Berobat Jalan","Stakes III (Kurang/Dispen)","IMT III: 27.14 BB +6.30 KG; LAB III: ASAM URAT 7.6; TENSI II: 123/70 MMHG 60 X/MENIT","Aktif"
"119","3217050407050001","2026-SECABA-119","SATRIA YUDHA WITARSA","SECABA","DIKMABA TA 2026","Siswa Bintara","Kompi A","Peleton 4","L","KODAM III/SLW - KODIM 0609/CIMAHI","BANDUNG","2005-07-04","O","173","68","130/80","Berobat Jalan","Stakes III (Kurang/Dispen)","TENSI III: 139/89 MMHG 98 X/MENIT; LAB III: SGPT 68; KULIT II: AVR DI WAJAH; PV DI PUNGGUNG","Aktif"
"120","3213082602080001","2026-SECABA-120","MUHAMMAD PANDU ANTARIKSA","SECABA","DIKMABA TA 2026","Siswa Bintara","Kompi A","Peleton 4","L","KODAM III/SLW - KODIM 0605/SUBANG","SUBANG","2008-02-26","O","169","68","110/70","Berobat Jalan","Stakes III (Kurang/Dispen)","LAB III: ASAM URAT 7.8; TENSI II: 113/67 MMHG 71 X/MENIT; GIGI II: 38 48 IMPAKSI; MATA II: VODS 6/9 S-0.50 6/6; SYARAF II: TREMOR MILD","Aktif"
"121","3316040405080001","2026-SECABA-121","SATRYO TURIHAN WICAKSONO","SECABA","DIKMABA TA 2026","Siswa Bintara","Kompi A","Peleton 4","L","KODAM III/SLW - KODIM 0624/KAB BANDUNG","BLORA","2008-05-04","O","176","63","120/80","Berobat Jalan","Stakes III (Kurang/Dispen)","BEDAH BAWAH III: VARISES GRADE II; O BEEN 5 CM; TENSI II: 110/70 MMHG 84 X/MENIT; KULIT II: AVR DI PUNGGUNG; MATA II: VOD 6/9 S-0.50 6/6 VOS 6/10 S-0.75 6/6; THORAX II: CORAKAN BRONCHOVASCULER BERLEBIH","Aktif"
"122","3204161206050004","2026-SECABA-122","MUHAMAD DZIKRI A","SECABA","DIKMABA TA 2026","Siswa Bintara","Kompi A","Peleton 4","L","KODAM III/SLW - KODIM 0624/KAB BANDUNG","BANDUNG","2005-06-12","O","167","71","130/80","Berobat Jalan","Stakes III (Kurang/Dispen)","LAB III: ASAM URAT 7.9; IMT II: 25.43 BB +1.19 KG; TENSI II: 120/80 MMHG 66 X/MENIT; KULIT II: PV DI PUNGGUNG","Aktif"
"123","3205022106070002","2026-SECABA-123","NIRWAN JAMAL MUSTOFA","SECABA","DIKMABA TA 2026","Siswa Bintara","Kompi A","Peleton 4","L","KODAM III/SLW - KODIM 0611/GARUT","GARUT","2007-06-21","O","175","68","120/80","Berobat Jalan","Stakes III (Kurang/Dispen)","THT III: SEPTUM DEVIASI RINGAN; TENSI II: 124/74 MMHG 70 X/MENIT","Aktif"
"124","3204321808070004","2026-SECABA-124","FIRENO EZA FIRDAUS","SECABA","DIKMABA TA 2026","Siswa Bintara","Kompi A","Peleton 4","L","KODAM III/SLW - KODIM 0624/KAB BANDUNG","CIMAHI","2007-08-18","O","180","71","130/80","Berobat Jalan","Stakes III (Kurang/Dispen)","TENSI III: 139/75 MMHG 107 X/MENIT; MATA III: VODS 6/12 S-1.00 6/6; SYARAF III: MODERATE TREMOR; GIGI II: 31 41 DIASTEM; LAB II: LDL 106 HDL 41","Aktif"
"125","1202120411060001","2026-SECABA-125","RADINAL SIMANJUNTAK","SECABA","DIKMABA TA 2026","Siswa Bintara","Kompi A","Peleton 4","L","KODAM III/SLW - KODIM 0617/MAJALENGKA","HUTAMAMUNGKA","2006-11-04","O","164","55","120/80","Berobat Jalan","Stakes III (Kurang/Dispen)","TENSI III: 133/77 MMHG 61 X/MENIT; USG III: CHOLELITHIASIS GALLBLADDER UKURAN 0,44 CM; KULIT II: HIPERHIDROSIS RINGAN; SCAR HIDUNG","Aktif"
"126","3213031603070001","2026-SECABA-126","ADITIA KHAIRUL ADLAN","SECABA","DIKMABA TA 2026","Siswa Bintara","Kompi A","Peleton 4","L","KODAM III/SLW - KODIM 0605/SUBANG","SUBANG","2007-03-16","O","167","56","130/80","Siap Latih","Stakes II (Baik)","TENSI II: 130/80 MMHG 70 X/MENIT; BEDAH BAWAH II: VARISES GRADE I; LAB II: LEKOSIT 10.010 HDL 42; EKG II: ICRBBB","Aktif"
"127","1803111809080001","2026-SECABA-127","FIKI DARIUS SEPTADA","SECABA","DIKMABA TA 2026","Siswa Bintara","Kompi A","Peleton 4","L","KODAM III/SLW - KODIM 0624/KAB BANDUNG","PEKURUN","2008-09-18","O","165","55","120/80","Siap Latih","Stakes II (Baik)","TENSI II: 125/68 MMHG 63 X/MENIT; BEDAH BAWAH II: VARISES GRADE I; KULIT II: AVR DI WAJAH DAN PUNGGUNG; LAB II: LEKOSIT 11.320","Aktif"
"128","1225020208080001","2026-SECABA-128","ALFREDO PUTRA REFI DAELI","SECABA","DIKMABA TA 2026","Siswa Bintara","Kompi A","Peleton 4","L","KODAM III/SLW - KODIM 0609/CIMAHI","GUNUNGSITOLI","2008-08-02","O","163","61","130/80","Berobat Jalan","Stakes III (Kurang/Dispen)","SYARAF III: MODERETE TREMOR; LAB III: SGPT 46; TENSI II: 127/70 MMHG  90 X/MENIT","Aktif"
"129","3209331112040001","2026-SECABA-129","AHMAD SYIFA","SECABA","DIKMABA TA 2026","Siswa Bintara","Kompi A","Peleton 4","L","KODAM III/SLW - KODIM 0620/KAB CIREBON","CIREBON","2004-12-11","O","183","75","120/80","Berobat Jalan","Stakes III (Kurang/Dispen)","LAB III: SGOT 36; TENSI II: 125/71 MMHG 65 X/MENIT; KULIT II: HPI","Aktif"
"130","3208020103080002","2026-SECABA-130","MUHAMMAD NAFIS SAMUDRA","SECABA","DIKMABA TA 2026","Siswa Bintara","Kompi A","Peleton 4","L","KODAM III/SLW - KODIM 0615/KUNINGAN","KUNINGAN","2008-03-01","O","165","54","110/70","Siap Latih","Stakes II (Baik)","IMT II: 19.81 BB -0.52 KG; TENSI II: 125/68 MMHG 66 X/MENIT; GIGI II: 48 IMPAKSI; KULIT II: STRIAE; AVR DI PUNGGUNG; EKG II: ICRBBB","Aktif"
"131","3277023107070009","2026-SECABA-131","NICO MANGIHUT SLAMAT SINABUTAR","SECABA","DIKMABA TA 2026","Siswa Bintara","Kompi A","Peleton 4","L","KODAM III/SLW - KODIM 0609/CIMAHI","CIMAHI","2007-07-31","O","165","58","120/80","Siap Latih","Stakes II (Baik)","TENSI II: 122/67 MMHG 60 X/MENIT; BEDAH BAWAH II: VARISES GRADE I","Aktif"
"132","3205381104070002","2026-SECABA-132","IRWAN MAULANA","SECABA","DIKMABA TA 2026","Siswa Bintara","Kompi A","Peleton 4","L","KODAM III/SLW - KODIM 0611/GARUT","GARUT","2007-04-11","O","167","62","130/80","Berobat Jalan","Stakes III (Kurang/Dispen)","LAB III: SGOT 36 SGPT 57; TENSI II: 130/80 MMHG 76 X/MENIT","Aktif"
"133","3203280610070006","2026-SECABA-133","FAISAL ADITIA","SECABA","DIKMABA TA 2026","Siswa Bintara","Kompi A","Peleton 4","L","KODAM III/SLW - KODIM 0608/CIANJUR","CIANJUR","2007-10-06","O","163","63","120/80","Berobat Jalan","Stakes III (Kurang/Dispen)","LAB III: TRIGLISERIDA 294; TENSI II: 130/71 MMHG 85 X/MENIT; BEDAH BAWAH II: VARISES GRADE I; KULIT II: BM <10 CM; MATA II: VODS 6/9 S-0.50 6/6","Aktif"
"134","1277020504050007","2026-SECABA-134","AHMAD HASRI RAFLI NASUTION","SECABA","DIKMABA TA 2026","Siswa Bintara","Kompi A","Peleton 4","L","KODAM III/SLW - KODIM 0609/CIMAHI","PADANGSIDIMPUAN","2005-05-04","O","171","64","130/80","Berobat Jalan","Stakes III (Kurang/Dispen)","TENSI III: 132/73 MMHG 64 X/MENIT; KULIT II: SCAR DI KEPALA 1X1 CM","Aktif"
"135","3601230905070002","2026-SECABA-135","FALAZ FIRZATULLAH","SECABA","DIKMABA TA 2026","Siswa Bintara","Kompi A","Peleton 4","L","KODAM III/SLW - KODIM 0601/PANDEGLANG","PANDEGLANG","2007-05-09","O","171","66","100/70","Siap Latih","Stakes II (Baik)","TENSI II: 121/70 MMHG 69 X/MENIT; BEDAH BAWAH II: VARISES GRADE I; KULIT II: NEVUS 1X1 CM; TINEA CRURIS; LAB II: LEKOSIT 10.820","Aktif"
"136","3671020108080003","2026-SECABA-136","MUHAMMAD ADITYA RAHMAN","SECABA","DIKMABA TA 2026","Siswa Bintara","Kompi A","Peleton 4","L","KODAM III/SLW - KODIM 0602/SERANG","TANGERANG","2008-08-01","O","170","65","120/80","Berobat Jalan","Stakes III (Kurang/Dispen)","LAB III: LEKOSIT 14.630; TENSI II: 114/66 MMHG 80 X/MENIT","Aktif"
"137","3215052105070005","2026-SECABA-137","MUHAMMAD RAMDHAN WIRDHANI","SECABA","DIKMABA TA 2026","Siswa Bintara","Kompi A","Peleton 4","L","KODAM III/SLW - KODIM 0604/KARAWANG","KARAWANG","2007-05-21","O","172","64","130/80","Berobat Jalan","Stakes III (Kurang/Dispen)","SYARAF III: MODERETE TREMOR; TENSI II: 130/74 MMHG 98 X/MENIT; MATA II: VODS 6/9 S-0.50 6/6; LAB II: LDL 116 HDL 36","Aktif"
"138","3204112306850002","2026-SECABA-138","FIKRI DAFA ALFAZRI","SECABA","DIKMABA TA 2026","Siswa Bintara","Kompi A","Peleton 4","L","KODAM III/SLW - KODIM 0624/KAB BANDUNG","BANDUNG","2007-01-17","O","180","72","120/80","Siap Latih","Stakes II (Baik)","LAB II: ASAM URAT 7.5; EKG II: ICRBBB","Aktif"
"139","1202091910070002","2026-SECABA-139","EVRYANTO PANJAITAN","SECABA","DIKMABA TA 2026","Siswa Bintara","Kompi A","Peleton 4","L","KODAM III/SLW - KODIM 0618/KOTA BANDUNG","LUMBAN MATIO","2007-10-19","O","167","56","110/70","Siap Latih","Stakes II (Baik)","TENSI II: 120/80 MMHG 70 X/MENIT; KULIT II: SCAR ACNE; HPI; LAB II: LDL 113 HDL 43","Aktif"
"140","3273041908050002","2026-SECABA-140","JIORGIS GHEOFANI ROHMAT","SECABA","DIKMABA TA 2026","Siswa Bintara","Kompi A","Peleton 4","L","KODAM III/SLW - KODIM 0624/KAB BANDUNG","BANDUNG","2005-08-19","O","172","69","100/70","Berobat Jalan","Stakes III (Kurang/Dispen)","TENSI III: 133/70 MMHG 85 X/MENIT; LAB III: CREATININ 1.4; BEDAH BAWAH II: VARISES GRADE I","Aktif"
"141","3273251412060001","2026-SECABA-141","MUHAMMAD GALANG FAIZZUL FIKRI","SECABA","DIKMABA TA 2026","Siswa Bintara","Kompi B","Peleton 1","L","KODAM III/SLW - KODIM 0618/KOTA BANDUNG","BANDUNG","2006-12-14","O","171","70","120/70","Siap Latih","Stakes II (Baik)","GIGI II: 48 IMPAKSI; LAB II: ASAM URAT 7.4 LDL 111","Aktif"
"142","3213122005070003","2026-SECABA-142","AHMAD RIZAL ZAZULI","SECABA","DIKMABA TA 2026","Siswa Bintara","Kompi B","Peleton 1","L","KODAM III/SLW - KODIM 0605/SUBANG","SUBANG","2007-05-20","O","168","50","120/80","Berobat Jalan","Stakes III (Kurang/Dispen)","IMT III: 17.76 BB -6.31 KG; TENSI II: 126/68 MMHG 67 X/MENIT; GIGI II: 11 21 DIASTEM; BEDAH BAWAH II: VARISES GRADE I; KULIT II: HIPERHIDROSIS RINGAN","Aktif"
"143","3217100106070002","2026-SECABA-143","DAVA ADITYA RIDWANSYAH","SECABA","DIKMABA TA 2026","Siswa Bintara","Kompi B","Peleton 1","L","KODAM III/SLW - KODIM 0609/CIMAHI","BANDUNG","2007-06-01","O","186","78","130/80","Berobat Jalan","Stakes III (Kurang/Dispen)","SYARAF III: MODERET TREMOR; TENSI II: 125/78 MMHG 74 X/MENIT; GIGI II: DEEP BITE CINGULUM CROWDED ANT RB RINGAN 38 IMPAKSI; MATA II: VODS 6/9 S-0.50 6/6; LAB II: LEKOSIT 10.750 LDL 100","Aktif"
"144","3502141908070001","2026-SECABA-144","RIDWAN SYAH PUTRA","SECABA","DIKMABA TA 2026","Siswa Bintara","Kompi B","Peleton 1","L","KODAM III/SLW - KODIM 0624/KAB BANDUNG","MADIUN","2007-08-19","O","171","65","120/80","Berobat Jalan","Stakes III (Kurang/Dispen)","MATA III: BLEPHARITIS OD; TENSI II: 125/69 MMHG 67 X/MENIT; GIGI II: 48 IMPAKSI CROWDED ANT RB RINGAN; LAB II: HDL 42","Aktif"
"145","3217070309080004","2026-SECABA-145","SAESTU ROMADHON","SECABA","DIKMABA TA 2026","Siswa Bintara","Kompi B","Peleton 1","L","KODAM III/SLW - KODIM 0609/CIMAHI","BANDUNG BARAT","2008-09-03","O","167","58","130/80","Berobat Jalan","Stakes III (Kurang/Dispen)","TENSI III: 139/81 MMHG 103 X/MENIT; SYARAF III: MODERATE TREMOR; BEDAH BAWAH II: VARISES GRADE I; EKG II: T INVERSI NON SPESIFIK","Aktif"
"146","1608171406070001","2026-SECABA-146","NANDA CHRISTIAN","SECABA","DIKMABA TA 2026","Siswa Bintara","Kompi B","Peleton 1","L","KODAM III/SLW - KODIM 0624/KAB BANDUNG","KAMPUNG SAWAH","2007-06-14","O","169","65","120/80","Siap Latih","Stakes II (Baik)","TENSI II: 115/70 MMHG 80 X/MENIT; GIGI II: 38 IMPAKSI; LAB II: LEKOSIT 11.500 HDL 42","Aktif"
"147","3204272310050001","2026-SECABA-147","FARHAN NURPADILAH","SECABA","DIKMABA TA 2026","Siswa Bintara","Kompi B","Peleton 1","L","KODAM III/SLW - KODIM 0624/KAB BANDUNG","BANDUNG","2005-10-23","O","167","60","135/80","Berobat Jalan","Stakes III (Kurang/Dispen)","TENSI III: 139/84 MMHG 75 X/MENIT; KULIT II: SCAR DI DADA 1 X 2 CM; BM <10 CM","Aktif"
"148","3273251607080001","2026-SECABA-148","ANDHIKA PANDU ADJI ANDARWANTO","SECABA","DIKMABA TA 2026","Siswa Bintara","Kompi B","Peleton 1","L","KODAM III/SLW - KODIM 0618/KOTA BANDUNG","CILACAP","2008-07-16","O","173","52","110/70","Berobat Jalan","Stakes III (Kurang/Dispen)","IMT III: 17.48 BB -7.51 KG; TENSI II: 124/65 MMHG 61 X/MENIT; KULIT II: AVR DI WAJAH; MATA II: VODS 6/9 S-0.50 6/6; LAB II: ASAM URAT 7.3 LDL 100; EKG II: RAD","Aktif"
"149","3201021110050011","2026-SECABA-149","MUHAMMAD NAZRIL IRHAM RAMADHAN","SECABA","DIKMABA TA 2026","Siswa Bintara","Kompi B","Peleton 1","L","KODAM III/SLW - KODIM 0621/KAB BOGOR","BOGOR","2005-10-11","O","172","70","130/80","Berobat Jalan","Stakes III (Kurang/Dispen)","LAB III: LEKOSIT 13.920; TENSI II: 126/70 MMHG 85 X/MENIT; KULIT II: AVR DI BADAN, KELOID <10 CM 1X1 CM, STRIAE, HPI DI PUNGGUNG","Aktif"
"150","1804051610060003","2026-SECABA-150","YONKI SAPUTRA","SECABA","DIKMABA TA 2026","Siswa Bintara","Kompi B","Peleton 1","L","KODAM III/SLW - KODIM 0609/CIMAHI","SUMBERJAYA","2006-10-16","O","172","65","120/70","Siap Latih","Stakes II (Baik)","TENSI II: 127/74 MMHG 63 X/MENIT; KULIT II: AVR DI WAJAH; LAB II: TRIGLISERIDA 175; EKG II: LAD","Aktif"
"151","3205043108070007","2026-SECABA-151","FAKHRI ZAENAL AULIA NURYANA","SECABA","DIKMABA TA 2026","Siswa Bintara","Kompi B","Peleton 1","L","KODAM III/SLW - KODIM 0611/GARUT","GARUT","2007-08-31","O","170","58","110/70","Berobat Jalan","Stakes III (Kurang/Dispen)","LAB III: ASAM URAT 7.8; IMT II: 19.90 BB -0.30 KG; TENSI II: 122/74 MMHG 88 X/MENIT; BEDAH BAWAH II: VARISES GARDE I; KULIT II: VBM <10 CM; MATA II: VODS 6/10 S-0.75 6/6","Aktif"
"152","3217062909070003","2026-SECABA-152","AZMI FAUZAN","SECABA","DIKMABA TA 2026","Siswa Bintara","Kompi B","Peleton 1","L","KODAM III/SLW - KODIM 0609/CIMAHI","BANDUNG","2007-09-29","O","176","65","110/80","Siap Latih","Stakes II (Baik)","KULIT II: AVR DU WAJAH; HPI; MATA II: VODS 6/9 S-0.50 6/6; LAB II: HEMOGLOBIN 12.1; THORAX II: CORAKAN BRONCHOVASCULER BERLEBIH","Aktif"
"153","3204271208060005","2026-SECABA-153","RIDWAN SULAEMAN HAKIM","SECABA","DIKMABA TA 2026","Siswa Bintara","Kompi B","Peleton 1","L","KODAM III/SLW - KODIM 0624/KAB BANDUNG","BANDUNG","2006-08-12","O","172","69","120/80","Berobat Jalan","Stakes III (Kurang/Dispen)","LAB III: ASAM URAT 7.9; TENSI II: 123/70 MMHG 68 X/MENIT; GIGI II: 35 36 45 46 BRIDGE; KULIT II: AVR DI WAJAH, BM <10 CM","Aktif"
"154","3213172408050001","2026-SECABA-154","AGUSTIAN PERMANA","SECABA","DIKMABA TA 2026","Siswa Bintara","Kompi B","Peleton 1","L","KODAM III/SLW - KODIM 0605/SUBANG","MAJALENGKA","2005-08-24","O","176","60","110/70","Berobat Jalan","Stakes III (Kurang/Dispen)","BEDAH BAWAH III: VARISES GRADE II; O BEEN 5 CM; IMT II: 19.35 BB -2.02 KG; TENSI II: 106/64 MMHG 63 X/MENIT; KULIT II: PV DI PUNGGUNG; LAB II: LDL 111","Aktif"
"155","3213211604070001","2026-SECABA-155","RAIHAN HARIS SUJANA","SECABA","DIKMABA TA 2026","Siswa Bintara","Kompi B","Peleton 1","L","KODAM III/SLW - KODIM 0605/SUBANG","SUBANG","2007-04-16","O","167","68","130/90","Berobat Jalan","Stakes III (Kurang/Dispen)","TENSI III: 139/73 MMHG 77 X/MENIT; MATA III: VOD 6/18 S-1.25 6/6 VOS 6/9 S-0.50 6/6; LAB II: LDL 142","Aktif"
"156","3205021207070003","2026-SECABA-156","ALFAN ARIF JULIANSYAH","SECABA","DIKMABA TA 2026","Siswa Bintara","Kompi B","Peleton 1","L","KODAM III/SLW - KODIM 0624/KAB BANDUNG","GARUT","2007-07-12","O","166","57","130/80","Berobat Jalan","Stakes III (Kurang/Dispen)","THT III: T1-T2; TENSI II: 124/78 MMHG 60 X/MENIT; BEDAH BAWAH II: VARISES GARDE I; KULIT II: AVR DI WAJAH DAN PUNGGUNG; MATA II: VODS 6/9 S-0.50 6/6; LAB II: LDL 104","Aktif"
"157","3217083009080006","2026-SECABA-157","SHIDDIQ PERMANA RAMADHAN","SECABA","DIKMABA TA 2026","Siswa Bintara","Kompi B","Peleton 1","L","KODAM III/SLW - KODIM 0609/CIMAHI","BANDUNG","2008-09-30","O","182","70","120/70","Siap Latih","Stakes II (Baik)","TENSI II: 125/70 MMHG 68 X/MENIT; GIGI II: 48 IMPAKSI; BEDAH BAWAH II: VARISES GRADE I; KULIT II: BM <10 CM, MULTIPLE SCAR HIPERTROPIK","Aktif"
"158","3205062203070006","2026-SECABA-158","BIMA ALRAHMANSYAH","SECABA","DIKMABA TA 2026","Siswa Bintara","Kompi B","Peleton 1","L","KODAM III/SLW - KODIM 0611/GARUT","GARUT","2007-03-22","O","164","65","130/80","Berobat Jalan","Stakes III (Kurang/Dispen)","TENSI III: 139/89 MMHG 97 X/MENIT; THT III: T1-T2; GIGI II: 48 IMPAKSI 47 CARIES MEDIA; KULIT II: HPI DI KAKI KANAN; SCAR DI WAJAH <5 CM; LAB II: LDL 108","Aktif"
"159","3272031612050001","2026-SECABA-159","MUHAMAD RAFLI ALFARIZI","SECABA","DIKMABA TA 2026","Siswa Bintara","Kompi B","Peleton 1","L","KODAM III/SLW - KODIM 0607/KOTA SUKABUMI","SUKABUMI","2005-12-16","O","177","69","110/70","Berobat Jalan","Stakes III (Kurang/Dispen)","TENSI III: 131/78 MMHG 60 X/MENIT; LAB III: CREATININ 1.4; KULIT II: STRIAE; THORAX II: CORAKAN BRONCHOVASCULER BERLEBIH","Aktif"
"160","3204291404080004","2026-SECABA-160","YOGA ALPIANSYAH","SECABA","DIKMABA TA 2026","Siswa Bintara","Kompi B","Peleton 1","L","KODAM III/SLW - KODIM 0624/KAB BANDUNG","BANDUNG","2008-04-15","O","173","69","130/80","Berobat Jalan","Stakes III (Kurang/Dispen)","TENSI III: 139/72 MMHG 75 X/MENIT; BEDAH II: HEMOROID EKSTERNA NON SIRKULER; BEDAH BAWAH II: VARISES GRADE I; LAB II: ASAM URAT 7.3 LDL 131 HDL 44","Aktif"
"161","3604012811070003","2026-SECABA-161","ABIDDHIA ALFAIZ","SECABA","DIKMABA TA 2026","Siswa Bintara","Kompi B","Peleton 1","L","KODAM III/SLW - KODIM 0602/SERANG","SERANG","2007-11-28","O","170","60","120/70","Berobat Jalan","Stakes III (Kurang/Dispen)","TENSI III: 138/81 MMHG 92 X/MENIT; GIGI II: CROWDED ANT RB RA RINGAN; MATA II: VOD 6/9 S-0.50 6/6; LAB II: LDL 113","Aktif"
"162","3209142904080004","2026-SECABA-162","AHMAD LUTFI FATULLAH","SECABA","DIKMABA TA 2026","Siswa Bintara","Kompi B","Peleton 1","L","KODAM III/SLW - KODIM 0620/KAB CIREBON","CIREBON","2008-04-29","O","168","59","110/70","Berobat Jalan","Stakes III (Kurang/Dispen)","TENSI III: 138/70 MMHG 75 X/MENIT; LAB III: SEDIMEN URINE ERITROSIT 3-5/LPB; BEDAH II: OPERASI HERNIA DEXTRA 2018; KULIT II: HPI","Aktif"
"163","3217070204070009","2026-SECABA-163","ARDIAN APRIANDANA","SECABA","DIKMABA TA 2026","Siswa Bintara","Kompi B","Peleton 1","L","KODAM III/SLW - KODIM 0609/CIMAHI","BANDUNG","2007-04-02","O","168","60","120/80","Berobat Jalan","Stakes III (Kurang/Dispen)","LAB III: LEKOSIT ESTERASE 1+ SEDIMEN URINE LEKOSIT 8-10/LPB; MATA II: VODS 6/9 S-0.50 6/6; THORAX II: CORAKAN BRONCHOVASCULER BERLEBIH","Aktif"
"164","3604113007050002","2026-SECABA-164","MUHAMAD SENDY ALBAQRI","SECABA","DIKMABA TA 2026","Siswa Bintara","Kompi B","Peleton 1","L","KODAM III/SLW - KODIM 0602/SERANG","SERANG","2005-07-30","O","175","62","130/80","Berobat Jalan","Stakes III (Kurang/Dispen)","TENSI III: 139/73 MMHG 89 X/MENIT; USG III: CHOLELITHIASIS GALLBLADDER UKURAN 0,49 CM; GIGI II: 38 48 IMPAKSI; KULIT II: BM <10 CM; SCAR 2 X 5 CM; HPI DI PAHA","Aktif"
"165","1204351212070001","2026-SECABA-165","DEVERMAN LAIA","SECABA","DIKMABA TA 2026","Siswa Bintara","Kompi B","Peleton 1","L","KODAM III/SLW - KODIM 0609/CIMAHI","LAURI","2007-12-12","O","164","58","130/80","Siap Latih","Stakes II (Baik)","TENSI II: 130/70 MMHG 83 X/MENIT; KULIT II: AVR DI WAJAH; LAB II: LEKOSIT 10.980 LDL 116","Aktif"
"166","3204142111050001","2026-SECABA-166","SIDIK MUSTOPA","SECABA","DIKMABA TA 2026","Siswa Bintara","Kompi B","Peleton 1","L","KODAM III/SLW - KODIM 0613/CIAMIS","BANDUNG","2005-11-21","O","164","68","125/80","Siap Latih","Stakes II (Baik)","IMT II: 25.16 BB +0.43 KG; TENSI II: 129/67 MMHG 60 X/MENIT; GIGI II: 36 46 GTSL; BEDAH II: OPS HEMOROID 2024; KULIT II: KELOID DI TANGAN KANAN 2X1 CM, SEBOROIK; LAB II: TRIGLISERIDA 174 HDL 43; EKG II: RAD","Aktif"
"167","3209281104050003","2026-SECABA-167","RIO MAULANA IBRAHIM","SECABA","DIKMABA TA 2026","Siswa Bintara","Kompi B","Peleton 1","L","KODAM III/SLW - KODIM 0620/KAB CIREBON","CIREBON","2005-04-11","O","170","72","110/80","Berobat Jalan","Stakes III (Kurang/Dispen)","LAB III: ASAM URAT 7.6; TENSI II: 129/68 MMHG 83 X/MENIT; EKG II: ICRBBB","Aktif"
"168","3217092109070001","2026-SECABA-168","MUHAMMAD IRWAN RAMDHANI","SECABA","DIKMABA TA 2026","Siswa Bintara","Kompi B","Peleton 1","L","KODAM III/SLW - KODIM 0609/CIMAHI","BANDUNG","2007-09-21","O","175","69","110/70","Siap Latih","Stakes II (Baik)","GIGI II: 38 IMPAKSI; THORAX II: CORAKAN BRONCHOVASCULER BERLEBIH","Aktif"
"169","3277021311060005","2026-SECABA-169","TRI SANDYA YUDHA","SECABA","DIKMABA TA 2026","Siswa Bintara","Kompi B","Peleton 1","L","KODAM III/SLW - KODIM 0609/CIMAHI","CIMAHI","2006-11-13","O","165","58","120/80","Siap Latih","Stakes II (Baik)","TENSI II: 130/70 MMHG 64 X/MENIT; BEDAH BAWAH II: VARISES GRADE I; KULIT II: SCAR 2 CM; LAB II: LDL 111; EKG II: T INVERSI NON SPESIFIK","Aktif"
"170","3273031309070009","2026-SECABA-170","RASYA AWAL RAMADAN","SECABA","DIKMABA TA 2026","Siswa Bintara","Kompi B","Peleton 1","L","KODAM III/SLW - KODIM 0624/KAB BANDUNG","BANDUNG","2007-09-13","O","166","66","130/80","Siap Latih","Stakes II (Baik)","TENSI II: 128/74 MMHG 60 X/MENIT; LAB II: KOLESTEROL TOTAL 219 TRIGLISERIDA 170 LDL 137 HDL 43; EKG II: RAD","Aktif"
"171","3271060904070002","2026-SECABA-171","EDO FATHI RIZKI KOTO","SECABA","DIKMABA TA 2026","Siswa Bintara","Kompi B","Peleton 1","L","KODAM III/SLW - KODIM 0616/INDRAMAYU","BOGOR","2007-04-09","O","175","62","100/70","Siap Latih","Stakes II (Baik)","TENSI II: 121/60 MMHG 70 X/MENIT; GIGI II: 48 IMPAKSI CROWDED ANT RB RINGAN; KULIT II: DERMATITIS VENENATA; LAB II: HDL 39; THORAX II: CORAKAN BRONCHOVASCULER BERLEBIH","Aktif"
"172","3204350312070001","2026-SECABA-172","ZULFAN YUSUF GOZAWI BASYARI","SECABA","DIKMABA TA 2026","Siswa Bintara","Kompi B","Peleton 1","L","KODAM III/SLW - KODIM 0624/KAB BANDUNG","BANDUNG","2007-12-03","O","165","60","130/80","Berobat Jalan","Stakes III (Kurang/Dispen)","USG III: KALSIFIKASI HEPAR; TENSI II: 126/72 MMHG 67 X/MENIT; BEDAH BAWAH II: VARISES GRADE I; MATA II: VOS 6/9 S-0.50 6/6; LAB II: ASAM URAT 7.2 HDL 38","Aktif"
"173","3204322806060001","2026-SECABA-173","ALFY DAVID LUMBANTORUAN","SECABA","DIKMABA TA 2026","Siswa Bintara","Kompi B","Peleton 1","L","KODAM III/SLW - KODIM 0624/KAB BANDUNG","BANDUNG","2006-04-28","O","179","67","110/70","Berobat Jalan","Stakes III (Kurang/Dispen)","BEDAH BAWAH III: VARISES GRADE II; USG III: KALSIFIKASI HEPAR; TENSI II: 119/67 MMHG 70 X/MENIT; KULIT II: HPI; AVR DI PUNGGUNG; EKG II: ICRBBB","Aktif"
"174","3673061809070001","2026-SECABA-174","FAREL RAMADHAN","SECABA","DIKMABA TA 2026","Siswa Bintara","Kompi B","Peleton 1","L","KODAM III/SLW - KODIM 0608/CIANJUR","JAKARTA","2007-09-18","O","163","53","110/70","Berobat Jalan","Stakes III (Kurang/Dispen)","BEDAH BAWAH III: VARISES GRADE II; LAB III: ASAM URAT 7.6; IMT II: 19.87 BB -0.33 KG; TENSI II: 126/62 MMHG 71 X/MENIT; GIGI II: 38 48 IMPAKSI CROWDED ANT RA RINGAN; EKG II: RAD","Aktif"
"175","3209032509080001","2026-SECABA-175","IBNI DZAKKI SAPIQ","SECABA","DIKMABA TA 2026","Siswa Bintara","Kompi B","Peleton 1","L","KODAM III/SLW - KODIM 0620/KAB CIREBON","BREBES","2008-09-25","O","174","69","120/70","Berobat Jalan","Stakes III (Kurang/Dispen)","TENSI III: 139/87 MMHG 80 X/MENIT; BEDAH BAWAH II: VARISES GRADE I; KULIT II: NAEVUS 1 X 1 CM","Aktif"
"176","3202332207060007","2026-SECABA-176","AZRINAKA AULIA FATAH","SECABA","DIKMABA TA 2026","Siswa Bintara","Kompi B","Peleton 2","L","KODAM III/SLW - KODIM 0607/KOTA SUKABUMI","SUKABUMI","2006-07-22","O","171","60","100/80","Berobat Jalan","Stakes III (Kurang/Dispen)","TENSI III: 108/70 MMHG 100 X/MENIT; GIGI II: 38 48 IMPAKSI; BEDAH BAWAH II: VARISES GRADE I; KULIT II: AVR DI PUNGGUNG; LAB II: LDL 118","Aktif"
"177","3203072201080004","2026-SECABA-177","MOCH RYHAN","SECABA","DIKMABA TA 2026","Siswa Bintara","Kompi B","Peleton 2","L","KODAM III/SLW - KODIM 0608/CIANJUR","CIANJUR","2008-01-22","O","170","59","120/80","Siap Latih","Stakes II (Baik)","TENSI II: 115/68 MMHG 80 X/MENIT; BEDAH II: OPS HERNIA SINISTRA 2016; LAB II: KOLESTEROL TOTAL 228 LDL 146","Aktif"
"178","3279020103070002","2026-SECABA-178","RONI MILANO","SECABA","DIKMABA TA 2026","Siswa Bintara","Kompi B","Peleton 2","L","KODAM III/SLW - KODIM 0613/CIAMIS","BANJAR","2007-03-01","O","167","59","120/80","Siap Latih","Stakes II (Baik)","TENSI II: 122/68 MMHG 63 X/MENIT","Aktif"
"179","3207252609070001","2026-SECABA-179","MUHAMMAD RIZKY RAMADHAN","SECABA","DIKMABA TA 2026","Siswa Bintara","Kompi B","Peleton 2","L","KODAM III/SLW - KODIM 0625/PANGANDARAN","CIAMIS","2007-09-26","O","165","63","130/80","Berobat Jalan","Stakes III (Kurang/Dispen)","TENSI III: 137/63 MMHG 90 X/MENIT; LAB III: SGOT 47; BEDAH BAWAH II: VARISES GRADE I","Aktif"
"180","3215171603080003","2026-SECABA-180","GHERSYA GERLYAN TIMUR","SECABA","DIKMABA TA 2026","Siswa Bintara","Kompi B","Peleton 2","L","KODAM III/SLW - KODIM 0604/KARAWANG","KARAWANG","2008-03-16","O","164","60","120/70","Siap Latih","Stakes II (Baik)","TENSI II: 125/76 MMHG 67 X/MENIT; LAB II: LDL 131; THORAX II: CORAKAN BRONCHOVASCULER BERLEBIH","Aktif"
"181","3204253004080001","2026-SECABA-181","RANGGA DWILAGAN","SECABA","DIKMABA TA 2026","Siswa Bintara","Kompi B","Peleton 2","L","KODAM III/SLW - KODIM 0624/KAB BANDUNG","BANDUNG","2008-04-30","O","174","64","120/80","Berobat Jalan","Stakes III (Kurang/Dispen)","LAB III: SGOT 40 SGPT 67; TENSI II: 115/66 MMHG 68 X/MENIT; EKG II: ICRBBB","Aktif"
"182","3204050602080002","2026-SECABA-182","GIGIH BINTANG PURNANTO","SECABA","DIKMABA TA 2026","Siswa Bintara","Kompi B","Peleton 2","L","KODAM III/SLW - KODIM 0624/KAB BANDUNG","BANDUNG","2008-02-06","O","171","52","110/70","Berobat Jalan","Stakes III (Kurang/Dispen)","IMT III: 17.63 BB -6.91 KG; TENSI II: 130/80 MMHG 62 X/MENIT; KULIT II: BM <10 CM; MATA II: VODS 6/9 S-0.50 6/6; LAB II: LDL 107 HDL 42; EKG II: RAD","Aktif"
"183","3205151407060001","2026-SECABA-183","RANGGA AKBARUDINSYAH","SECABA","DIKMABA TA 2026","Siswa Bintara","Kompi B","Peleton 2","L","KODAM III/SLW - KODIM 0611/GARUT","GARUT","2006-07-14","O","173","58","120/80","Berobat Jalan","Stakes III (Kurang/Dispen)","TENSI III: 139/81 MMHG 100 X/MENIT; SYARAF III: MODERATE TREMOR; IMT II: 19.49 BB -1.51 KG; BEDAH BAWAH II: VARISES GRADE I; MATA II: VODS 6/10 S-0.75 6/6; LAB II: TROMBOSIT 427.000 KOLESTEROL TOTAL 210 TRIGLISERIDA 238 LDL 129 HDL 43; EKG II: RAD","Aktif"
"184","3204140203080002","2026-SECABA-184","MUHAMAD RIZKI NUR ALIM","SECABA","DIKMABA TA 2026","Siswa Bintara","Kompi B","Peleton 2","L","KODAM III/SLW - KODIM 0624/KAB BANDUNG","BANDUNG","2008-03-02","O","164","60","120/80","Berobat Jalan","Stakes III (Kurang/Dispen)","THT III: T2-T2; BEDAH III: OPS FISTULA ANI 2025; LAB III: ASAM URAT 7.9; TENSI II: 130/74 MMHG 83 X/MENIT; MATA II: VODS 6/9 S-0.50 6/6; EKG II: ICRBBB","Aktif"
"185","3217090802070002","2026-SECABA-185","ERLANGGA HAFIDS TAJUDIN","SECABA","DIKMABA TA 2026","Siswa Bintara","Kompi B","Peleton 2","L","KODAM III/SLW - KODIM 0609/CIMAHI","BANDUNG","2007-02-08","O","171","60","100/70","Siap Latih","Stakes II (Baik)","TENSI II: 111/68 MMHG 60 X/MENIT; GIGI II: 14 36 46 MISSING; BEDAH II: OPERASI HEMOROID 2024; BEDAH BAWAH II: VARISES GRADE I","Aktif"
"186","3204261009050001","2026-SECABA-186","WILDAN SETIAWAN","SECABA","DIKMABA TA 2026","Siswa Bintara","Kompi B","Peleton 2","L","KODAM III/SLW - KODIM 0624/KAB BANDUNG","BANDUNG","2005-09-10","O","176","73","120/80","Siap Latih","Stakes II (Baik)","TENSI II: 128/80 MMHG 98 X/MENIT; BEDAH II: HEMOROID EKTERNA NON SIRKULER; LAB II: KOLESTEROL 206 LDL 124","Aktif"
"187","3205141503070001","2026-SECABA-187","RIPKI","SECABA","DIKMABA TA 2026","Siswa Bintara","Kompi B","Peleton 2","L","KODAM III/SLW - KODIM 0611/GARUT","GARUT","2007-03-15","O","170","65","130/80","Berobat Jalan","Stakes III (Kurang/Dispen)","BEDAH BAWAH III: VARISES GRADE II; X BEEN 5 CM; TENSI II: 107/65 MMHG 74 X/MENIT; LAB II: LDL 119","Aktif"
"188","3273201107080002","2026-SECABA-188","AZZAM FAIQURRAHMAN","SECABA","DIKMABA TA 2026","Siswa Bintara","Kompi B","Peleton 2","L","KODAM III/SLW - KODIM 0618/KOTA BANDUNG","BANDUNG","2008-07-11","O","172","63","110/80","Berobat Jalan","Stakes III (Kurang/Dispen)","THT III: T2-T2; TENSI II: 114/65 MMHG 50 X/MENIT; KULIT II: AVR DI PUNGGUNG; HPI; MATA II: VODS 6/9 S-50 6/6; LAB II: LDL 120 HDL 45; THORAX II: CORAKAN BRONCHOVASCULER BERLEBIH","Aktif"
"189","3209400306080001","2026-SECABA-189","ALFIN MAULANA AFANDI","SECABA","DIKMABA TA 2026","Siswa Bintara","Kompi B","Peleton 2","L","KODAM III/SLW - KODIM 0620/KAB CIREBON","CIREBON","2008-06-03","O","172","68","105/80","Berobat Jalan","Stakes III (Kurang/Dispen)","TENSI III: 139/62 MMHG 79 X/MENIT; THT III: T2-T1; BEDAH BAWAH III: VARISES GRADE II; SYARAF III: MODERATE TREMOR; MATA II: VODS 6/10 S-0.75 6/6; LAB II: ASAM URAT 7.4 KOLESTEROL TOTAL 218 LDL 135; EKG II: NON SPESIFIK T INVERSI","Aktif"
"190","1310021003030007","2026-SECABA-190","MUHAMAD IHSAN","SECABA","DIKMABA TA 2026","Siswa Bintara","Kompi B","Peleton 2","L","KODAM III/SLW - KODIM 0618/KOTA BANDUNG","SAWAHLUNTO","2003-03-10","O","171","62","110/60","Siap Latih","Stakes II (Baik)","TENSI II: 127/68 MMHG 69 X/MENIT; LAB II: HDL 36","Aktif"
"191","3277010707080003","2026-SECABA-191","ALLIEF AUFA AL HAFIDZ SUDIRMAN","SECABA","DIKMABA TA 2026","Siswa Bintara","Kompi B","Peleton 2","L","KODAM III/SLW - KODIM 0609/CIMAHI","CIMAHI","2008-07-07","O","166","60","100/70","Siap Latih","Stakes II (Baik)","TENSI II: 128/65 MMHG 67 X/MENIT; BEDAH BAWAH II: VARISES GRADE I; LAB II: ASAM URAT 7.2 LDL 118 HDL 44; THORAX II: CORAKAN BRONCHOVASCULER BERLEBIH","Aktif"
"192","3202102709070007","2026-SECABA-192","RAMDANI TSAQIB","SECABA","DIKMABA TA 2026","Siswa Bintara","Kompi B","Peleton 2","L","KODAM III/SLW - KODIM 0607/KOTA SUKABUMI","SUKABUMI","2007-09-27","O","167","62","110/70","Siap Latih","Stakes II (Baik)","TENSI II: 108/61 MMHG 72 X/MENIT; BEDAH BAWAH II: VARISES GRADE I; KULIT II: SCAR 4 CM; LAB II: KOLESTEROL TOTAL 204 HDL 36","Aktif"
"193","3204130307060002","2026-SECABA-193","MARSEL KENCANA","SECABA","DIKMABA TA 2026","Siswa Bintara","Kompi B","Peleton 2","L","KODAM III/SLW - KODIM 0624/KAB BANDUNG","BANDUNG","2006-07-03","O","164","67","110/70","Berobat Jalan","Stakes III (Kurang/Dispen)","LAB III: ASAM URAT 7.6 KOLESTEROL TOTAL 241; KULIT II: HPI; MATA II: VODS 6/9 S-0.50 6/6","Aktif"
"194","3203011608070003","2026-SECABA-194","MOCH RIFKY SYA'BAN MAULANA","SECABA","DIKMABA TA 2026","Siswa Bintara","Kompi B","Peleton 2","L","KODAM III/SLW - KODIM 0608/CIANJUR","CIANJUR","2007-08-16","O","171","57","120/70","Berobat Jalan","Stakes III (Kurang/Dispen)","BEDAH BAWAH III: VARISES GRADE II; IMT II: 19.47 BB -1.55 KG; TENSI II: 130/83 MMHG 63 X/MENIT; KULIT II: HPI; LAB II: ASAM URAT 7.3 HDL 43","Aktif"
"195","3273121610070008","2026-SECABA-195","ALINSKIE GABE MORA SIMAMORA","SECABA","DIKMABA TA 2026","Siswa Bintara","Kompi B","Peleton 2","L","KODAM III/SLW - KODIM 0618/KOTA BANDUNG","BANDUNG","2007-10-16","O","168","70","110/70","Berobat Jalan","Stakes III (Kurang/Dispen)","MATA III: VODS 6/18 S-1.25 6/6 HORDEOLUM PS OS; LAB III: ASAM URAT 7.9; USG III: CHOLELITHIASIS GALBLADDER UKURAN 0.65 CM; TENSI II: 122/74 MMHG 64 X/MENIT; BEDAH II: OPS VARICOCELE SINISTRA 1/2026","Aktif"
"196","3271012807070007","2026-SECABA-196","REVALDO RIZQY INQYUBUATOR S","SECABA","DIKMABA TA 2026","Siswa Bintara","Kompi B","Peleton 2","L","KODAM III/SLW - KODIM 0612/TASIKMALAYA","BOGOR","2007-07-28","O","175","54","100/70","Berobat Jalan","Stakes III (Kurang/Dispen)","IMT III: 17.65 BB -7.18 KG; THT III: FISTULA AD; KULIT III: NEVUS 1X1 CM; TINEA CRURIS; LAB III: ASAM URAT 7.6; TENSI II: 107/65 MMHG 66 X/MENIT; GIGI II: 48 IMPAKSI","Aktif"
"197","1207191508070001","2026-SECABA-197","GILANG ANGGA PRAYUDA","SECABA","DIKMABA TA 2026","Siswa Bintara","Kompi B","Peleton 2","L","KODAM III/SLW - KODIM 0601/PANDEGLANG","MEDAN","2007-08-15","O","170","67","130/80","Berobat Jalan","Stakes III (Kurang/Dispen)","LAB III: ASAM URAT 7.7; TENSI II: 119/71 MMHG 83 X/MENIT; KULIT II: AVR DI WAJAH; EKG II: T INVERSI NON SPESIFIK","Aktif"
"198","1608012509050002","2026-SECABA-198","MOCHAMAD DJAMAL AL PASYA","SECABA","DIKMABA TA 2026","Siswa Bintara","Kompi B","Peleton 2","L","KODAM III/SLW - KODIM 0611/GARUT","OGAN KOMERING","2005-09-25","O","182","88","130/80","Berobat Jalan","Stakes III (Kurang/Dispen)","LAB III: ASAM URAT 7.8; IMT II: 26.65 BB +5.46 KG; TENSI II: 130/70 MMHG 92 X/MENIT; BEDAH BAWAH II: VARISES GRADE I; KULIT II: BM <10 CM; THORAX II: CORAKAN BRONCHOVASCULER BERLEBIH","Aktif"
"199","3210202010080001","2026-SECABA-199","MUHAMAD GHOFAR BANTANI","SECABA","DIKMABA TA 2026","Siswa Bintara","Kompi B","Peleton 2","L","KODAM III/SLW - KODIM 0617/MAJALENGKA","MAJALENGKA","2008-10-20","O","167","73","120/80","Berobat Jalan","Stakes III (Kurang/Dispen)","THORAX III: FIBROSIS DI LAPANG BAWAH PARU DEXTRA; IMT II: 26.05 BB +2.94 KG; TENSI II: 128/65 MMHG 72 X/MENIT; KULIT II: MULTIPLE KELOID 1 X 1 CM; HPI; TINEA CRURIS; LAB II: LDL 113","Aktif"
"200","3273192811070002","2026-SECABA-200","MUHAMAD RIZKY DWI SATRIA","SECABA","DIKMABA TA 2026","Siswa Bintara","Kompi B","Peleton 2","L","KODAM III/SLW - KODIM 0618/KOTA BANDUNG","BANDUNG","2007-11-28","O","171","55","130/80","Siap Latih","Stakes II (Baik)","IMT II: 18.81 BB -3.48 KG; TENSI II: 130/84 MMHG 86 X/MENIT; MATA II: VODS 6/10 S-0.75 6/6","Aktif"
"201","3202162611070004","2026-SECABA-201","KESHA TAMPANI PUTRA","SECABA","DIKMABA TA 2026","Siswa Bintara","Kompi B","Peleton 2","L","KODAM III/SLW - KODIM 0622/KAB SUKABUMI","BOGOR","2007-11-26","O","168","68","120/70","Siap Latih","Stakes II (Baik)","TENSI II: 123/71 MMHG 60 X/MENIT; LAB II: ASAM URAT 7.1 LDL 121 HDL 39; EKG II: ICRBBB","Aktif"
"202","3204261305080002","2026-SECABA-202","MUHAMMAD FUAD HANIF","SECABA","DIKMABA TA 2026","Siswa Bintara","Kompi B","Peleton 2","L","KODAM III/SLW - KODIM 0624/KAB BANDUNG","BANDUNG","2008-05-13","O","171","55","110/70","Siap Latih","Stakes II (Baik)","IMT II: 18.81 BB -3.48 KG; TENSI II: 105/60 MMHG 75 X/MENIT; GIGI II: 38 48 IMPAKSI; KULIT II: HPI; MATA II: VODS 6/9 S-0.50 6/6; LAB II: TROMBOSIT 406.000","Aktif"
"203","3217063001080011","2026-SECABA-203","FAUZAN SULTAN NUR HIDAYAT","SECABA","DIKMABA TA 2026","Siswa Bintara","Kompi B","Peleton 2","L","KODAM III/SLW - KODIM 0609/CIMAHI","CIMAHI","2008-01-30","O","175","58","110/70","Berobat Jalan","Stakes III (Kurang/Dispen)","BEDAH BAWAH III: VARISES GRADE II, O BEEN 4 CM; IMT II: 19.00 BB -3.04 KG; TENSI II: 113/60 MMHG 80 X/MENIT; KULIT II: PV DI PUNGGUNG; LAB II: ASAM URAT 7.1 LDL 114","Aktif"
"204","3276052804070002","2026-SECABA-204","SABDA KUSUMAH JATI SAMPOERNA","SECABA","DIKMABA TA 2026","Siswa Bintara","Kompi B","Peleton 2","L","KODAM III/SLW - KODIM 0609/CIMAHI","BANDUNG","2007-04-28","O","180","63","120/80","Berobat Jalan","Stakes III (Kurang/Dispen)","LAB III: LEKOSIT 12.680; IMT II: 19.53 BB -1.51 KG; TENSI II: 130/76 MMHG 75 X/MENIT; GIGI II: 48 IMPAKSI; BEDAH BAWAH II: VARISES GRADE I; KULIT II: AVR DI WAJAH","Aktif"
"205","3204290908040005","2026-SECABA-205","ALDI MUHAMMAD GHALIB GIFARI","SECABA","DIKMABA TA 2026","Siswa Bintara","Kompi B","Peleton 2","L","KODAM III/SLW - KODIM 0624/KAB BANDUNG","BANDUNG","2004-08-09","O","185","84","130/80","Siap Latih","Stakes II (Baik)","TENSI II: 129/70 MMHG 66 X/MENIT; BEDAH BAWAH II: VARISES GRADE I","Aktif"
"206","3204332407080005","2026-SECABA-206","RIFKY ADRIANSYAH","SECABA","DIKMABA TA 2026","Siswa Bintara","Kompi B","Peleton 2","L","KODAM III/SLW - KODIM 0624/KAB BANDUNG","BANDUNG","2008-07-24","O","171","64","110/80","Siap Latih","Stakes II (Baik)","GIGI II: 48 IMPAKSI 36 CARIES MEDIA; BEDAH BAWAH II: VARISES GRADE I; O BEEN 5 CM; KULIT II: AVR DI WAJAH; LAB II: TRIGLISERIDA 151","Aktif"
"207","3601343006060001","2026-SECABA-207","MUHAMAD AZRIL FATIHAN","SECABA","DIKMABA TA 2026","Siswa Bintara","Kompi B","Peleton 2","L","KODAM III/SLW - KODIM 0601/PANDEGLANG","PANDEGLANG","2006-06-30","O","170","57","130/80","Siap Latih","Stakes II (Baik)","IMT II: 19.75 BB -0.73 KG; TENSI II: 129/76 MMHG 67 X/MENIT; GIGI II: CROWDED RB RA RINGAN; KULIT II: SCAR DI WAJAH 4 CM","Aktif"
"208","3214092404060001","2026-SECABA-208","DWI ADITYA FATURAHMAN","SECABA","DIKMABA TA 2026","Siswa Bintara","Kompi B","Peleton 2","L","KODAM III/SLW - KODIM 0619/PURWAKARTA","PURWAKARTA","2006-04-24","O","164","56","120/80","Berobat Jalan","Stakes III (Kurang/Dispen)","TENSI III: 134/72 MMHG 74 X/MENIT; GIGI II: 38 IMPAKSI; BEDAH BAWAH II: VARISES GRADE I; KULIT II: AVR DI WAJAH; LAB II: ASAM URAT 7.1","Aktif"
"209","3507040503080004","2026-SECABA-209","DANIEL CONDRO WIBOWO","SECABA","DIKMABA TA 2026","Siswa Bintara","Kompi B","Peleton 2","L","KODAM III/SLW - KODIM 0610/SUMEDANG","MALANG","2008-03-05","O","166","65","110/70","Berobat Jalan","Stakes III (Kurang/Dispen)","LAB III: LEKOSIT 12.540; KULIT II: AVR DI PUNGGUNG; MATA II: VODS 6/9 S-0.50 6/6","Aktif"
"210","3213260912050003","2026-SECABA-210","DONI SEDIAWAN","SECABA","DIKMABA TA 2026","Siswa Bintara","Kompi B","Peleton 2","L","KODAM III/SLW - KODIM 0605/SUBANG","SUBANG","2006-12-09","O","171","69","120/80","Siap Latih","Stakes II (Baik)","TENSI II: 128/70 MMHG 60 X/MENIT; KULIT II: SCAR 3 CM; HPI","Aktif"
"211","3206070907070001","2026-SECABA-211","MUHAMMAD HABIBI ALFARIZQI","SECABA","DIKMABA TA 2026","Siswa Bintara","Kompi B","Peleton 3","L","KODAM III/SLW - KODIM 0612/TASIKMALAYA","TASIKMALAYA","2007-07-09","O","165","62","130/80","Berobat Jalan","Stakes III (Kurang/Dispen)","TENSI III: 139/89 MMHG 90 X/MENIT; GIGI III: MULTIPLE DIASTEM RA 38 IMPAKSI; THT III: T2-T1; LAB III: LEKOSIT 14.330; KULIT II: HIPERHIDROSIS RINGAN; HPI; EKG II: LAD","Aktif"
"212","3213011006080001","2026-SECABA-212","TEGUH PADILLAH","SECABA","DIKMABA TA 2026","Siswa Bintara","Kompi B","Peleton 3","L","KODAM III/SLW - KODIM 0605/SUBANG","SUBANG","2008-06-10","O","170","55","120/80","Berobat Jalan","Stakes III (Kurang/Dispen)","LAB III: ASAM URAT 7.8; IMT II: 19.03 BB -2.80 KG; TENSI II: 127/65 MMHG 83 X/MENIT; GIGI II: CROWDED ANT RA RINGAN; BEDAH II: OPS VARICOCELE SINISTRA 2024; KULIT II: BM <10 CM; MATA II: VODS 6/9 S-0.50 6/6","Aktif"
"213","5202051504080001","2026-SECABA-213","EKA DADI PERWIRA","SECABA","DIKMABA TA 2026","Siswa Bintara","Kompi B","Peleton 3","L","KODAM III/SLW - KODIM 0618/KOTA BANDUNG","PONDOK REJENG","2008-04-15","O","171","62","120/80","Berobat Jalan","Stakes III (Kurang/Dispen)","LAB III: LEKOSIT 14.500 SGPT 42; TENSI II: 130/73 MMHG 99 X/MENIT","Aktif"
"214","3273290506070001","2026-SECABA-214","HAFIZ RAYHAN ARASYA ANGGARA","SECABA","DIKMABA TA 2026","Siswa Bintara","Kompi B","Peleton 3","L","KODAM III/SLW - KODIM 0605/SUBANG","BANDUNG","2007-06-05","O","170","54","120/70","Siap Latih","Stakes II (Baik)","IMT II: 18.66 BB -3.87 KG; TENSI II: 130/74 MMHG 90 X/MENIT; BEDAH BAWAH II: VARISES GRADE I; KULIT II: HIPERHIDROSIS RINGAN; MATA II: VOD 6/9 S-0.50 6/6; SYARAF II: MILD TREMOR; LAB II: ASAM URAT 7.4 HDL45","Aktif"
"215","3209070601050003","2026-SECABA-215","DIKI KURNIAWAN","SECABA","DIKMABA TA 2026","Siswa Bintara","Kompi B","Peleton 3","L","KODAM III/SLW - KODIM 0620/KAB CIREBON","CIREBON","2005-01-06","O","167","57","110/70","Berobat Jalan","Stakes III (Kurang/Dispen)","LAB III: LEKOSIT 14.980; TENSI II: 130/80 MMHG 71 X/MENIT; KULIT II: AVR WAJAH; MATA II: VODS 6/9 S-0.50 6/6","Aktif"
"216","3215031505070001","2026-SECABA-216","DUTA PRISMADI","SECABA","DIKMABA TA 2026","Siswa Bintara","Kompi B","Peleton 3","L","KODAM III/SLW - KODIM 0604/KARAWANG","KARAWANG","2007-05-15","O","175","71","130/80","Berobat Jalan","Stakes III (Kurang/Dispen)","LAB III: 14.540; TENSI II: 117/75 MMHG 88 X/MENIT; BEDAH BAWAH II: VARISES GRADE I; MATA II: VOD 6/9 S-0.50 6/6 VOS 6/10 S-0.75 6/6; THORAX II: CORAKAN BRONCHOVASCULER BERLEBIH","Aktif"
"217","3217011504070012","2026-SECABA-217","FATURACHMAN HIDAYAT","SECABA","DIKMABA TA 2026","Siswa Bintara","Kompi B","Peleton 3","L","KODAM III/SLW - KODIM 0609/CIMAHI","BANDUNG","2007-04-15","O","165","62","130/80","Berobat Jalan","Stakes III (Kurang/Dispen)","TENSI III: 139/84 MMHG 100 X/MENIT; SYARAF III: MODERETE TREMOR; KULIT II: AVR DI WAJAH, BM <10 CM; LAB II: HEMOGLOBIN 12.6 ASAM URAT 7.4; EKG II: RAD","Aktif"
"218","3322172907060002","2026-SECABA-218","ENGGAR BAYU YUSTIANTO","SECABA","DIKMABA TA 2026","Siswa Bintara","Kompi B","Peleton 3","L","KODAM III/SLW - KODIM 0618/KOTA BANDUNG","KENDAL","2006-07-29","O","171","62","110/80","Siap Latih","Stakes II (Baik)","TENSI II: 109/64 MMHG 80 X/MENIT; GIGI II: 48 IMPAKSI CROWDED ANT RB RINGAN; KULIT II: AVR DI WAJAH; VITILIGO DI PENIS; EKG II: RAD","Aktif"
"219","3204050110050012","2026-SECABA-219","MUHAMMAD SANNY RIZQULLOH","SECABA","DIKMABA TA 2026","Siswa Bintara","Kompi B","Peleton 3","L","KODAM III/SLW - KODIM 0624/KAB BANDUNG","BANDUNG","2005-10-01","O","168","60","130/80","Siap Latih","Stakes II (Baik)","TENSI II: 110/65 MMHG 66 X/MENIT; KULIT II: HPI; MATA II: VOS 6/9 S-0.50 6/6","Aktif"
"220","3203083008060002","2026-SECABA-220","MUHAMMAD SATRIA AGUNG","SECABA","DIKMABA TA 2026","Siswa Bintara","Kompi B","Peleton 3","L","KODAM III/SLW - KODIM 0608/CIANJUR","CIANJUR","2006-08-30","O","165","63","110/70","Siap Latih","Stakes II (Baik)","TENSI II: 114/60 MMHG 67 X/MENIT; BEDAH BAWAH II: VARISES GRADE I; LAB II: ASAM URAT 7.5 HDL 36","Aktif"
"221","3204080912060001","2026-SECABA-221","KLOSSE PANANGIAN MANULLANG","SECABA","DIKMABA TA 2026","Siswa Bintara","Kompi B","Peleton 3","L","KODAM III/SLW - KODIM 0624/KAB BANDUNG","BANDUNG","2006-12-09","O","172","67","110/80","Berobat Jalan","Stakes III (Kurang/Dispen)","BEDAH BAWAH III: VARISES GRADE II; KULIT II: STRIAE; HPI","Aktif"
"222","3204052901060010","2026-SECABA-222","SHOLA MUHAMMAD MUDZAKIR","SECABA","DIKMABA TA 2026","Siswa Bintara","Kompi B","Peleton 3","L","KODAM III/SLW - KODIM 0624/KAB BANDUNG","BANDUNG","2006-01-29","O","175","57","110/70","Siap Latih","Stakes II (Baik)","IMT II: 18.68 BB -4.04 KG; TENSI II: 126/73 MMHG 73 X/MENIT; BEDAH BAWAH II: VARISES GRADE I; MATA II: VOS 6/9 S-0.50 6/6","Aktif"
"223","3203100905070001","2026-SECABA-223","WISNU WARDANA","SECABA","DIKMABA TA 2026","Siswa Bintara","Kompi B","Peleton 3","L","KODAM III/SLW - KODIM 0608/CIANJUR","BANDUNG","2007-05-09","O","179","65","120/80","Berobat Jalan","Stakes III (Kurang/Dispen)","TENSI III: 139/76 MMHG 60 X/MENIT; LAB III: SEDIMEN URINE LEKOSIT 5-10//LPB; BEDAH BAWAH II: VARISES GRADE I; KULIT II: AVR DI WAJAH; HPI","Aktif"
"224","3214131609070003","2026-SECABA-224","ANDREAS CESARIO SIMARMATA","SECABA","DIKMABA TA 2026","Siswa Bintara","Kompi B","Peleton 3","L","KODAM III/SLW - KODIM 0619/PURWAKARTA","JAKARTA","2007-09-16","O","171","65","130/80","Siap Latih","Stakes II (Baik)","BEDAH BAWAH II: VARISES GRADE I; O BEEN 4 CM; KULIT II: HIPERHIDROSIS RINGAN; MATA II: VODS 6/10 S-0.75 6/6; LAB II: LDL 107","Aktif"
"225","3204080708060005","2026-SECABA-225","AKBAR AFRIAN LUBIS MARDIO PUTRA","SECABA","DIKMABA TA 2026","Siswa Bintara","Kompi B","Peleton 3","L","KODAM III/SLW - KODIM 0624/KAB BANDUNG","BANDUNG","2006-08-07","O","169","65","120/80","Siap Latih","Stakes II (Baik)","TENSI II: 102/61 MMHG 82 X/MENIT; BEDAH BAWAH II: VARISES GRADE I; KULIT II: BM <10 CM; LAB II: LDL 117","Aktif"
"226","3205042103060005","2026-SECABA-226","MUHAMMAD FARREL FAWWAZ SETIAWAN","SECABA","DIKMABA TA 2026","Siswa Bintara","Kompi B","Peleton 3","L","KODAM III/SLW - KODIM 0611/GARUT","GARUT","2006-03-20","O","176","65","130/80","Siap Latih","Stakes II (Baik)","TENSI II: 122/63 MMHG 62 X/MENIT; KULIT II: BM <10 CM, HPI; MATA II: VODS 6/9 S-0.50 6/6; LAB II: LDL 115","Aktif"
"227","3216112707080001","2026-SECABA-227","WACHID NURIZA HABIEBIE","SECABA","DIKMABA TA 2026","Siswa Bintara","Kompi B","Peleton 3","L","KODAM III/SLW - KODIM 0606/KOTA BOGOR","BEKASI","2008-07-27","O","165","58","120/80","Berobat Jalan","Stakes III (Kurang/Dispen)","TENSI III: 138/77 MMHG 79 X/MENIT; MATA III: VODS 6/18 S-1.25 6/6; BEDAH BAWAH II: VARISES GRADE I; LAB II: LDL 109","Aktif"
"228","3277021006030002","2026-SECABA-228","REYHAN WISNU FEBRIAN","SECABA","DIKMABA TA 2026","Siswa Bintara","Kompi B","Peleton 3","L","KODAM III/SLW - KODIM 0609/CIMAHI","BANDUNG","2003-06-10","O","174","68","120/80","Siap Latih","Stakes II (Baik)","BEDAH BAWAH II: VARISES GRADE I; KULIT II: AVR DI WAAJAH, PUNGGUNG; MATA II: VODS 6/10 S-0.75 6/6; LAB II: LDL 126","Aktif"
"229","3204070103080001","2026-SECABA-229","DIMAS ANAS MALIKI","SECABA","DIKMABA TA 2026","Siswa Bintara","Kompi B","Peleton 3","L","KODAM III/SLW - KODIM 0605/SUBANG","BANDUNG","2008-03-01","O","181","78","110/80","Berobat Jalan","Stakes III (Kurang/Dispen)","TENSI III: 132/77 MMHG 73 X/MENIT; GIGI III: 48 FOOD IMPAKSI; LAB III: ASAM URAT 7.8; KULIT II: AVR DI WAJAH DAN PUNGGUNG; MATA II: VODS 6/9 S-0.50 6/6","Aktif"
"230","3205062111070005","2026-SECABA-230","SABIL MUHAMAD DZIYAUL HAQQI","SECABA","DIKMABA TA 2026","Siswa Bintara","Kompi B","Peleton 3","L","KODAM III/SLW - KODIM 0611/GARUT","GARUT","2007-11-21","O","172","54","120/80","Berobat Jalan","Stakes III (Kurang/Dispen)","IMT III: 18.23 BB -5.24 KG; TENSI II: 110/70 MMHG 86 X/MENIT; MATA II: VODS 6/9 S-0.50 6/6; LAB II: HDL 36","Aktif"
"231","3602142409070006","2026-SECABA-231","DINO RAMDHAN SEPTIYADI","SECABA","DIKMABA TA 2026","Siswa Bintara","Kompi B","Peleton 3","L","KODAM III/SLW - KODIM 0603/LEBAK","LEBAK","2007-09-24","O","177","65","110/70","Siap Latih","Stakes II (Baik)","TENSI II: 130/72 MMHG 67 X/MENIT; KULIT II: AVR DI WAJAH DAN PUNGGUNG; MATA II: VOD 6/10 S-0.75 6/6 VOS 6/9 S-0.50 6/6; LAB II: ASAM URAT 7.5","Aktif"
"232","5206080109080001","2026-SECABA-232","AFRIJIN ARKA SAMPUTRA","SECABA","DIKMABA TA 2026","Siswa Bintara","Kompi B","Peleton 3","L","KODAM III/SLW - KODIM 0609/CIMAHI","LANGGENTU","2008-09-01","O","164","57","110/80","Siap Latih","Stakes II (Baik)","TENSI II: 130/67 MMHG 76 X/MENIT; LAB II: HDL 42; THORAX II: CORAKAN BRONCHOVASCULER BERLEBIH","Aktif"
"233","3205061404080002","2026-SECABA-233","RIZKI ABDUSSALAM","SECABA","DIKMABA TA 2026","Siswa Bintara","Kompi B","Peleton 3","L","KODAM III/SLW - KODIM 0611/GARUT","GARUT","2008-04-14","O","167","60","120/80","Berobat Jalan","Stakes III (Kurang/Dispen)","GIGI III: 38 48 FOOD IMPAKSI CROWDED ANT RA RINGAN; LAB III: ASAM URAT 7.9; TENSI II: 125/70 MMHG 66 X/MENIT; BEDAH BAWAH II: VARISES GRADE I; EKG II: RAD","Aktif"
"234","3205212501060001","2026-SECABA-234","MUHAMMAD RIFKI","SECABA","DIKMABA TA 2026","Siswa Bintara","Kompi B","Peleton 3","L","KODAM III/SLW - KODIM 0611/GARUT","GARUT","2006-01-25","O","166","51","110/70","Siap Latih","Stakes II (Baik)","IMT II: 18.53 BB -4.05 KG; TENSI II: 128/74 MMHG 77 X/MENIT; LAB II: LDL 108; EKG II: RAD","Aktif"
"235","3217080708070012","2026-SECABA-235","GABRIEL TAMBUNAN","SECABA","DIKMABA TA 2026","Siswa Bintara","Kompi B","Peleton 3","L","KODAM III/SLW - KODIM 0609/CIMAHI","BANDUNG","2007-08-07","O","166","57","120/80","Siap Latih","Stakes II (Baik)","TENSI II: 127/73 MMHG 74 X/MENIT; GIGI II: 35 36 37 BRIDGE; THORAX II: CORAKAN BRONCHOVASCULER BERLEBIH","Aktif"
"236","3205311807070004","2026-SECABA-236","CIKAL RAHMAT ALROJAB","SECABA","DIKMABA TA 2026","Siswa Bintara","Kompi B","Peleton 3","L","KODAM III/SLW - KODIM 0611/GARUT","GARUT","2007-07-18","O","171","68","110/70","Siap Latih","Stakes II (Baik)","TENSI II: 130/78 MMHG 69 X/MENIT; GIGI II: 38 IMPAKSI; KULIT II: SCAR 3 CM","Aktif"
"237","3204282701060002","2026-SECABA-237","FARREL KHAIRUR RAJWA","SECABA","DIKMABA TA 2026","Siswa Bintara","Kompi B","Peleton 3","L","KODAM III/SLW - KODIM 0624/KAB BANDUNG","BANDUNG","2006-01-27","O","175","73","110/70","Berobat Jalan","Stakes III (Kurang/Dispen)","LAB III: ASAM URAT 7.8; TENSI II: 130/80 MMHG 68 X/MENIT; KULIT II: KERATOSIS PILARIS; HPI; MATA II: VODS 6/9 S-0.50 6/6","Aktif"
"238","3205010804050001","2026-SECABA-238","GAN GAN GUMELAR","SECABA","DIKMABA TA 2026","Siswa Bintara","Kompi B","Peleton 3","L","KODAM III/SLW - KODIM 0611/GARUT","GARUT","2005-04-08","O","170","56","110/70","Berobat Jalan","Stakes III (Kurang/Dispen)","BEDAH BAWAH III: VARISES GRADE II; IMT II: 19.32 BB -1.96 KG; KULIT II: AVR DI WAJAH; MATA II: VODS 6/9 S-0.50 6/6; EKG II: RAD","Aktif"
"239","7472040109080001","2026-SECABA-239","MUH.RAHMAT RAMADHAN","SECABA","DIKMABA TA 2026","Siswa Bintara","Kompi B","Peleton 3","L","KODAM III/SLW - KODIM 0609/CIMAHI","BAU-BAU","2008-09-01","O","167","52","110/70","Berobat Jalan","Stakes III (Kurang/Dispen)","LAB III: LEKOSIT 12.440; IMT II: 18.58 BB -3.98 KG; KULIT II: BM <10 CM 1X2 CM, SCAR ALIS","Aktif"
"240","3213031406060003","2026-SECABA-240","ALFI PUTRA YUDA","SECABA","DIKMABA TA 2026","Siswa Bintara","Kompi B","Peleton 3","L","KODAM III/SLW - KODIM 0605/SUBANG","SUBANG","2006-06-14","O","172","58","110/70","Siap Latih","Stakes II (Baik)","IMT II: 19.41 BB -1.74 KG; TENSI II: 102/63 MMHG 75 X/MENIT; GIGI II: 38 IMPAKSI CROWDED ANT RA RINGAN; KULIT II: NEVUS PIGMENTOSUS 1 X 1,5 CM DI PUNGGUNG; MATA II: VODS 6/9 S-0.50 6/6; LAB II: ASAM URAT 7.2 KOLESTEROL TOTAL 200 TRIGLISERIDA 186 LDL 126 HDL 42","Aktif"
"241","3203010105080008","2026-SECABA-241","M. RIFFKI","SECABA","DIKMABA TA 2026","Siswa Bintara","Kompi B","Peleton 3","L","KODAM III/SLW - KODIM 0608/CIANJUR","CIANJUR","2008-05-01","O","170","55","120/80","Berobat Jalan","Stakes III (Kurang/Dispen)","LAB III: LEKOSIT 12.040; IMT II: 19.05 BB -2.73 KG; TENSI II: 119/62 MMHG 75 X/MENIT; BEDAH BAWAH II: VARISES GRADE I; KULIT II: AVR DI WAJAH; EKG II: RAD","Aktif"
"242","3203312107100003","2026-SECABA-242","BAGAS SAFWAN ARASYID BUDIMAN","SECABA","DIKMABA TA 2026","Siswa Bintara","Kompi B","Peleton 3","L","KODAM III/SLW - KODIM 0624/KAB BANDUNG","BANDUNG","2008-07-22","O","169","62","120/80","Siap Latih","Stakes II (Baik)","TENSI II: 128/66 MMHG 62 X/MENIT; BEDAH BAWAH II: VARISES GRADE I; LAB II: KOLESTEROL TOTAL 214 LDL 144","Aktif"
"243","3212272202080001","2026-SECABA-243","DEVIN AZHAR FEBRYAN","SECABA","DIKMABA TA 2026","Siswa Bintara","Kompi B","Peleton 3","L","KODAM III/SLW - KODIM 0616/INDRAMAYU","CIREBON","2008-02-22","O","179","75","120/70","Berobat Jalan","Stakes III (Kurang/Dispen)","LAB III: ASAM URAT 7.8; TENSI II: 130/80 MMHG 68 X/MENIT; BEDAH BAWAH II: VARISES GRADE I; KULIT II: STRIAE; MATA II: VODS 6/9 S-0.50 6/6","Aktif"
"244","1601141610060002","2026-SECABA-244","M. ADITYA RAMADHAN","SECABA","DIKMABA TA 2026","Siswa Bintara","Kompi B","Peleton 3","L","KODAM III/SLW - KODIM 0601/PANDEGLANG","BATURAJA","2006-10-16","O","172","57","130/80","Berobat Jalan","Stakes III (Kurang/Dispen)","TENSI III: 135/89 MMHG 83 X/MENIT; IMT II: 19.31 BB -2.03 KG; GIGI II: OPEN BITE 1 MM; BEDAH BAWAH II: VARISES GRADE I; LAB II: TRIGLISERIDA 167; THORAX II: CORAKAN BRONCHOVASCULER BERLEBIH","Aktif"
"245","3273242604070002","2026-SECABA-245","DENDI ADRIANSAH","SECABA","DIKMABA TA 2026","Siswa Bintara","Kompi B","Peleton 3","L","KODAM III/SLW - KODIM 0618/KOTA BANDUNG","BANDUNG","2007-04-26","O","170","69","110/70","Berobat Jalan","Stakes III (Kurang/Dispen)","LAB III: LEKOSIT 14.910 SEDIMEN URINE LEKOSIT 5-10/LPB ERITROSIT 3-5/LPB; KULIT II: HPI; MATA II: VODS 6/9 S-0.50 6/6; EKG II: RAD","Aktif"
"246","3217102101080006","2026-SECABA-246","MUHAMMAD HAFIDZ ADDYNANDA","SECABA","DIKMABA TA 2026","Siswa Bintara","Kompi B","Peleton 4","L","KODAM III/SLW - KODIM 0609/CIMAHI","BANDUNG","2008-01-21","O","184","75","110/80","Siap Latih","Stakes II (Baik)","TENSI II: 108/68 MMHG 72 X/MENIT; BEDAH BAWAH II: VARISES GRADE I, X BEEN 5 CM; MATA II: VODS 6/9 S-0.50 6/6","Aktif"
"247","3201162010070008","2026-SECABA-247","MUHAMMAD DAFFA RADITYANSYAH","SECABA","DIKMABA TA 2026","Siswa Bintara","Kompi B","Peleton 4","L","KODAM III/SLW - KODIM 0618/KOTA BANDUNG","BOGOR","2007-10-28","O","166","52","130/80","Siap Latih","Stakes IV (Tidak Memenuhi Syarat)","LAB IV/TMS1: ASAM URAT 8.2; IMT II: 18.80 BB -3.31 KG; GIGI II: CROWDED ANT RB RA RINGAN; EKG II: RAD; THORAX II: CORAKAN BRONCHOVASCULER BERLEBIH","Aktif"
"248","3204373009070003","2026-SECABA-248","RAHMADHANI SETYA ARIYANTO","SECABA","DIKMABA TA 2026","Siswa Bintara","Kompi B","Peleton 4","L","KODAM III/SLW - KODIM 0624/KAB BANDUNG","BANDUNG","2007-09-30","O","168","64","120/80","Siap Latih","Stakes IV (Tidak Memenuhi Syarat)","LAB IV/TMS1: HDL 33; TENSI II: 121/72 MMHG 70 X/MENIT; KULIT II: HPI; MATA II: VODS 6/9 S-0.50 6/6; EKG II: RAD","Aktif"
"249","3205193006080003","2026-SECABA-249","DENIS SUHADA","SECABA","DIKMABA TA 2026","Siswa Bintara","Kompi B","Peleton 4","L","KODAM III/SLW - KODIM 0611/GARUT","GARUT","2008-06-30","O","168","63","120/80","Siap Latih","Stakes IV (Tidak Memenuhi Syarat)","LAB IV/TMS1: ASAM URAT 9.0; TENSI II: 123/67 MMHG 78 X/MENIT; KULIT II: HPI, AVR DI WAJAH DAN PUNGGUNG; EKG II: SINUS ARITMIA","Aktif"
"250","3204060610070002","2026-SECABA-250","FIRMAN MUHAMAD RAMADHAN","SECABA","DIKMABA TA 2026","Siswa Bintara","Kompi B","Peleton 4","L","KODAM III/SLW - KODIM 0624/KAB BANDUNG","BANDUNG","2007-10-06","O","173","63","110/70","Siap Latih","Stakes IV (Tidak Memenuhi Syarat)","LAB IV/TMS1: ASAM URAT 8.4; TENSI II: 120/77 MMHG 60 X/MENIT; BEDAH BAWAH II: VARISES GRADE I; KULIT II: URTIKARIA  LAKCYSTA","Aktif"
"251","3277020605080001","2026-SECABA-251","FADHIL IBNU REFI","SECABA","DIKMABA TA 2026","Siswa Bintara","Kompi B","Peleton 4","L","KODAM III/SLW - KODIM 0609/CIMAHI","CIMAHI","2008-05-06","O","168","59","100/70","Siap Latih","Stakes IV (Tidak Memenuhi Syarat)","LAB IV/TMS1: HDL 32; TENSI II: 127/74 MMHG 64 X/MENIT","Aktif"
"252","1105012808080009","2026-SECABA-252","MUHAMMAD FARHAN SOPIAN SORI","SECABA","DIKMABA TA 2026","Siswa Bintara","Kompi B","Peleton 4","L","KODAM III/SLW - KODIM 0610/SUMEDANG","ACEH SELATAN","2008-08-28","O","169","62","120/80","Siap Latih","Stakes IV (Tidak Memenuhi Syarat)","LAB IV/TMS1: ASAM URAT 8.7; BEDAH BAWAH III: VARISES GRADE II; TENSI II: 127/75 MMHG 74 X/MENIT; GIGI II: CROWDED ANT RA RINGAN; MATA II: VOS 6/9 S-0.50 6/6; EKG II: RAD","Aktif"
"253","3278051305080005","2026-SECABA-253","ARIQ ZAKWAN NAUFAL","SECABA","DIKMABA TA 2026","Siswa Bintara","Kompi B","Peleton 4","L","KODAM III/SLW - KODIM 0612/TASIKMALAYA","SUMEDANG","2008-05-13","O","171","55","120/80","Siap Latih","Stakes IV (Tidak Memenuhi Syarat)","LAB IV/TMS1: ASAM URAT 8.1; IMT II: 18.85 BB -3.35 KG; GIGI II: CROWDED ANT RA RINGAN; BEDAH BAWAH II: VARISES GRADE I; MATA II: VODS 6/9 S-0.50 6/6","Aktif"
"254","3205072907040001","2026-SECABA-254","FATTAN MUZAFAR FAIZ","SECABA","DIKMABA TA 2026","Siswa Bintara","Kompi B","Peleton 4","L","KODAM III/SLW - KODIM 0611/GARUT","GARUT","2004-07-29","O","171","77","110/70","Siap Latih","Stakes IV (Tidak Memenuhi Syarat)","LAB IV/TMS1: HDL 32; IMT II: 26.49 BB +4.32 KG; TENSI II: 116/60 MMHG 71 X/MENIT; KULIT II: AVR DI WAJAH","Aktif"
"255","3204171106070001","2026-SECABA-255","DANDA HADIANSYAH","SECABA","DIKMABA TA 2026","Siswa Bintara","Kompi B","Peleton 4","L","KODAM III/SLW - KODIM 0624/KAB BANDUNG","BANDUNG","2007-06-11","O","173","59","110/70","Siap Latih","Stakes IV (Tidak Memenuhi Syarat)","LAB IV/TMS1: HEMOGLOBIN 18.9; TENSI III: 137/83 MMHG 88 X/MENIT; IMT II: 19.83 BB -0.51 KG; KULIT II: SCAR 7 CM","Aktif"
"256","3273132809060001","2026-SECABA-256","FARIS FAZA RAMADHAN","SECABA","DIKMABA TA 2026","Siswa Bintara","Kompi B","Peleton 4","L","KODAM III/SLW - KODIM 0618/KOTA BANDUNG","BANDUNG","2006-09-28","O","170","58","130/80","Siap Latih","Stakes IV (Tidak Memenuhi Syarat)","LAB IV/TMS1: ASAM URAT 8.2; TENSI II: 128/71 MMHG 66 X/MENIT; BEDAH BAWAH II: VARISES GRADE I; KULIT II: AVR DI WAJAH, DADA, DAN PUNGGUNG; EKG II: LAD","Aktif"
"257","3204300802050002","2026-SECABA-257","GAUTAMA LAKSAMANA FEBRIO","SECABA","DIKMABA TA 2026","Siswa Bintara","Kompi B","Peleton 4","L","KODAM III/SLW - KODIM 0624/KAB BANDUNG","BANDUNG","2005-02-08","O","170","67","110/70","Siap Latih","Stakes IV (Tidak Memenuhi Syarat)","LAB IV/TMS1: ASAM URAT 8.6; TENSI II: 116/67 MMHG 60 X/MENIT; BEDAH II: POST OPS VARICOCELE SINISTRA 2025; KULIT II: AVR DI PUNGGUNG; EKG II: ICRBBB","Aktif"
"258","3601213005070001","2026-SECABA-258","M. ABIL AL BANANI","SECABA","DIKMABA TA 2026","Siswa Bintara","Kompi B","Peleton 4","L","KODAM III/SLW - KODIM 0601/PANDEGLANG","PANDEGLANG","2007-05-30","O","171","69","110/80","Siap Latih","Stakes IV (Tidak Memenuhi Syarat)","LAB IV/TMS1: HDL 34; TENSI III: 133/82 MMHG 62 X/MENIT; KULIT II: STRIAE","Aktif"
"259","3206153105080002","2026-SECABA-259","PRIYA RAINA ARUNDIA","SECABA","DIKMABA TA 2026","Siswa Bintara","Kompi B","Peleton 4","L","KODAM III/SLW - KODIM 0612/TASIKMALAYA","TASIKMALAYA","2008-05-31","O","175","66","120/80","Siap Latih","Stakes IV (Tidak Memenuhi Syarat)","LAB IV/TMS1: HDL 33; TENSI II: 100/60 MMHG 67 X/MENIT","Aktif"
"260","3604011710050130","2026-SECABA-260","MUHAMAD RAYA PASHA RAMADHAN","SECABA","DIKMABA TA 2026","Siswa Bintara","Kompi B","Peleton 4","L","KODAM III/SLW - KODIM 0602/SERANG","SERANG","2005-10-17","O","167","61","120/80","Siap Latih","Stakes IV (Tidak Memenuhi Syarat)","LAB IV/TMS1: HDL 33; TENSI III: 132/65 MMHG 63 X/MENIT; BEDAH BAWAH III: VARISES GRADE II; MATA II: VOS 6/9 S-0.50 6/6","Aktif"
"261","3215060907080002","2026-SECABA-261","ARYA SUKMADIJAYA","SECABA","DIKMABA TA 2026","Siswa Bintara","Kompi B","Peleton 4","L","KODAM III/SLW - KODIM 0604/KARAWANG","KARAWANG","2008-07-09","O","164","73","120/80","Siap Latih","Stakes IV (Tidak Memenuhi Syarat)","LAB IV/TMS1: HDL 31; IMT III: 27.17 BB +5.84 KG; KULIT III: HIPERHIDROSIS RINGAN, HPI, SKABIES; TENSI II: 124/68 MMHG 83 X/MENIT","Aktif"
"262","3278050610070006","2026-SECABA-262","ARYA ILHAM MAULANA","SECABA","DIKMABA TA 2026","Siswa Bintara","Kompi B","Peleton 4","L","KODAM III/SLW - KODIM 0612/TASIKMALAYA","TASIKMALAYA","2007-10-06","O","167","51","130/80","Siap Latih","Stakes IV (Tidak Memenuhi Syarat)","LAB IV/TMS1: ASAM URAT 8.8; IMT III: 18.35 BB -4.58 KG; GIGI III: 38 FOOD IMPAKSI 48 IMPAKSI; TENSI II: 116/72 MMHG 84 X/MENIT; BEDAH BAWAH II: VARISES GRADE I; KULIT II: PV DI PUNGGUNG; EKG II: RAD","Aktif"
"263","3276090411060002","2026-SECABA-263","MARAYA SATRIO WIDODO","SECABA","DIKMABA TA 2026","Siswa Bintara","Kompi B","Peleton 4","L","KODAM III/SLW - KODIM 0606/KOTA BOGOR","BANDUNG","2006-11-04","O","174","56","120/80","Siap Latih","Stakes IV (Tidak Memenuhi Syarat)","LAB IV/TMS1: ASAM URAT 8.6; TENSI III: 132/66 71; IMT II: 18.41 BB -4.83 KG; MATA II: VOD 6/9 S-0.50 6/6; EKG II: ICRBBB","Aktif"
"264","3273160105050002","2026-SECABA-264","RIYAN ARDIYANSAH","SECABA","DIKMABA TA 2026","Siswa Bintara","Kompi B","Peleton 4","L","KODAM III/SLW - KODIM 0618/KOTA BANDUNG","BANDUNG","2005-04-01","O","166","63","120/80","Siap Latih","Stakes IV (Tidak Memenuhi Syarat)","LAB IV/TMS1: ASAM URAT 8.3; TENSI III: 139/85 MMHG 72 X/MENIT; MATA II: VODS 6/9 S-0.50 6/6; EKG II: ICRBBB","Aktif"
"265","3213052303060005","2026-SECABA-265","MUHAMAD FATHAN RAKSA WIBAWA","SECABA","DIKMABA TA 2026","Siswa Bintara","Kompi B","Peleton 4","L","KODAM III/SLW - KODIM 0605/SUBANG","SUBANG","2006-03-23","O","171","63","100/70","Siap Latih","Stakes IV (Tidak Memenuhi Syarat)","LAB IV/TMS1: HEMOGLOBIN 19.0; TENSI III: 124/88 MMHG 65 X/MENIT; BEDAH BAWAH II: VARISES GRADE I; KULIT II: ACNE WAJAH, SCAR DI WAJAH; MATA II: VODS 6/9 S-0.50 6/6","Aktif"
"266","3604042507070003","2026-SECABA-266","LALU SANDHIKA WIRA BANGSA","SECABA","DIKMABA TA 2026","Siswa Bintara","Kompi B","Peleton 4","L","KODAM III/SLW - KODIM 0602/SERANG","SERANG","2007-07-25","O","174","65","130/80","Berobat Jalan","Stakes III (Kurang/Dispen)","TENSI III: 139/89 MMHG 105 X/MENIT; BEDAH BAWAH II: VARISES GRADE I; LAB II: LDL 151 HDL43","Aktif"
"267","3205112010060001","2026-SECABA-267","LUHUT ALPANTORANG RAMBE","SECABA","DIKMABA TA 2026","Siswa Bintara","Kompi B","Peleton 4","L","KODAM III/SLW - KODIM 0611/GARUT","GARUT","2006-10-20","O","164","52","110/70","Siap Latih","Stakes II (Baik)","IMT II: 19.08 BB -2.49 KG","Aktif"
"268","3204121006060005","2026-SECABA-268","ALFAN DWI CAHYO","SECABA","DIKMABA TA 2026","Siswa Bintara","Kompi B","Peleton 4","L","KODAM III/SLW - KODIM 0624/KAB BANDUNG","BANDUNG","2006-06-10","O","173","73","120/80","Berobat Jalan","Stakes III (Kurang/Dispen)","LAB III: ASAM URAT 7.8; TENSI II: 108/68 MMHG 68 X/MENIT; GIGI II: CROWDED ANT RA RINGAN; KULIT II: STRIAE; EKG II: LAD","Aktif"
"269","3204252811070001","2026-SECABA-269","ARIES FADLIANSYAH","SECABA","DIKMABA TA 2026","Siswa Bintara","Kompi B","Peleton 4","L","KODAM III/SLW - KODIM 0624/KAB BANDUNG","BANDUNG","2007-11-28","O","169","59","100/70","Berobat Jalan","Stakes III (Kurang/Dispen)","LAB III: SEDIMEN URINE LEKOSIT 5-10/LPB; TENSI II: 104/60 MMHG 69 X/MENIT; GIGI II: 38 IMPAKSI","Aktif"
"270","3271053101080003","2026-SECABA-270","AL TALAL FADLY TATENI","SECABA","DIKMABA TA 2026","Siswa Bintara","Kompi B","Peleton 4","L","KODAM III/SLW - KODIM 0606/KOTA BOGOR","BOGOR","2008-01-31","O","168","62","110/70","Siap Latih","Stakes II (Baik)","TENSI II: 125/64 MMHG 60 X/MENIT; BEDAH II: HEMOROID EKTERNA NON SIRKULER; KULIT II: VULNUS EKSKORIATUM 3X5 CM, AVR DI PUNGGUNG; LAB II: HDL 44","Aktif"
"271","3205261701080003","2026-SECABA-271","RAVA TRI RAIPAN","SECABA","DIKMABA TA 2026","Siswa Bintara","Kompi B","Peleton 4","L","KODAM III/SLW - KODIM 0611/GARUT","BANDUNG","2008-01-17","O","165","63","110/80","Berobat Jalan","Stakes III (Kurang/Dispen)","TENSI III: 139/68 MMHG 79 X/MENIT; LAB III: LEKOSIT 13.210; KULIT II: SKINTAG DI BOKONG","Aktif"
"272","3205051808080001","2026-SECABA-272","ZAIDAN NASHOFA ABDUL FATAH","SECABA","DIKMABA TA 2026","Siswa Bintara","Kompi B","Peleton 4","L","KODAM III/SLW - KODIM 0611/GARUT","GARUT","2008-08-18","O","172","66","100/70","Berobat Jalan","Stakes III (Kurang/Dispen)","BEDAH BAWAH III: VARISES GRADE II; LAB III: LEKOSIT 13.050; TENSI II: 109/65 MMHG 75 X/MENIT; MATA II: VOD 6/10 S-0.75 6/6 VOS 6/9 S-0.50 6/6","Aktif"
"273","3204080706070001","2026-SECABA-273","REYFAN ARIZSQI","SECABA","DIKMABA TA 2026","Siswa Bintara","Kompi B","Peleton 4","L","KODAM III/SLW - KODIM 0624/KAB BANDUNG","BANDUNG","2007-06-07","O","164","65","120/80","Berobat Jalan","Stakes III (Kurang/Dispen)","LAB III: ASAM URAT 7.9; TENSI II: 130/68 MMHG 68 X/MENIT; BEDAH BAWAH II: VARISES GRADE I; KULIT II: AVR DI WAJAH","Aktif"
"274","3212271308080001","2026-SECABA-274","SYAMILL ARIF SYAHREZA","SECABA","DIKMABA TA 2026","Siswa Bintara","Kompi B","Peleton 4","L","KODAM III/SLW - KODIM 0616/INDRAMAYU","INDRAMAYU","2008-08-13","O","174","66","130/80","Berobat Jalan","Stakes III (Kurang/Dispen)","TENSI III: 139/84 MMHG 89 X/MENIT; THORAX II: CORAKAN BRONCHOVASCULER BERLEBIH","Aktif"
"275","3217090212060006","2026-SECABA-275","HARIS TRI WIJAYA","SECABA","DIKMABA TA 2026","Siswa Bintara","Kompi B","Peleton 4","L","KODAM III/SLW - KODIM 0609/CIMAHI","BANDUNG","2006-12-02","O","175","69","110/70","Siap Latih","Stakes IV (Tidak Memenuhi Syarat)","LAB IV/TMS2: ASAM URAT 9.1; TENSI III: 139/73 MMHG 75 X/MENIT; KULIT II: SCAR 1X1 CM <5 CM; EKG II: RAD","Aktif"
"276","3204251102050002","2026-SECABA-276","FERNANDO SIGALINGGING","SECABA","DIKMABA TA 2026","Siswa Bintara","Kompi B","Peleton 4","L","KODAM III/SLW - KODIM 0624/KAB BANDUNG","BANDUNG","2005-02-11","O","168","74","110/80","Siap Latih","Stakes IV (Tidak Memenuhi Syarat)","LAB IV/TMS2: ASAM URAT 10.1; TENSI III: 135/74 MMHG 64 X/MENIT; IMT II: 26.22 BB +3.44 KG; KULIT II: MULTIPLE SCAR DI TANGAN KANAN","Aktif"
"277","3202150811070001","2026-SECABA-277","WISNU AINUNNAJIB","SECABA","DIKMABA TA 2026","Siswa Bintara","Kompi B","Peleton 4","L","KODAM III/SLW - KODIM 0622/KAB SUKABUMI","SUKABUMI","2007-11-08","O","167","64","120/80","Siap Latih","Stakes IV (Tidak Memenuhi Syarat)","LAB IV/TMS2: ASAM URAT 9.2; TENSI III: 139/69 MMHG 78 X/MENIT; KULIT II: AVR DI WAJAH","Aktif"
"278","3277010911070006","2026-SECABA-278","MUHAMMAD FAADHIL HAQAPUTRA","SECABA","DIKMABA TA 2026","Siswa Bintara","Kompi B","Peleton 4","L","KODAM III/SLW - KODIM 0609/CIMAHI","KOTA CIMAHI","2007-11-09","O","166","55","100/70","Siap Latih","Stakes IV (Tidak Memenuhi Syarat)","LAB IV/TMS2: ASAM URAT 9.1; TENSI II: 122/70 MMHG 67 X/MENIT; BEDAH BAWAH II: VARISES GRADE I; MATA II: VOS 6/10 S-0.75 6/6; EKG II: SINUS ARITMIA","Aktif"
"279","3201382808070002","2026-SECABA-279","CHRISTIAN IMMANUEL LUMBAN GAOL","SECABA","DIKMABA TA 2026","Siswa Bintara","Kompi B","Peleton 4","L","KODAM III/SLW - KODIM 0621/KAB BOGOR","BOGOR","2007-08-28","O","167","55","120/80","Siap Latih","Stakes IV (Tidak Memenuhi Syarat)","LAB IV/TMS1: HDL 34; TENSI III: 133/69 MMHG 65 X/MENIT; IMT II: 19.77 BB -0.64 KG; EKG II: RAD","Aktif"
"280","3273221701080004","2026-SECABA-280","MARCO ANDRIANUS","SECABA","DIKMABA TA 2026","Siswa Bintara","Kompi B","Peleton 4","L","KODAM III/SLW - KODIM 0618/KOTA BANDUNG","BANDUNG","2008-01-17","O","172","65","130/80","Siap Latih","Stakes IV (Tidak Memenuhi Syarat)","LAB IV/TMS1: HEMOGLOBIN 18.8; TENSI III: 132/75 MMHG 71 X/MENIT; BEDAH BAWAH III: VARISES GRADE II; KULIT II: PV DI WAJAH DAN PUNGGUNG; HPI; MATA II: VODS 6/9 S-0.50 6/6","Aktif"
