"FORMAT PENGINPUTAN LENGKAP DATA SERDIK — DAPOKDIKMA CABA TA 2026 (SECABA)","","","","","","","","","","","","","","","","","","","","","","","","","","","","","","","","","","","","","","","","","","","","","","","","","",""
"PETUNJUK LENGKAP: Memuat seluruh data Pokok, Rekam Medis Fisik, IQ, Psikologi, Kesamaptaan Jasmani (Garjas A & B), Litpers, dan Data Orang Tua. NIK 16 digit terproteksi. Format ini sinkron 100% dengan Dapokdikma Mabesad/Kodam.","","","","","","","","","","","","","","","","","","","","","","","","","","","","","","","","","","","","","","","","","","","","","","","","","",""
"","","","","","","","","","","","","","","","","","","","","","","","","","","","","","","","","","","","","","","","","","","","","","","","","","",""
"NO","NIK_KTP","NOSIK","NAMA_LENGKAP","KODE_SATDIK","PROGRAM_PENDIDIKAN","PANGKAT_SISWA","KOMPI","PELETON","GENDER_L_P","KODAM/KODIM_ASAL","TEMPAT_LAHIR","TANGGAL_LAHIR","GOL_DARAH","TB_CM","BB_KG","TENSI_MMHG","STATUS_KESEHATAN","STAKES_MILITER","CATATAN_MEDIS","STATUS_SISWA","IQ","NILAI_PSI","KLASIFIKASI_PSI","SARAN_KECABANGAN","NILAI_JASMANI","KLASIFIKASI_JAS","LARI_JARAK_M","LARI_NILAI","PULL_UP_JML","PULL_UP_NILAI","SIT_UP_JML","SIT_UP_NILAI","PUSH_UP_JML","PUSH_UP_NILAI","SHUTTLE_DETIK","SHUTTLE_NILAI","RENANG_NILAI","RENANG_GAYA","KLASIFIKASI_LITPERS","LITPERS_TERTULIS","LITPERS_WAWANCARA","NILAI_AKHIR_SELEKSI","NOMOR_TES_PANPUS","NO_HP_SISWA","EMAIL_SISWA","ASAL_SEKOLAH","NAMA_ORTU","PEKERJAAN_ORTU","NO_HP_ORTU","ALAMAT_DOMISILI"
"1","3277010908060002","2026-SECABA-001","WILDAN ROHMAT HIDAYAT","SECABA","DIKMABA TA 2026","Siswa Bintara","Kompi A","Peleton 1","L","KODAM III/SLW - KODIM 0609/CIMAHI","BANDUNG","2006-08-09","O","173","61","120/80","Siap Latih","Stakes II (Baik)","TENSI II: 130/75 MMHG 74 X/MENIT; GIGI II: 48 IMPAKSI; KULIT II: STRIAE; LAB II: HDL 41","Aktif","119","75","PSI 2","ARH, ARM","86.18","MS","2985","72","18","100","41","100","43","100","16.9","90","99","GD","MS","22","45.6","79.47","030.0458/CABA-III/2026","085523713896","WILDANROHMAT381@GMAIL.COM","SMAN 6 CIMAHI","SUMADI","BURUH HARIAN LEPAS","082120906317","CIMINDI HILIR RT 04/RW 30 KEL.CIBEUREUM KEC.CIMAHI SELATAN KOTA CIMAHI"
"2","3272042102050021","2026-SECABA-002","MUHAMAD ALFARIEL SUPRIADI","SECABA","DIKMABA TA 2026","Siswa Bintara","Kompi A","Peleton 1","L","KODAM III/SLW - KODIM 0607/KOTA SUKABUMI","SUKABUMI","2005-02-21","O","166","60","120/80","Siap Latih","Stakes II (Baik)","TENSI II: 126/77 MMHG 60X/MENIT; KULIT II: MULTIPLE NEVUS DI WAJAH; MATA II: VODS 6/9 S-0.50 6/6","Aktif","123","74","PSI 2","CZI, INF","82.99","MS","2945","70","18","100","41","100","43","100","17.6","83","84","GD","MS","24","49.8","77.6","030.0062/CABA-III/2026","089673532515","MUHAMADALFARIELSUPRIADI@GMAIL.COM","SMKN 1 KOTA SUKABUMI","CUCUP SUPRIYADI","KARYAWAN SWASTA","08999228830","KP SALAEURIH RT 003/007 KEL DAYEUHLUHUR KEC WARUDOYONG KOTA SUKABUMI"
"3","3673061312070002","2026-SECABA-003","FARRELL DWI PRIANDHIKA","SECABA","DIKMABA TA 2026","Siswa Bintara","Kompi A","Peleton 1","L","KODAM III/SLW - KODIM 0602/SERANG","SERANG","2007-12-13","O","175","65","120/80","Siap Latih","Stakes II (Baik)","TENSI II: 123/65 MMHG 99 X/MENIT; LAB II: ASAM URAT 7.1","Aktif","125","72","PSI 2","INF, CKM","85.16","MS","2980","72","18","100","41","100","43","100","17","89","90","GD","MS","22.4","42.6","77.26","030.0202/CABA-III/2026","085719177181","FAREELLDWIPRI13@GMAIL.COM","SMAN 3 KOTA SERANG","SUPRIONO","TNI-AD","089687022430","KP. LEBAK JERO RT 22 RW 08 KEL. TAMAN BARU KEC. TATAKAN KOTA SERANG"
"4","1202120112070003","2026-SECABA-004","JASTIN FERNANDES. S","SECABA","DIKMABA TA 2026","Siswa Bintara","Kompi A","Peleton 1","L","KODAM III/SLW - KODIM 0602/SERANG","AMBAR SALENGKAT","2007-12-01","O","171","72","130/80","Siap Latih","Stakes II (Baik)","TENSI II: 122/70 MMHG 78 X/MENIT; KULIT II: AVR DI WAJAH; EKG II: RAD","Aktif","123","73","PSI 2","INF, KAV","79.86","MS","2900","68","13","75","40","95","41","90","17","89","100","GD","MS","23.2","46.2","75.74","030.0107/CABA-III/2026","081362540515","FERNANDESSIMANJUNTAK1@GMAIL.COM","SMAN 1 SIPAHUTAR","KENNDI SIMANJUNTAK (ALM)/ESRA GURNING","GURU","082277092950","PERUM TAMAN LOPANG INDAH BLOK F15 NO.4 RT 03 RW 11 KEL. LOPANG KEC. SERANG KOTA SERANG"
"5","3604010405080008","2026-SECABA-005","MOCH. BANGGA SETIA BERDIKARI","SECABA","DIKMABA TA 2026","Siswa Bintara","Kompi A","Peleton 1","L","KODAM III/SLW - KODIM 0602/SERANG","SERANG","2008-05-04","O","173","68","110/70","Siap Latih","Stakes II (Baik)","GIGI II: OPEN BITE ANT 1 MM; BEDAH II: HEMOROID EXTERNA NON SIRKULER; BEDAH BAWAH II: VARISES GRADE I; MATA II: VOD 6/9 S-0.50 6/6; LAB II: LDL 116 HDL 46","Aktif","118","73","PSI 2","INF, KAV","79.64","MS","2940","70","11","65","41","100","40","85","17","89","100","GD","MS","22.4","45.6","75.66","030.0214/CABA-III/2026","085882877642","BENGGGGGGA@GMAIL.COM","SMAN 2 KOTA SERANG","MOHAMAD ALEX SETIA EDI SAROYO","PENSIUNAN","082310270399","TAMAN PURI INDAH BLOK D10 NO. 11 RT 03 RW 17 KEL. SERANG KEC. SERANG KOTA SERANG"
"6","3217086802070009","2026-SECABA-006","ZARRA ADITYA PERDIANA","SECABA","DIKMABA TA 2026","Siswa Bintara","Kompi A","Peleton 1","L","KODAM III/SLW - KODIM 0609/CIMAHI","BANDUNG","2007-02-28","O","170","64","120/80","Siap Latih","Stakes II (Baik)","TENSI II: 130/62 MMHG 62 X/MENIT; KULIT II: AVR DI WAJAH; MATA II: VODS 6/9 S-0.50 6/6; LAB II: LDL 102","Aktif","113","66","PSI 2","INF, KAV","86.06","MS","2985","72","18","100","41","100","43","100","17","89","99","GD","MS","20","48.6","74.02","030.0381/CABA-III/2026","085257662181","GOLDEXPERIENCEREQUIM666@GMAIL.COM","SMAN 2 PADALARANG","DARAJAT/SUMARTINI (ALMH)","PENSIUNAN PNS","0822-1060-0128","KP. NEGLAJAYA RT001 RW012. KEL. TAGOGAPU. KEC. PADALARANG. KAB. BANDUNG BARAT"
"7","3604092903060005","2026-SECABA-007","NANDO ARSY SAMUDERA","SECABA","DIKMABA TA 2026","Siswa Bintara","Kompi A","Peleton 1","L","KODAM III/SLW - KODIM 0602/SERANG","SERANG","2006-03-29","O","176","75","110/70","Siap Latih","Stakes II (Baik)","TENSI II: 122/63 MMHG 64 X/MENIT","Aktif","114","66","PSI 2","INF, CKM","85.95","MS","2995","73","17","95","41","100","43","100","17","89","99","GD","MS","24","48.6","73.98","030.0434/CABA-III/2026","085930131662","NANDOARSYAMUDERA@1193@GMAIL.COM","SMAN 1 CIRUAS","ASEP SUPIANDI","KARYAWAN SWASTA","085780131772","KP. KUARON RT 05 RW 01 DS. CITEREP KEC. CIRUAS KAB SERANG"
"8","3273132501070009","2026-SECABA-008","BAGAS JANUAR EKA PRASETIO","SECABA","DIKMABA TA 2026","Siswa Bintara","Kompi A","Peleton 1","L","KODAM III/SLW - KODIM 0625/PANGANDARAN","BANDUNG","2007-01-25","O","170","54","110/80","Siap Latih","Stakes II (Baik)","IMT II: 18.80 BB -3.46 KG; GIGI II: 48 IMPAKSI; BEDAH BAWAH II: VARISES GRADE I; KULIT II: NEVUS 1X1 DI PUNGGUNG; HPI DI KAKI; SCAR HIPERTROFIK 5 CM; EKG II: RAD","Aktif","119","67","PSI 2","INF, CKM","83.01","MS","2850","65","18","100","41","100","43","100","17","89","100","GD","MS","24","48.6","73.4","030.0243/CABA-III/2026","0882016477037","BAGASPRASETIO910@GMAIL.COM","SMAN 1 KEDUNGREJA","ISMAN YATINO","TNI-AD","082216115290","KP. CIRATEUN RT 05/ RW 03 DS. PUTRAPINGGAN KEC. KALIPUCANG KAB. PANGANDARAN"
"9","3273131205080005","2026-SECABA-009","FAHRI FADILLAH","SECABA","DIKMABA TA 2026","Siswa Bintara","Kompi A","Peleton 1","L","KODAM III/SLW - KODIM 0618/KOTA BANDUNG","BANDUNG","2008-05-12","O","179","66","110/80","Siap Latih","Stakes II (Baik)","TENSI II: 130/82 MMHG 71 X/MENIT; KULIT II: PV DI PUNGGUNG, BM DI PUNGGUNG <10 CM; MATA II: VOD 6/9 S-0.50 6/6 VOS 6/10 S-0.75 6/6","Aktif","113","67","PSI 2","INF, KAV","82.46","MS","2921","69","14","80","41","100","43","100","17","89","99","GD","MS","22","45","73.18","030.0129/CABA-III/2026","087792925274","FAHRIFADILLAH1252008@GMAIL.COM","SMAN 22 BANDUNG","RONI NASRULLOH","TNI-AD","081221866025","JL. ASRAMA YONKA-4 BLOK A.0 RT 011/RW 008 KEL. LINGKAR SELATAN KEC. LENGKONG KOTA BANDUNG"
"10","3202462803060001","2026-SECABA-010","FARIZ ALFAUZI","SECABA","DIKMABA TA 2026","Siswa Bintara","Kompi A","Peleton 1","L","KODAM III/SLW - KODIM 0622/KAB SUKABUMI","SUKABUMI","2006-03-28","O","163","52","120/80","Siap Latih","Stakes II (Baik)","IMT II: 19.55 BB -1.20 KG; TENSI II: 124/72 MMHG 55 X/MENIT; MATA II: VOD 6/9 S-0.50 6/6; THORAX II: CORAKAN BRONCHOVASCULER BERLEBIH","Aktif","108","67","PSI 2","INF, CZI","81.74","MS","2990","72","18","100","36","75","43","100","17.1","88","85","GD","MS","22","51","72.9","030.0382/CABA-III/2026","085724410730","DOAIBU28306@GMAIL.COM","SMAN 1 JAMPANGKULON","HENDRA RUKMANA","WIRASWASTA","081617143611","KP. PASIR HUNI RT007 RW003 DESA SUKAJADI KEC. CIMANGGU KAB. SUKABUMI"
"11","3273010612070003","2026-SECABA-011","RAIHAN SAPUTRA PRATAMA","SECABA","DIKMABA TA 2026","Siswa Bintara","Kompi A","Peleton 1","L","KODAM III/SLW - KODIM 0618/KOTA BANDUNG","BANDUNG","2007-12-06","O","172","60","120/80","Siap Latih","Stakes II (Baik)","TENSI II: 124/72 MMHG 66 X/MENIT; GIGI II: CROWDED ANT RA RINGAN; MATA II: VODS 6/10 S-0.75 6/6; LAB II: LEKOSIT 11.980","Aktif","124","70","PSI 2","INF, KAV","76.96","MS","2800","62","14","80","41","100","41","90","18","79","98","GD","MS","26.4","46.2","72.78","030.0331/CABA-III/2026","081313487645","HERISUTARDI375@GMAIL.COM","SMAN 15 BANDUNG","HERI SUTARDI","WIRASWASTA","081324111430","JL.KEKAL NO 131 A KPAD RT 10 RW 02.KEL.GEGERKALONG KEC SUKASARI KOTA BANDUNG"
"12","3206032811070001","2026-SECABA-012","REIHAN FAKAR BAHARI","SECABA","DIKMABA TA 2026","Siswa Bintara","Kompi A","Peleton 1","L","KODAM III/SLW - KODIM 0612/TASIKMALAYA","TASIKMALAYA","2007-11-28","O","169","62","130/80","Siap Latih","Stakes II (Baik)","TENSI II: 130/71 MMHG 78 X/MENIT; BEDAH II: OPERASI HEMOROID 3/2026","Aktif","114","67","PSI 2","INF, KAV","81","MS","2895","67","13","75","41","100","43","100","17","89","99","GD","MS","22.4","48.6","72.6","030.0421/CABA-III/2026","08212062123","REIHANFAKARB@GMAIL.COM","SMAN 1 CIKALONG","JUMLI SUMARLI/RENI ANDRIANI (ALMH)","PERANGKAT DESA","0823-1994-7282","KP.RAHAYU.RT 001/RW 002.DS.PANYIARAN.KEC.CIKALONG.KAB.TASIKMALAYA"
"13","3271055612070001","2026-SECABA-013","HIZKIA SARAEL HUTAGALUNG","SECABA","DIKMABA TA 2026","Siswa Bintara","Kompi A","Peleton 1","L","KODAM III/SLW - KODIM 0617/MAJALENGKA","BOGOR","2007-12-16","O","176","63","120/80","Siap Latih","Stakes II (Baik)","BEDAH II: OPS VARICOCELE SINISTRA 2025; HEMOROID EXTERNA NON SIRKULER; BEDAH BAWAH II: VARISES GRADE I; KULIT II: AVR DI WAJAH DAN BADAN","Aktif","121","67","PSI 2","CKM, INF","80.54","MS","2925","69","18","100","41","100","37","70","17.8","81","100","GD","MS","26","46.8","72.42","030.0330/CABA-III/2026","085795321520","HIZKIASARAEL@GMAIL.COM","SMAN 1 MAJALENGKA","ROBINHOT NATULUS HUTAGALUNG","WIRASWASTA","085524615529","PERUM MUTIARA ASRI 2 NO 22 RT 016 /RW007 DS.KUTAMANGGU KEC.CIGASONG KAB MAJALENGKA"
"14","3272050809080002","2026-SECABA-014","MARDINGOT MARALES MUNTHE","SECABA","DIKMABA TA 2026","Siswa Bintara","Kompi A","Peleton 1","L","KODAM III/SLW - KODIM 0607/KOTA SUKABUMI","TONGGING","2008-09-08","O","167","53","110/70","Siap Latih","Stakes II (Baik)","IMT II: 19.07 BB -2.58 KG; TENSI II: 117/60 MMHG 61 X/MENIT; GIGI II: DEEP BITE CINGULUM; BEDAH BAWAH II: VARISES GRADE I; KULIT II: AVR DI WAJAH; EKG II: ICRBBB","Aktif","118","71","PSI 2","INF, ARM","73.53","MS","2600","52","18","100","39","90","43","100","17.9","80","85","GD","MS","24","48","72.01","030.0413/CABA-III/2026","085216958460","MARDINGMARDINGOTPES@GMAIL.COM","SMAN 5 KOTA SUKABUMI","MIMPIN PANDAPOTAN MUNTHE","BURUH","0852-1376-0832","JL. AKIK XI NO 125 RT03 RW16 KEL BAROS KEC BAROS KOTA SUKABUMI"
"15","3204140611070001","2026-SECABA-015","WILLKY RAJA PANDE SINAGA","SECABA","DIKMABA TA 2026","Siswa Bintara","Kompi A","Peleton 1","L","KODAM III/SLW - KODIM 0624/KAB BANDUNG","BANDUNG","2007-11-06","O","165","61","120/80","Siap Latih","Stakes II (Baik)","TENSI II: 127/80 MMHG 64 X/MENIT; KULIT II: HPI; LAB II: HDL 43; EKG II: SINUS ARITMIA","Aktif","125","68","PSI 2","INF, KAV","77.89","MS","2751","60","18","100","38","85","43","100","17.7","82","96","GD","MS","20","48.6","71.96","030.0325/CABA-III/2026","082319684055","WILLKYRAJA6@GMAIL.COM","SMAN 1 BALEENDAH","M HERDYANTO SINAGA","KARYAWAN SWASTA","082111511677","KP. CILURUNG RT 02/RW 02 DS. LEBAKWANGI KEC.ARJASARI KAB. BANDUNG"
"16","3601351808080006","2026-SECABA-016","AGUNG HILMI YAHYA","SECABA","DIKMABA TA 2026","Siswa Bintara","Kompi A","Peleton 1","L","KODAM III/SLW - KODIM 0603/LEBAK","PANDEGLANG","2008-08-18","O","173","65","120/80","Siap Latih","Stakes II (Baik)","TENSI II: 109/61 MMHG 68 X/MENIT; MATA II: VODS 6/9 S-0.50 6/6; LAB II: TROMOBOSIT 413.000 ASAM URAT 7.1 LDL 110 HDL38","Aktif","103","64","PSI 2","CKM, INF","83.91","MS","2895","67","18","100","41","100","43","100","17","89","100","GD","MS","23.2","48.6","71.96","030.0408/CABA-III/2026","085710143268","AGUNGHILMICASIS24@GMAIL.COM","MAN 3 PANDEGLANG","HASRUDIN","BUMN","085219810450","KP. PESANGGRAHAN RW 02 RW 03 DS. SOBANG KEC. SOBANG KAB. LEBAK"
"17","1673052807070002","2026-SECABA-017","ADITYA","SECABA","DIKMABA TA 2026","Siswa Bintara","Kompi A","Peleton 1","L","KODAM III/SLW - KODIM 0609/CIMAHI","LUBUKLINGGAU","2007-07-28","O","164","58","110/70","Siap Latih","Stakes II (Baik)","TENSI II: 114/64 MMHG 68 X/MENIT; GIGI II: CROWDED ANT RA RINGAN; BEDAH BAWAH II: VARISES GRADE I; KULIT II: AVR DI WAHAG DADA DAN PUNGGUNG; LAB II: LDL 103","Aktif","105","62","PSI 2","INF, CZI","86.63","MS","2995","73","18","100","41","100","43","100","16.9","90","99","GD","MS","23.2","49.2","71.85","030.0400/CABA-III/2026","083181828659","AAADITYA2807@GMAIL.COM","SMAN 5 LUBUKLINGGAU","RIZKAN EKA PUTRA","WIRASWASTA","081368806163","KP.HAURNGAMBANG RT 03 RW 06 DS BATUJAJAR TIMUR KEC BATUJAJAR KAB BANDUNG BARAT"
"18","3272031011040942","2026-SECABA-018","RAIENDRA GILANG RAMADHAN","SECABA","DIKMABA TA 2026","Siswa Bintara","Kompi A","Peleton 1","L","KODAM III/SLW - KODIM 0607/KOTA SUKABUMI","SUKABUMI","2004-11-10","O","168","65","110/80","Siap Latih","Stakes II (Baik)","TENSI II: 125/64 MMHG 61 X/MENIT; KULIT II: AVR DI WAJAH; EKG II: LAD","Aktif","116","66","PSI 2","INF, CKM","80.44","MS","2800","62","18","100","41","100","43","100","18","79","99","GD","MS","24","49.8","71.78","030.0048/CABA-III/2026","0856-6875-7279","GILANGRAIENDRA04@GMAIL.COM","SMKPPN PADANG MENGATAS","NANDA SETIAWAN","WIRASWASTA","081220378231","JL.PABUARAN PRAPATAN DWIKORA RT.003 RW.005 KEL. DAYEUHLUHUR KEC. WARUDOYONG KOTA SUKABUMI"
"19","3602025906080001","2026-SECABA-019","ANGGUN TRIANSA","SECABA","DIKMABA TA 2026","Siswa Bintara","Kompi A","Peleton 1","L","KODAM III/SLW - KODIM 0603/LEBAK","LEBAK","2008-06-19","O","164","59","130/80","Siap Latih","Stakes II (Baik)","TENSI II: 127/78 MMHG 60 X/MENIT","Aktif","109","66","PSI 2","INF, CKM","79.98","MS","2775","61","18","100","41","100","43","100","18.1","78","100","GD","MS","24","50.4","71.59","030.0447/CABA-III/2026","081217604637","ANGGUNTRIANSATRIANSA@GMAIL.COM","SMAN 1 BAYAH","SUHENDRA","BURUH TANI","083878416654","KP. SUKASARI RT/RW 005/004 DES. MEKARJAYA KEC. PANGGARANGAN KABUPATEN LEBAK PROVINSI BANTEN"
"20","3274031306080001","2026-SECABA-020","YARIS ROYANTO","SECABA","DIKMABA TA 2026","Siswa Bintara","Kompi A","Peleton 1","L","KODAM III/SLW - KODIM 0614/KOTA CIREBON","CIREBON","2008-06-13","O","180","64","110/80","Siap Latih","Stakes II (Baik)","IMT II: 19.71 BB -0.94 KG; TENSI II: 103/68 MMHG 98 X/MENIT; MATA II: VODS 6/9 S-0.50 6/6; LAB II: LDL 122 HDL 43","Aktif","118","72","PSI 2","INF, KAV","70.33","MS","2630","53","14","80","41","100","40","85","18.2","77","80","GD","MS","18.4","47.4","71.33","030.0177/CABA-III/2026","08211610735","YARISROYANTO1@GMAIL.COM","SMAN 3 CIREBON","TANTO","KARYAWAN SWASTA","085316260660","PERMATA HARJAMUKTI BLOK B6 NO15 RT 7 RW 14 KEL KALIJAGA KEC HARJAMUKTI KOTA CIREBON"
"21","3273251908060003","2026-SECABA-021","ZILHAN DANIAR RAHMANSYAH","SECABA","DIKMABA TA 2026","Siswa Bintara","Kompi A","Peleton 1","L","KODAM III/SLW - KODIM 0618/KOTA BANDUNG","BANDUNG","2006-08-19","O","172","71","120/80","Siap Latih","Stakes II (Baik)","TENSI II: 130/80 MMHG 87 X/MENIT; BEDAH II: POST OPS HEMOROID 2025","Aktif","105","70","PSI 2","INF, KAV","72.93","MS","2750","60","9","55","41","100","43","100","18.4","75","88","GD","MS","20","46.2","71.17","030.0459/CABA-III/2026","08138801349","ZILHANDANIAR06@GMAIL.COM","SMAN 14 BANDUNG","DADAN RAHMANSYAH","TNI-AD","081222417381","KOMP.PUSKOPAD RT 05.08 KEL.CISURUPAN KEC.CIBIRU KOTA BANDUNG"
"22","3602101808071001","2026-SECABA-022","GALUH RIMBO SUDRAJAT","SECABA","DIKMABA TA 2026","Siswa Bintara","Kompi A","Peleton 1","L","KODAM III/SLW - KODIM 0603/LEBAK","LEBAK","2007-08-18","O","165","58","120/80","Siap Latih","Stakes II (Baik)","TENSI II: 118/65 MMHG 65 X/MENIT; KULIT II: AVR DI WAJAH; LAB II: ASAM URAT 7.5 HDL 39","Aktif","124","72","PSI 2","INF, CKE","69.41","MS","2660","55","13","75","39","90","43","100","17.5","84","54","GD","MS","24","49.8","70.96","030.0406/CABA-III/2026","088219976275","SUDRAJATGALUH14@GMAIL.COM","SMAS DAREL AZHAR","ROCHMST DARYADI SM","TNI-AD","081299730442","KP. PASIR BINGLU RT 02 RW 01 DS. CIPADANG KEC. CILELES KAB. LEBAK"
"23","3203071907060001","2026-SECABA-023","M RAFLY RAMANDA","SECABA","DIKMABA TA 2026","Siswa Bintara","Kompi A","Peleton 1","L","KODAM III/SLW - KODIM 0608/CIANJUR","CIANJUR","2006-07-19","O","173","78","100/80","Siap Latih","Stakes II (Baik)","IMT II: 25.94 BB +2.83 KG; TENSI II: 118/66 MMHG 77 X/MENIT","Aktif","98","61","PSI 2","INF, ARM","85.5","MS","2990","72","17","95","41","100","43","100","17","89","99","GD","MS","20","48","70.8","030.0450/CABA-III/2026","085287045812","CANDRAALAKSANA893@GMAIL.COM","SMAN 1 CIRANJANG","IIN SUBANA","TNI-AD","081323039599","KP.CITAMIANG RT014/RW004 DS.SINDANGSARI KEC.CIRANJANG KAB.CIANJUR"
"24","3205082701080001","2026-SECABA-024","MUGNI RIZKI MUHARAM","SECABA","DIKMABA TA 2026","Siswa Bintara","Kompi A","Peleton 1","L","KODAM III/SLW - KODIM 0611/GARUT","GARUT","2008-01-27","O","165","56","130/70","Siap Latih","Stakes II (Baik)","TENSI II: 122/70 MMHG 68 X/MENIT; KULIT II: AVR DI WAJAH; BM 10 CM; MATA II: VOD 6/10 S-0.75 6/6 VOS 6/9 S-0.50 6/6; LAB II: LEKOSIT 11.700 ASAM URAT 7.5 TRIGLISERIDA 198 LDL 109 HDL 36","Aktif","90","65","PSI 2","CKM, INF","78.15","MS","2900","68","18","100","35","70","43","100","18.1","78","84","GD","MS","26","47.4","70.26","030.0335/CABA-III/2026","083134594348","MUGNIRIZKI27@GMAIL.COM","SMK BAKTI KENCANA GARUT","SOMANTRI","PETANI","081312686439","KP CIGADOG RT 05 RW 02 DS PADAMUKTI KEC PASIRWANGI KAB GARUT"
"25","3277020707060006","2026-SECABA-025","ANDRE AULADANI RAZAQ","SECABA","DIKMABA TA 2026","Siswa Bintara","Kompi A","Peleton 1","L","KODAM III/SLW - KODIM 0609/CIMAHI","CIMAHI","2006-07-07","O","174","60","110/80","Siap Latih","Stakes II (Baik)","IMT II: 19.84 BB -0.48 KG; TENSI II: 113/78 MMHG 85 X/MENIT; BEDAH II: OPS VARICOCELE SINISTRA 7/2025; BEDAH BAWAH II: VARISES GRADE I; LAB II: LEKOSIT 10.780","Aktif","125","71","PSI 2","INF, CKM","67.99","MS","2670","55","13","75","39","90","35","60","18.5","74","96","GD","MS","22","46.8","69.8","030.0350/CABA-III/2026","085286192314","AULADANIRAZAQQ@GMAIL.COM","SMAN 3 KOTA SUKABUMI","MASDJIDI NUZULURROCHIM","TNI-AD","087777500992","WISMA ARMED JL. WARUNG CONTONG RT 03 RW 14 KEL. SETIAMANAH KEC. CIMAHI TENGAH KOTA CIMAHI"
"26","3211030210040004","2026-SECABA-026","HERDI TYA MIFTAH FAUZI","SECABA","DIKMABA TA 2026","Siswa Bintara","Kompi A","Peleton 1","L","KODAM III/SLW - KODIM 0610/SUMEDANG","SUMEDANG","2004-10-02","O","170","65","120/80","Siap Latih","Stakes II (Baik)","TENSI II: 110/67 MMHG 65 X/MENIT; GIGI II: 12 13 DIASTEM; KULIT II: AVR DI WAJAH DAN PUNGGUNG; MATA II: VOS 6/9 S-0.50 6/6; LAB II: LEKOSIT 11.990 LDL 115","Aktif","106","73","PSI 2","KAV, CKM","64.98","MS","2490","46","10","60","35","70","43","100","17.9","80","94","GD","MS","20","46.2","69.79","030.0143/CABA-III/2026","081219471635","HERDITYAMF@GMAIL.COM","SMAN 3 SUMEDANG","HEGAR SUGIARTO","WIRASWASTA","081321657449","DUSUN WARUNGKETAN RT02 RW01 DESA JATIMEKAR KEC. SITURAJA KAB. SUMEDANG"
"27","1202090812060001","2026-SECABA-027","SURYA GANTI PURBA","SECABA","DIKMABA TA 2026","Siswa Bintara","Kompi A","Peleton 1","L","KODAM III/SLW - KODIM 0605/SUBANG","SITAMPURUNG","2006-12-08","O","175","71","120/80","Siap Latih","Stakes II (Baik)","TENSI II: 122/65 MMHG 67 X/MENIT; GIGI II: 15 36 46 MISSING; BEDAH BAWAH II: VARISES GRADE I; KULIT II: AVR DI WAJAH DADA DAN PUNGGUNG; TINEA CRURIS; LAB II: LEKOSIT 10.220","Aktif","100","61","PSI 2","KAV, CZI","82.83","MS","2995","73","18","100","41","100","43","100","16.9","90","61","GD","MS","22","48.6","69.73","030.0425/CABA-III/2026","088905369419","SURYAPURBA0813@GMAIL.COM","SMAN 2 SIBORONGBORONG","SAURDOT PURBA","WIRASWASTA","081221729883","PERUM PADAASIH PERMAI RT 003/RW 001 KEC. CIBOGO KAB. SUBANG"
"28","3204140908070003","2026-SECABA-028","MUHAMAD FARIZ ALFARIZI","SECABA","DIKMABA TA 2026","Siswa Bintara","Kompi A","Peleton 1","L","KODAM III/SLW - KODIM 0624/KAB BANDUNG","BANDUNG","2007-08-09","O","164","51","120/80","Siap Latih","Stakes II (Baik)","IMT II: 18.94 BB -2.86 KG; TENSI II: 130/73 MMHG 79 X/MENIT; BEDAH II: ABSES REGIO GLUTEA; KULIT II: BM <10 CM; LAB II: LEKOSIT 10.230 HDL 38; THORAX II: CORAKAN BRONCHOVASCULER BERLEBIH","Aktif","77","61","PSI 2","INF, CKE","82.69","MS","2890","67","16","90","41","100","43","100","17","89","99","GD","MS","24","50.4","69.68","030.0461/CABA-III/2026","083197950743","FARIZSERDA@GMAIL.COM","SMAN 1 BANJARAN","SOPWAN AMILLUDIN","WIRASWASTA","085659578320","KP LANGONSARI RT02 RW03 KECAMATAN PAMENGPEUK KABUPATEN BANDUNG"
"29","3272011003050021","2026-SECABA-029","FERDYANSYACH PRASETYA","SECABA","DIKMABA TA 2026","Siswa Bintara","Kompi A","Peleton 1","L","KODAM III/SLW - KODIM 0607/KOTA SUKABUMI","SUKABUMI","2005-03-10","O","163","62","120/80","Siap Latih","Stakes II (Baik)","TENSI II: 130/78 MMHG 67 X/MENIT; KULIT II: BM <10 CM; MATA II: VODS 6/10 S-0.75 6/6; LAB II: LDL 127; EKG II: T INVERSI NON SPESIFIK","Aktif","113","63","PSI 2","CKM, CZI","78.98","MS","2710","58","18","100","41","100","43","100","17.7","82","99","GD","MS","22","50.4","69.39","030.0009/CABA-III/2026","085603939749","FERDYPRSTYA@GMAIL.COM","SMAN 1 KOTA SUKABUMI","SYACHILAN","POLRI","081546597366","KOMP SECAPA POLRI BLOK A NO 22 RT 001 RW 009 KEL KARAMAT KEC GUNUNG PUYUH KOTA SUKABUMI"
"30","3217080202080012","2026-SECABA-030","MOCHAMMAD RAIHAN FABIANSYAH","SECABA","DIKMABA TA 2026","Siswa Bintara","Kompi A","Peleton 1","L","KODAM III/SLW - KODIM 0609/CIMAHI","BANDUNG","2008-02-02","O","168","58","110/80","Siap Latih","Stakes II (Baik)","TENSI II: 129/72 MMHG 72 X/MENIT; GIGI II: CROWDED ANT RB RA RINGAN; KULIT II: BM <10 CM; EKG II: SINUS ARITMIA","Aktif","103","61","PSI 2","INF, KAV","81.79","MS","2850","65","18","100","41","100","43","100","18","79","99","GD","MS","22","49.2","69.32","030.0115/CABA-III/2026","085860111523","RAIHANFABIANSYAH29@GMAIL.COM","SMAN 2 PADALARANG","PERDI PERDIANSYAH","POLRI","081278070089","KP. BABAKAN RT 02 RW 02. DESA CIBURUY. KECAMATAN PADALARANG. KABUPATEN BANDUNG BARAT"
"31","3204110312070002","2026-SECABA-031","ZAHFA AFLA HUSSAFWAN","SECABA","DIKMABA TA 2026","Siswa Bintara","Kompi A","Peleton 1","L","KODAM III/SLW - KODIM 0624/KAB BANDUNG","BANDUNG","2007-12-03","O","166","67","110/80","Siap Latih","Stakes II (Baik)","TENSI II: 116/60 MMHG 61 X/MENIT; GIGI II: 35 36 BRIDGE; MATA II: VOS 6/9 S-0.50 6/6","Aktif","125","67","PSI 2","INF, CKE","72.48","MS","2723","58","10","60","41","100","43","100","17.7","82","79","GD","MS","20","46.8","69.19","030.0201/CABA-III/2026","08138956284","ZAHFAAFLA12@GMAIL.COM","SMAN 10 BANDUNG","AYI ABDUL AZIZ","WIRASWASTA","0852-2322-0000","KP.SINDANG PALAY RT04 RW05 DESA PANGAUBAN KECAMATAN KATAPANG KAB BANDUNG"
"32","3217082307070007","2026-SECABA-032","MOCHAMMAD RASYYA ALIYANSYAH","SECABA","DIKMABA TA 2026","Siswa Bintara","Kompi A","Peleton 1","L","KODAM III/SLW - KODIM 0609/CIMAHI","BANDUNG","2007-07-23","O","170","61","110/60","Siap Latih","Stakes II (Baik)","TENSI II: 129/70 MMHG 76 X/MENIT; KULIT II: AVR DI WAJAH; LAB II: LDL 123","Aktif","96","64","PSI 2","INF, CZI","76.49","MS","2740","59","17","95","41","100","37","70","16.9","90","100","GD","MS","20","45","69","030.0182/CABA-III/2026","08882073909","RASYAALIANSYAH35@GMAIL.COM","SMAN 1 PADALARANG","AHMAD ZAENAL MUTAKIN","BURUH HARIAN LEPAS","0882-1406-0028","KP.BABAKANLOA/RT 03/RW 07/DES.PADALARANG/KEC.PADALARANG/KAB.BANDUNG BARAT"
"33","3213172907070001","2026-SECABA-033","ELDANI ALFARIZI","SECABA","DIKMABA TA 2026","Siswa Bintara","Kompi A","Peleton 1","L","KODAM III/SLW - KODIM 0605/SUBANG","SUBANG","2007-07-29","O","168","65","120/70","Siap Latih","Stakes II (Baik)","TENSI II: 127/62 MMHG 60 X/MENIT; GIGI II: 23 ROTASI 38 IMPAKSI; KULIT II: HPI; AVR DI WAJAH; KERATOSIS PILARIS; MATA II: VOD 6/10 S-0.75 6/6 VOS 6/9 S-0.50 6/6","Aktif","114","63","PSI 2","ARM, ARH","77.05","MS","2723","58","15","85","41","100","43","100","18","79","100","GD","MS","24","49.8","68.62","030.0453/CABA-III/2026","081324852420","ELDANIALFARIZI@GMAIL.COM","SMA PGRI 1 SUBANG","DADAY HIDAYAT","PURN. TNI-AD","0852-2357-0880","GRIYA CIPAKU BLOK C3 NO 60 RT 27 RW 07 DES. CIBOGO KEC. CIBOGO KAB.SUBANG"
"34","3273141202050004","2026-SECABA-034","SYAHDAD ENDI MAULANA","SECABA","DIKMABA TA 2026","Siswa Bintara","Kompi A","Peleton 1","L","KODAM III/SLW - KODIM 0618/KOTA BANDUNG","BANDUNG","2005-02-12","O","174","75","130/80","Siap Latih","Stakes II (Baik)","TENSI II: 120/84 MMHG 60 X/MENIT; KULIT II: KERATOLISIS; PV; KELOID 0,5X3 CM; BM <10 CM; LAB II: LDL 119","Aktif","125","70","PSI 2","INF, KAV","66.44","MS","2464","45","14","80","41","100","38","75","18.7","72","94","GD","MS","24","49.8","68.58","030.0112/CABA-III/2026","085217865468","SYAHDADMAULANA1221@GMAIL.COM","SMAN 14 BANDUNG","GUNADI","PURN. TNI-AD","082116243829","JL. PRAMUKA VI BLOK K-49 RT05/RW13/KEL. CICADAS/KEC. CIBEUNYING KIDUL KOTA BANDUNG"
"35","3273040901070001","2026-SECABA-035","RIZAL ADZANI PANGESTU","SECABA","DIKMABA TA 2026","Siswa Bintara","Kompi A","Peleton 1","L","KODAM III/SLW - KODIM 0618/KOTA BANDUNG","BANDUNG","2007-01-09","O","168","55","100/70","Siap Latih","Stakes II (Baik)","IMT II: 19.58 BB -1.18 KG; TENSI II: 110/60 MMHG 62 X/MENIT; KULIT II: AVR DI WAJAH","Aktif","105","62","PSI 2","INF, KAV","78.43","MS","2865","66","13","75","41","100","43","100","18","79","89","GD","MS","22","48","68.57","030.0431/CABA-III/2026","081233093885","RIZALADZANIP023@GMAIL.COM","SMAN 11 BANDUNG","FIRMAN NUZULUL HAKIM","KARYAWAN SWASTA","082217720606","KP. CIGAGAK NO.40A RT003/RW015 KEL CIPADUNG KEC CIBIRU KOTA BANDUNG"
"36","3205061801070001","2026-SECABA-036","FARID ARDIANSYAH NURIHSAN","SECABA","DIKMABA TA 2026","Siswa Bintara","Kompi A","Peleton 2","L","KODAM III/SLW - KODIM 0611/GARUT","GARUT","2007-01-18","O","169","64","130/80","Siap Latih","Stakes II (Baik)","TENSI II: 120/77 MMHG 75 X/MENIT; KULIT II: TINEA CRURIS; LAB II: LDL 112","Aktif","123","65","PSI 2","INF, CKM","73.71","MS","2740","59","14","80","37","80","43","100","17","89","79","GD","MS","25.2","48.6","68.48","030.0375/CABA-III/2026","083177040503","FARIDARDIANSYAH180107@GMAIL.COM","SMAN 10 GARUT","SOMANTRI","GURU","082117827781","KP BABAKAN CIMAREME RT01 RW08 DESA CIMAREME KEC BANYURESMI KAB GARUT"
"37","3271040401060010","2026-SECABA-037","FARID NURDIANSYAH","SECABA","DIKMABA TA 2026","Siswa Bintara","Kompi A","Peleton 2","L","KODAM III/SLW - KODIM 0606/KOTA BOGOR","SIGLI","2006-01-04","O","172","59","100/70","Siap Latih","Stakes II (Baik)","IMT II: 19.85 BB -0.44 KG; TENSI II: 122/68 MMHG 68 X/MENIT; BEDAH BAWAH II: VARISES GRADE I; KULIT II: AVR DI BADAN PUNGGUNG DAN BOKONG; LAB II: ASAM URAT 7.2 KOLESTEROL TOTAL 200 LDL 137","Aktif","101","66","PSI 2","INF, KAV","72","MS","2600","52","9","55","41","100","43","100","17","89","99","GD","MS","26","45","68.4","030.0204/CABA-III/2026","081586119726","FARIDNURDIANSYAHQW@GMAIL.COM","SMA TARUNA ANDIGHA","ARIP NURWANDI","PURN. TNI-AD","0857984-8325","GG.KUTILANG TENGAH. RT 05/RW 04. GUNUNG BATU BOGOR BARAT KAB. BOGOR"
"38","3273040111050002","2026-SECABA-038","RADITHIA RAMDHAN HENDRAYANA","SECABA","DIKMABA TA 2026","Siswa Bintara","Kompi A","Peleton 2","L","KODAM III/SLW - KODIM 0618/KOTA BANDUNG","BANDUNG","2005-11-01","O","171","64","120/80","Siap Latih","Stakes II (Baik)","TENSI II: 126/73 84; LAB II: ASAM URAT 7.3 KOLESTEROL TOTAL 216 LDL 124; THORAX II: CORAKAN BRONCHOVASCULER BERLEBIH","Aktif","105","63","PSI 2","INF, KAV","76.19","MS","2720","58","13","75","41","100","43","100","17.5","84","97","GD","MS","22","49.2","68.28","030.0102/CABA-III/2026","089531688406","RADITHIARAMDHAN12@GMAIL.COM","SMAN 18 BANDUNG","HENDRA SUPARYANA/ELIS MARIAH (ALMH)","KARYAWAN SWASTA","089684574561","JL BABAKAN CIPARAY GG NURYADI RT 06 RW 01 KEC.BOJONGLOA KALER KEL KOPO KOTA BANDUNG"
"39","3208211201080001","2026-SECABA-039","RANGGA PRASETIO","SECABA","DIKMABA TA 2026","Siswa Bintara","Kompi A","Peleton 2","L","KODAM III/SLW - KODIM 0615/KUNINGAN","KUNINGAN","2008-01-12","O","171","55","130/80","Siap Latih","Stakes II (Baik)","IMT II: 18.81 BB -3.48 KG; TENSI II: 111/68 MMHG 82 X/MENIT; GIGI II: 38 48 IMPAKSI; KULIT II: AVR DI PUNGGUNG; MATA II: VODS 6/9 S-0.50 6/6; LAB II: LEKOSIT 11.720 ASAM URAT 7.4; EKG II: RAD","Aktif","108","70","PSI 2","ARH, CZI","65.59","MS","2350","39","14","80","41","100","39","80","18","79","99","GD","MS","23.2","47.4","68.24","030.0109/CABA-III/2026","08138102792","PRASETIORANGGA900@GMAIL.COM","SMAN 2 KUNINGAN","WARJA AFDIANA KUSUMA","WIRASWASTA","082115320516","DESA SUSUKAN. RT 04 RW 05. DUSUN WAGE. KEC CIPICUNG. KAB KUNINGAN"
"40","3204051212050001","2026-SECABA-040","FAREL SATRIO WIRATAMA","SECABA","DIKMABA TA 2026","Siswa Bintara","Kompi A","Peleton 2","L","KODAM III/SLW - KODIM 0624/KAB BANDUNG","BANDUNG","2005-12-12","O","172","61","110/70","Siap Latih","Stakes II (Baik)","TENSI II: 130/83 MMHG 90 X/MENIT; KULIT II: HPI DI BOKONG; LAB II: LEKOSIT 10.330 ASAM URAT 7.5 LDL 143","Aktif","114","62","PSI 2","INF, ARH","76.56","MS","2700","57","14","80","41","100","43","100","17","89","94","GD","MS","20","46.8","67.82","030.0150/CABA-III/2026","085137245762","FARELSATRIO8@GMAIL.COM","SMAN 27 BANDUNG","MUSONO","PURN. TNI-AD","082118348951","KOMP. MANGLAYANG REGENCY BLOK E5 NO. 13 RT 4 RW 25 KEL. CIMEKAR KEC. CILEUNYI KAB. BANDUNG"
"41","3204080812070001","2026-SECABA-041","GATAN SAMZIDAR","SECABA","DIKMABA TA 2026","Siswa Bintara","Kompi A","Peleton 2","L","KODAM III/SLW - KODIM 0624/KAB BANDUNG","MAJALENGKA","2007-12-08","O","168","67","110/70","Siap Latih","Stakes II (Baik)","TENSI II: 128/69 MMHG 64 X/MENIT; MATA II: VOD 6/9 S-0.50 6/6; EKG II: RAD","Aktif","85","61","PSI 2","INF, KAV","77.96","MS","2795","62","12","70","41","100","43","100","17.2","87","99","GD","MS","24","48.6","67.78","030.0427/CABA-III/2026","0821-1041-326","GATANSAMZIDAR2@GMAIL.COM","MA ASSURUUR","KUSNANDAR","TNI-AD","0852-2072-5177","GBI H7 NO6 RT03 RW13 DS BUAHBATU KEC BOJONGSOANG KAB BANDUNG"
"42","3604040408080002","2026-SECABA-042","REZA ADITYA MUHAMMAD","SECABA","DIKMABA TA 2026","Siswa Bintara","Kompi A","Peleton 2","L","KODAM III/SLW - KODIM 0602/SERANG","SERANG","2008-08-04","O","178","60","130/80","Siap Latih","Stakes II (Baik)","IMT II: 19.00 BB -3.15 KG; TENSI II: 127/73 MMHG 98 X/MENIT; BEDAH II: OPS VARICOCELE BILATERAL 2025; KULIT II: AVR DI BADAN DAN PUNGGUNG; LAB II: LEKOSIT 10.340 LDL 102","Aktif","105","62","PSI 2","INF, ARM","76.14","MS","2820","63","18","100","41","100","35","60","17.6","83","92","GD","MS","20","47.4","67.66","030.0230/CABA-III/2026","087796873444","REZAADITYAAMUHAMMAD@GMAIL.COM","SMAN 3 KOTA SERANG","SEPTYAN EDY SUTARNO","TNI-AD","081296511664","KP. BEBERAN RT 02 RW 03 KEL DRANGONG KEC. TATAKAN KOTA SERANG"
"43","3202362607070001","2026-SECABA-043","MUHAMMAD RUHYAT PRIATNA","SECABA","DIKMABA TA 2026","Siswa Bintara","Kompi A","Peleton 2","L","KODAM III/SLW - KODIM 0608/CIANJUR","SUKABUMI","2007-07-26","O","175","59","120/80","Siap Latih","Stakes II (Baik)","IMT II: 19.27 BB -2.25 KG; TENSI II: 130/82 MMHG 85 X/MENIT; BEDAH BAWAH II: VARISES GRADE I; KULIT II: HIPERHIDROSIS RINGAN","Aktif","108","63","PSI 2","INF, KAV","74.36","MS","2820","63","15","85","41","100","38","75","17.4","85","72","GD","MS","26","46.8","67.54","030.0305/CABA-III/2026","0877-6097-8059","RUHYATPRIATNA26@GMAIL.COM","SMAN 2 CIANJUR","AJANG ALI","BURUH HARIAN LEPAS","0882-3112-9025","KP BABAKAN SABANDAR KIDUL RT 004/RW 004 KEL/DESA SABANDAR KEC. KARANGTENGAH KAB. CIANJUR"
"44","3204322509070002","2026-SECABA-044","RIKI CAHYA RAMADHAN","SECABA","DIKMABA TA 2026","Siswa Bintara","Kompi A","Peleton 2","L","KODAM III/SLW - KODIM 0624/KAB BANDUNG","BANDUNG","2007-09-25","O","172","65","110/80","Siap Latih","Stakes II (Baik)","TENSI II: 130/80 MMHG 98 X/MENIT; LAB II: HDL 37","Aktif","106","61","PSI 2","INF, CKM","76.05","MS","2730","59","14","80","41","100","43","100","17.9","80","90","GD","MS","24","48.6","67.02","030.0274/CABA-III/2026","085212893067","RIKICAHYARAMADHAN2007@GMAIL.COM","SMAN 10 BANDUNG","YAYAN TARYANA","WIRASWASTA","081316242090","KOMP. BOJONGMALAKA INDAH BLOK H5 NO 42 RT 12/RW16 KEL./DS BOJONGMALAKA KEC BALEENDAH KAB BANDUNG"
"45","3173080305070003","2026-SECABA-045","MOHAMMAD BAGUS DWI PRATAMA","SECABA","DIKMABA TA 2026","Siswa Bintara","Kompi A","Peleton 2","L","KODAM III/SLW - KODIM 0620/KAB CIREBON","JAKARTA","2007-05-03","O","164","54","110/80","Siap Latih","Stakes II (Baik)","TENSI II: 130/75 MMHG 95 X/MENIT; GIGI II: 36 46 CARIES MEDIA; KULIT II: AVR DI PUNGGUNG; LAB II: ASAM URAT 7.4 LDL 109","Aktif","105","63","PSI 2","KAV, CKM","72.69","MS","2700","57","10","60","41","100","43","100","18","79","89","GD","MS","20","45","66.88","030.0170/CABA-III/2026","089606806298","BAGUSMOHAMMAD357@GMAIL.COM","MA KHAS KEMPEK","ROSIKIN","PURN. TNI-AL","089643648818","DUSUN III. RT 02. RW 09. DESA KALIDERES. KECAMATAN KALIWEDI KAB. CIREBON"
"46","3204122205070005","2026-SECABA-046","KEVIN ALDINO MEINDRA","SECABA","DIKMABA TA 2026","Siswa Bintara","Kompi A","Peleton 2","L","KODAM III/SLW - KODIM 0624/KAB BANDUNG","BANDUNG","2007-05-22","O","172","70","120/80","Siap Latih","Stakes II (Baik)","BEDAH II: OPS HEMOROID 2025; MATA II: VODS 6/9 S-0.50 6/6; LAB II: LDL 128 HDL 44","Aktif","103","67","PSI 2","INF, CKM","66.55","MS","2425","43","11","65","41","100","40","85","17.3","86","94","GD","MS","22","47.4","66.82","030.0127/CABA-III/2026","089524548430","MEINDRAKEVIN150707@GMAIL.COM","SMAN 1 DAYEUHKOLOT","EDDI INDRA GUNAWAN","TNI-AD","081321011169","KOMPLEK GRAHA BOJONGSARI 2 NO.B25 RT007/RW006 KEL.BOJONGSARI KEC.BOJONGSOANG KAB.BANDUNG"
"47","3204056305060001","2026-SECABA-047","TANTHAWI NUR RABBANI","SECABA","DIKMABA TA 2026","Siswa Bintara","Kompi A","Peleton 2","L","KODAM III/SLW - KODIM 0624/KAB BANDUNG","BANDUNG","2006-05-23","O","169","68","120/80","Siap Latih","Stakes II (Baik)","TENSI II: 115/62 MMHG 76 X/MENIT; BEDAH BAWAH II: VARISES GRADE I, X BEEN 5 CM; EKG II: SINUS ARITMIA","Aktif","121","69","PSI 2","CZI, CKM","63.06","MS","2500","47","8","50","41","100","35","60","18","79","94","GD","MS","25.2","51","66.62","030.0168/CABA-III/2026","085892877362","RABBANINURTANTHAWI@GMAIL.COM","SMAN 1 CILEUNYI","TEDY MUHARAM","POLRI","0896-2127-6918","KOMP. BUMI HARAPAN BLOK EE6 NO. 12 RT01/RW13 DS. CIBIRU HILIR KEC. CILEUNYI KAB. BANDUNG"
"48","3203072210110006","2026-SECABA-048","ADITYA RIZKI PUTRA SOMANTRI","SECABA","DIKMABA TA 2026","Siswa Bintara","Kompi A","Peleton 2","L","KODAM III/SLW - KODIM 0610/SUMEDANG","BANDUNG","2007-11-22","O","167","56","120/80","Siap Latih","Stakes II (Baik)","TENSI II: 122/76 MMHG 69 X/MENIT; BEDAH BAWAH II: VARISES GRADE I; LAB II: LDL 108; EKG II: RAD; THORAX II: CORAKAN BRONCHOVASCULER BERLEBIH; USG II: NEFROLITHIASIS GINJAL DEXTRA UKURAN 0,49 CM","Aktif","93","61","PSI 2","INF, ARM","74.91","MS","2600","52","16","90","41","100","43","100","18","79","100","GD","MS","26","45.6","66.56","030.0146/CABA-III/2026","08212770610","ARPSADITYA@GMAIL.COM","SMAN CIMANGGUNG","OMAN SOMANTRI","TNI-AD","081322884845","KP. SARADULA RT003 RW001 DESA TEGALMANGGUNG KEC. CIMANGGUNG KAB. SUMEDANG"
"49","3212061009070001","2026-SECABA-049","RIZAL ABDU RACHMAN","SECABA","DIKMABA TA 2026","Siswa Bintara","Kompi A","Peleton 2","L","KODAM III/SLW - KODIM 0616/INDRAMAYU","INDRAMAYU","2007-09-10","O","169","63","130/80","Siap Latih","Stakes II (Baik)","BEDAH BAWAH II: VARISES GRADE I; KULIT II: VITILIGO DI PEDIS","Aktif","91","61","PSI 2","KAV, INF","74.88","MS","2720","58","18","100","41","100","43","100","18.5","74","67","GD","MS","24","48.6","66.55","030.0037/CABA-III/2026","083175781187","RIIZALABDU10@GMAIL.COM","SMAN 1 TUKDANA","SUJAYA/WARNENGSIH (ALMH)","WIRASWASTA","083166066657","DESA BANGODUA BLOK PEMENGKANG RT08/RW04 KEC. BANGODUA KAB. INDRAMAYU"
"50","3522111606030003","2026-SECABA-050","GALIH RAHMAN NUR AZHARI","SECABA","DIKMABA TA 2026","Siswa Bintara","Kompi A","Peleton 2","L","KODAM III/SLW - KODIM 0609/CIMAHI","BOJONEGORO","2003-06-16","O","163","59","100/70","Siap Latih","Stakes II (Baik)","TENSI II: 106/64 MMHG 67 X/MENIT; KULIT II: KERATOSIS PILARIS; THORAX II: CORAKAN BRONCHOVASCULER BERLEBIH","Aktif","119","67","PSI 2","INF, CKE","65.65","MS","2650","54","9","55","41","100","38","75","18.1","78","67","GD","MS","22","45.6","66.46","030.0301/CABA-III/2026","0882000010707","GALIHRAHMANALAZHAR16@GMAIL.COM","UIN SUNAN GUNUNG DJATI BANDUNG","ALI ASHARI","BURUH HARIAN LEPAS","085230991355","KP. CIDAHU RT 03/RW 15 KEL. CIPAGERAN KEC. CIMAHI UTARA KOTA CIMAHI"
"51","3209391109060003","2026-SECABA-051","MOHAMAD FIRDAUS","SECABA","DIKMABA TA 2026","Siswa Bintara","Kompi A","Peleton 2","L","KODAM III/SLW - KODIM 0620/KAB CIREBON","CIREBON","2006-09-11","O","163","52","120/80","Siap Latih","Stakes II (Baik)","IMT II: 19.29 BB -1.90 KG; TENSI II: 115/63 MMHG 73 X/MENIT; BEDAH BAWAH II: VARISES GRADE I; LAB II: LEKOSIT 11.370; EKG II: RAD","Aktif","101","63","PSI 2","INF, CKM","71.03","MS","2680","56","14","80","41","100","37","70","17.9","80","87","GD","MS","22","51","66.21","030.0093/CABA-III/2026","085199233359","ALFRDAUS0906@GMAIL.COM","SMAN 1 SURANENGGALA","AGUS HASAN","WIRASWASTA","082115282474","BLOK 1 RT 003/RW 001 DS SURANENGGALA LOR KEC.SURANENGGALA KAB CIREBON"
"52","1401063005070002","2026-SECABA-052","MUHAMMAD RIFQI IZZATULLAH","SECABA","DIKMABA TA 2026","Siswa Bintara","Kompi A","Peleton 2","L","KODAM III/SLW - KODIM 0625/PANGANDARAN","PEKANBARU","2007-05-30","O","168","54","120/70","Siap Latih","Stakes II (Baik)","IMT II: 19.02 BB -2.75 KG","Aktif","124","69","PSI 2","INF, ARH","61.88","MS","2510","47","9","55","37","80","35","60","18","79","99","GD","MS","26","48.6","66.15","030.0018/CABA-III/2026","087817004694","RIFQIIZZATULLAH325@GMAIL.COM","SMAN 2 SIAK HULU","M IQBAL","KARYAWAN SWASTA","081222170875","DUSUN SUKAMANAH RT 03 RW 04 DESA CINTARATU KEC PARIGI KAB PANGANDARAN"
"53","3203070706070008","2026-SECABA-053","MUHAMMAD SULTAN RAFI","SECABA","DIKMABA TA 2026","Siswa Bintara","Kompi A","Peleton 2","L","KODAM III/SLW - KODIM 0608/CIANJUR","CIANJUR","2007-06-07","O","179","72","100/70","Siap Latih","Stakes II (Baik)","KULIT II: HPI; AVR DI WAJAH; BM <10 CM; MATA II: VOD 6/9 S-0.50 6/6 VOS 6/10 S-0.75 6/6; LAB II: ASAM URAT 7.3; THORAX II: CORAKAN BRONCHOVASCULER BERLEBIH","Aktif","124","66","PSI 2","INF, KAV","66.15","MS","2750","60","12","70","35","70","33","52","17.5","84","81","GD","MS","24","48","66.06","030.0348/CABA-III/2026","081318306057","MUHAMMADSULTANRAFI6@GMAIL.COM","SMAN 1 CIANJUR","NANANG QOSIM","TNI-AD","0852-9449-3670","KP. MARTIKOLOT RT4 RW5 DESA SUKAMULYA KEC. KARANGTENGAH KAB. CIANJUR"
"54","3208302812060001","2026-SECABA-054","SUDIRMAN","SECABA","DIKMABA TA 2026","Siswa Bintara","Kompi A","Peleton 2","L","KODAM III/SLW - KODIM 0615/KUNINGAN","KUNINGAN","2006-12-28","O","166","65","130/80","Siap Latih","Stakes II (Baik)","TENSI II: 123/66 MMHG 77 X/MENIT; BEDAH II: OPERASI HERNIA SINISTRA 2008; KULIT II: BM <10 CM; NEVUS 1X1 CM; MATA II: VODS 6/9 S-0.50 6/6; LAB II: LEKOSIT 10.910 LDL 100","Aktif","111","63","PSI 2","KAV, CZI","70.1","MS","2560","50","12","70","41","100","43","100","18.5","74","89","GD","MS","24","49.8","65.84","030.0424/CABA-III/2026","089657784578","IMANQIMONG357@GMAIL.COM","SMAN 1 JALAKSANA","OBAN SOBANDI","BURUH HARIAN LEPAS","081220248759","DUSUN KARANGSARI RT 003/ RW 002 DESA MEKARSARI KEC MALEBER KAB. KUNINGAN"
"55","3279032901080001","2026-SECABA-055","WIKU AMEERA AL-FATIH","SECABA","DIKMABA TA 2026","Siswa Bintara","Kompi A","Peleton 2","L","KODAM III/SLW - KODIM 0622/KAB SUKABUMI","BANJAR","2008-01-29","O","170","73","110/70","Siap Latih","Stakes II (Baik)","IMT II: 25.20 BB +0.58 KG; TENSI II: 125/64 MMHG 62 X/MENIT","Aktif","103","61","PSI 2","KAV, INF","72.94","MS","2630","53","17","95","41","100","43","100","18.7","72","78","GD","MS","24","46.8","65.78","030.0432/CABA-III/2026","085846878209","WIKUAMEERAALFATIH@GMAIL.COM","MAS NURUL HIKMAH","ANWAR BUDIMAN","TNI-AD","085861392263","KP. CITAMIANG RT 03/RW 08 DESA CARINGIN NUNGGAL KEC. WALURAN KABUPATEN SUKABUMI"
"56","3210082406080021","2026-SECABA-056","ARYA WIRA ATMAJA","SECABA","DIKMABA TA 2026","Siswa Bintara","Kompi A","Peleton 2","L","KODAM III/SLW - KODIM 0617/MAJALENGKA","MAJALENGKA","2008-06-24","O","166","55","110/70","Siap Latih","Stakes II (Baik)","TENSI II: 121/73 MMHG 76 X/MENIT; GIGI II: 38 IMPAKSI; BEDAH BAWAH II: VARISES GRADE I; KULIT II: BM <10 CM; MATA II: VOD 6/9 S-0.50 6/6; EKG II: RAD","Aktif","98","65","PSI 2","INF, KAV","66.75","MS","2475","45","14","80","41","100","35","60","17.1","88","96","GD","MS","20","46.2","65.7","030.0220/CABA-III/2026","0851-9934-4980","ARYACHADLITE21296@GMAIL.COM","SMAN 1 SUKAHAJI","IMAM ATTAAT","TNI-AD","0852-2409-0144","PERUM BCA BLOK.V JL.JAMBURAYA RT.011 RW.006 DS.CIKALONG KEC.SUKAHAJI KAB.MAJALENGKA"
"57","3217071606070004","2026-SECABA-057","GAGAN GARNIKA","SECABA","DIKMABA TA 2026","Siswa Bintara","Kompi A","Peleton 2","L","KODAM III/SLW - KODIM 0609/CIMAHI","BANDUNG","2007-06-16","O","170","66","110/70","Siap Latih","Stakes II (Baik)","TENSI II: 100/65 MMHG 83 X/MENIT; KULIT II: KELOID 1X1 CM; AVR DI WAJAH; BM <10 CM; LAB II: HDL 45","Aktif","113","62","PSI 2","INF, CKM","70.84","MS","2510","47","15","85","41","100","43","100","17.7","82","84","GD","MS","24","48","65.54","030.0304/CABA-III/2026","08990941934","GAGANGARNIKAA@GMAIL.COM","SMAN 1 CIPATAT","ASEP SUTISNA","PURN. TNI-AD","089656162422","KP.SUKARAME. RT03/RW02. DS CIPTAHARJA. KEC CIPATAT. KAB BANDUNG BARAT"
"58","3214012303070002","2026-SECABA-058","MELFIN MAULANA WIJAYA","SECABA","DIKMABA TA 2026","Siswa Bintara","Kompi A","Peleton 2","L","KODAM III/SLW - KODIM 0619/PURWAKARTA","PURWAKARTA","2007-03-23","O","166","53","110/70","Siap Latih","Stakes II (Baik)","IMT II: 19.26 BB -2.05 KG; BEDAH BAWAH II: VARISES GRADE I; LAB II: KOLESTEROL 206 LDL 147; EKG II: RAD","Aktif","105","63","PSI 2","ARM, ARH","68.58","MS","2450","44","18","100","39","90","39","80","17.9","80","94","GD","MS","20","45.6","65.23","030.0160/CABA-III/2026","081212904139","MELFIN197@GMAIL.COM","SMAN 2 PURWAKARTA","MELWANI","PURN. TNI-AD","087764584934","PERUM PUSKOPAD RT 06 RW 06 KEL. CISEUREUH KEC. PURWAKARTA KAB. PURWAKARTA"
"59","3202012202070001","2026-SECABA-059","FAREL RAISSA ALIM HARENDYANTO","SECABA","DIKMABA TA 2026","Siswa Bintara","Kompi A","Peleton 2","L","KODAM III/SLW - KODIM 0624/KAB BANDUNG","SUKABUMI","2007-02-22","O","169","59","110/80","Siap Latih","Stakes II (Baik)","TENSI II: 129/70 MMHG 60 X/MENIT; KULIT II: BM <10 CM; PV DI BADAN; SCAR 1 X 2 CM; MATA II: VODS 6/9 S-0.50 6/6; LAB II: KOLESTEROL TOTAL 218 LDL 158; THORAX II: CORAKAN BRONCHOVASCULER BERLEBIH","Aktif","103","61","PSI 2","CKM, INF","70.9","MS","2761","60","16","90","41","100","33","52","18.1","78","79","GD","MS","22","48","64.96","030.0113/CABA-III/2026","081294477873","FARRELHARENDYANTO@GMAIL.COM","SMAN 9 BANDUNG","HARI SUPRIYADI","TNI-AU","081395490172","JL. DAKOTA V BLOK B NO.15 RT 002/RW 002 KEL.SULAIMAN KAB. BANDUNG"
"60","3204290503070002","2026-SECABA-060","MUHAMMAD NAYAKA EL-SHIDQI","SECABA","DIKMABA TA 2026","Siswa Bintara","Kompi A","Peleton 2","L","KODAM III/SLW - KODIM 0624/KAB BANDUNG","BANDUNG","2007-03-05","O","168","68","120/70","Siap Latih","Stakes II (Baik)","TENSI II: 130/66 MMHG 82 X/MENIT; GIGI II: 48 IMPAKSI; BEDAH BAWAH II: VARISES GRADE I; X BEEN 5 CM; KULIT II: KELOID 1X1 CM; TINEA CRURIS; AVR DI WAJAH BADAN DAN PUNGGUNG; LAB II: LEKOSIT 10.570 LDL 120; THORAX II: CORAKAN BRONCHOVASCULER BERLEBIH","Aktif","124","65","PSI 2","INF, CKM","64.63","MS","2720","58","10","60","36","75","35","60","18","79","77","GD","MS","26.4","45.6","64.85","030.0249/CABA-III/2026","082120476730","MUHAMMADNAYAKA61@GMAIL.COM","SMAN 1 CIPARAY","KUSHARYANTO","BURUH HARIAN LEPAS","085213988421","JL. SAPAN NO 30 RT 04 RW 09 DESA SERANG MEKAR KEC. CIPARAY KAB. BANDUNG"
"61","3204110303070003","2026-SECABA-061","MUHAMAD RIZKY BAADILA","SECABA","DIKMABA TA 2026","Siswa Bintara","Kompi A","Peleton 2","L","KODAM III/SLW - KODIM 0624/KAB BANDUNG","BANDUNG","2007-03-03","O","171","69","130/80","Siap Latih","Stakes II (Baik)","TENSI II: 127/79 MMHG 71 X/MENIT; GIGI II: CROWDED ANT RA RINGAN; BEDAH BAWAH II: VARISES GRADE I; MATA II: VODS 6/9 S-0.50 6/6","Aktif","106","61","PSI 2","KAV, ARM","70.49","MS","2569","50","15","85","41","100","43","100","18.5","74","76","GD","MS","22.4","43.8","64.8","030.0161/CABA-III/2026","085943056871","MUHAMADRIZKYBAADILA@GMAIL.COM","SMAN 1 MARGAHAYU","ASEP SODIKIN","BURUH HARIAN LEPAS","0812-1479-3730","KP JUNTIHILIR RT 03 RW 03 DESA SANGKANHURIP KECAMATAN KATAPANG KABUPATEN BANDUNG"
"62","3217092704060003","2026-SECABA-062","ADESTA RIZKI AFRILIAN","SECABA","DIKMABA TA 2026","Siswa Bintara","Kompi A","Peleton 2","L","KODAM III/SLW - KODIM 0609/CIMAHI","BANDUNG","2006-04-27","O","170","63","110/80","Siap Latih","Stakes II (Baik)","TENSI II: 127/75 MMHG 77 X/MENIT; KULIT II: HIPERHIDROSIS RINGAN; AVR DI WAJAH; LAB II: LDL 117","Aktif","111","61","PSI 2","INF, CZI","69.94","MS","2465","45","13","75","41","100","43","100","17.5","84","93","GD","MS","22","48","64.58","030.0341/CABA-III/2026","081909491522","ADESTARIZKI27@GMAIL.COM","SMAN 1 BATUJAJAR","ASEP SUPRIATNA","PEDAGANG","081932389199","KP. BLOK JAMBU NO 29 RT 4 RW 2 DS GALANGGANG KEC BATUJAJAR KAB BANDUNG BARAT"
"63","3203041406070003","2026-SECABA-063","KRISTIAN ALFREDO IMANUEL SIANTURI","SECABA","DIKMABA TA 2026","Siswa Bintara","Kompi A","Peleton 2","L","KODAM III/SLW - KODIM 0608/CIANJUR","CIANJUR","2007-06-14","O","172","67","120/80","Siap Latih","Stakes II (Baik)","TENSI II: 116/73 MMHG 82 X/MENIT; GIGI II: 38 48 IMPAKSI; LAB II: ASAM URAT 7.5 LDL 120 HDL 43; EKG II: NON SPESIFIK T INVERSI","Aktif","123","68","PSI 2","CKM, INF","58.75","MS","2430","43","14","80","37","80","30","43","18.2","77","79","GD","MS","24","44.4","64.3","030.0218/CABA-III/2026","081214834221","KRISTIANALFREDO724@GMAIL.COM","SMAN 1 CILAKU CIANJUR","MANGASI SIANTURI","WIRASWASTA","0813-1349-5550","KP.WAA NO.41 RT002 RW 013 DESA SABANDAR KEC. KADANG TENGAH KAB. CIANJUR"
"64","3217061209040017","2026-SECABA-064","MUHAMMAD RAFLI HERLIAWAN","SECABA","DIKMABA TA 2026","Siswa Bintara","Kompi A","Peleton 2","L","KODAM III/SLW - KODIM 0609/CIMAHI","BANDUNG","2004-09-12","O","173","72","110/70","Siap Latih","Stakes II (Baik)","TENSI II: 123/76 MMHG 60 X/MENIT; KULIT II: STRIAE, HPI; MATA II: VOS 6/9 S-0.50 6/6; LAB II: LDL 139","Aktif","114","67","PSI 2","CKM, ARM","59.91","MS","2505","47","7","45","40","95","30","43","18.1","78","94","GD","MS","20","49.2","64.16","030.0139/CABA-III/2026","085176935286","MRAFLIHERLIAWAN61@GMAIL.COM","SMAN 10 BANDUNG","HERI AGUS SUTIONO","TNI-AD","0882-2078-4681","KOMP.CILAME INDAH BLOK.B NO.21 RT.01/RW.20 KEL.CILAME KEC. NGAMPRAH KAB. BANDUNG BARAT"
"65","3204061008080002","2026-SECABA-065","AGUSTIAN TRI SASONGKO","SECABA","DIKMABA TA 2026","Siswa Bintara","Kompi A","Peleton 2","L","KODAM III/SLW - KODIM 0624/KAB BANDUNG","BANDUNG","2008-08-10","O","175","65","130/80","Siap Latih","Stakes II (Baik)","TENSI II: 130/68 76; KULIT II: BM <10 CM; MATA II: VODS 6/10 S-0.75 6/6; THORAX II: CORAKAN BRONCHOVASCULER BERLEBIH","Aktif","106","63","PSI 2","INF, ARM","65.6","MS","2853","65","10","60","41","100","27","34","18.5","74","62","BG","MS","22","49.2","64.04","030.0035/CABA-III/2026","0852-5447-0578","ATIAN1061@GMAIL.COM","SMA AL-HADI BANDUNG","MOCH. TOHIR (ALM)/LILIS NURJANAH","PURN. TNI-AD/IRT","0852-9401-6456","KP.KIARAPAYUNG RT 01/RW 13 DS SINDANGLAYA KEC. CIMENYAN KAB BANDUNG"
"66","3673062203080001","2026-SECABA-066","IDA BAGUS GEDE PERDHANA PUTRA","SECABA","DIKMABA TA 2026","Siswa Bintara","Kompi A","Peleton 2","L","KODAM III/SLW - KODIM 0602/SERANG","SERANG","2008-03-22","O","180","80","120/80","Siap Latih","Stakes II (Baik)","TENSI II: 124/60 MMHG 78 X/MENIT; GIGI II: DEEP BITE CINGULUM CROWDED ANT RB RINGAN; KULIT II: BM <10 CM; PV DI PUNGGUNG; AVR DI BADAN; MATA II: VODS 6/9 S-0.50 6/6; USG II: NEFROLITHIASIS GINJAL DEXTRA UKURAN 0,49 CM","Aktif","114","63","PSI 2","CKM, INF","65.24","MS","2695","57","10","60","41","100","32","49","18.9","70","82","GD","MS","23.6","46.2","63.9","030.0117/CABA-III/2026","081288236338","GUSTUPERDANA@GMAIL.COM","SMAN 3 KOTA SERANG","IDA KOMANG GEDE","TNI-AD","087773506102","TAMAN PESONA BLOK E 5 NO 10 RT 14 RW 08 KEL. LIALALNG KEL. TATATAKAN KOTA SERANG"
"67","3210232306070001","2026-SECABA-067","PADIL RAHMAT YUDISTIRA","SECABA","DIKMABA TA 2026","Siswa Bintara","Kompi A","Peleton 2","L","KODAM III/SLW - KODIM 0617/MAJALENGKA","MAJALENGKA","2007-06-23","O","170","54","120/80","Siap Latih","Stakes II (Baik)","IMT II: 18.80 BB -3.46 KG; TENSI II: 123/73 MMHG 77 X/MENIT; MATA II: VODS 6/9 S-0.50 6/6; LAB II: LDL 105","Aktif","98","64","PSI 2","INF, CZI","63.5","MS","2360","39","16","90","38","85","38","75","18.5","74","95","GD","MS","20","45","63.8","030.0176/CABA-III/2026","0882005661924","YUDISTIRAPADILRAHMAT@GMAIL.COM","SMAN 1 KADUGEDE","UJANG ANWAR","PURN. TNI-AD","08980770286","BLOK.SINDANGKASIH RT.05/RW.02 DS.CIRANJENG KEC.CINGAMBUL KAB.MAJALENGKA"
"68","3209360303070005","2026-SECABA-068","SOFYAN AKBAR ROHMAN","SECABA","DIKMABA TA 2026","Siswa Bintara","Kompi A","Peleton 2","L","KODAM III/SLW - KODIM 0620/KAB CIREBON","CIREBON","2007-03-03","O","172","56","120/80","Siap Latih","Stakes II (Baik)","IMT II: 19.02 BB -2.89 KG; TENSI II: 130/76 MMHG 98 X/MENIT; MATA II: VODS 6/9 S-0.50 6/6; LAB II: TROMBOSIT 408.000","Aktif","100","62","PSI 2","INF, CKM","65.36","MS","2490","46","14","80","40","95","33","52","17.7","82","99","GD","MS","24","45.6","63.34","030.0163/CABA-III/2026","083186713357","AKBARSOFYAN037@GMAIL.COM","SMAN 4 CIREBON","WAHEDI","TUKANG KAYU","081223238390","BLOK KARANG RAME RT/RW 003/002 DESA GAMEL KECAMATAN PLERED KABUPATEN CIREBON"
"69","3208241003080001","2026-SECABA-069","MUHAMAD NAZRIL SADEWA","SECABA","DIKMABA TA 2026","Siswa Bintara","Kompi A","Peleton 2","L","KODAM III/SLW - KODIM 0615/KUNINGAN","BANDUNG","2008-03-10","O","171","75","120/80","Siap Latih","Stakes II (Baik)","IMT II: 25.80 BB +2.32 KG; BEDAH BAWAH II: VARISES GRADE I; MATA II: VODS 6/10 S-0.75 6/6; LAB II: HDL 36; EKG II: SINUS ARITMIA","Aktif","81","63","PSI 2","INF, CKM","62.79","MS","2477","45","11","65","41","100","33","52","18.5","74","98","GD","MS","22","49.2","62.92","030.0011/CABA-III/2026","083180115625","SADEWANAZRIL96@GMAIL.COM","MAN 3 KUNINGAN","SURKAT","WIRASWASTA","082129923500","DUSUN KLIWON RT 05/RW 01.DESA MARGAMUKTI KECAMATAN CIMAHI KABUPATEN KUNINGAN"
"70","3313111407070003","2026-SECABA-070","BRIYAN HARY DANIYANTO","SECABA","DIKMABA TA 2026","Siswa Bintara","Kompi A","Peleton 2","L","KODAM III/SLW - KODIM 0609/CIMAHI","KARANGANYAR","2007-07-14","O","167","56","120/80","Siap Latih","Stakes II (Baik)","TENSI II: 113/76 MMHG 82 X/MENIT; BEDAH BAWAH II: VARISES GRADE I; KULIT II: SCAR EKSKORIASI 1 X 2 CM; PV DI BOKONG; LAB II: LDL 138","Aktif","98","61","PSI 2","INF, ARM","63.04","MS","2380","40","14","80","41","100","35","60","17.6","83","87","GD","MS","24","46.8","61.82","030.0224/CABA-III/2026","085223529090","BRIYANHARI0@GMAIL.COM","SMAN 1 CIPATAT","MURYANTO","TNI-AD","0812-4207-1182","KOMPLEK BLOK KELAPA MUDA RT003/RW019 DS CIPATAT KEC CIPATAT KAB BANDUNG BARAT"
"71","3204090309060004","2026-SECABA-071","DIMAS SEPTIANTO","SECABA","DIKMABA TA 2026","Siswa Bintara","Kompi A","Peleton 3","L","KODAM III/SLW - KODIM 0624/KAB BANDUNG","BANDUNG","2006-09-03","O","168","57","110/70","Siap Latih","Stakes II (Baik)","TENSI II: 127/70 MMHG 60 X/MENIT; BEDAH BAWAH II: VARISES GRADE I; KULIT II: SCAR ACNE DI WAJAH; MATA II: VODS 6/9 S-0.50 6/6; LAB II: LEKOSIT 11.230","Aktif","91","61","PSI 2","INF, KAV","61.49","MS","2475","45","15","85","37","80","35","60","17.7","82","67","GD","MS","18","47.4","61.2","030.0189/CABA-III/2026","082191536310","SEPTIANDIMASSE9@GMAIL.COM","SMAN 1 MARGAHAYU","DIDIN BADARUDIN (ALM)/YANI MARYANI","IBU RUMAH TANGGA","085712524241","KP. MANGLID RT 004 RW 010 DESA MARGAHAYU SELATAN KEC MARGAHAYU. KABUPATEN BANDUNG"
"72","3277010505050011","2026-SECABA-072","FARID ABDUL JABAR","SECABA","DIKMABA TA 2026","Siswa Bintara","Kompi A","Peleton 3","L","KODAM III/SLW - KODIM 0611/GARUT","GARUT","2005-06-05","O","172","71","130/80","Siap Latih","Stakes II (Baik)","TENSI II: 130/70 MMHG 83 X/MENIT","Aktif","95","61","PSI 2","INF, KAV","59.35","MS","2500","47","11","65","31","52","35","60","18","79","94","GD","MS","22.8","44.4","60.34","030.0260/CABA-III/2026","085863930235","FARIDABDULJABAR005@GMAIL.COM","SMAN 3 GARUT","SARIPIN","KARYAWAN SWASTA","081324213774","KP. SIRNAGALIH RT 002/RW 012 DESA WANAKERTA KEC. CIBATU KAB. GARUT"
"73","3602040405080003","2026-SECABA-073","SATRIA HAKIM","SECABA","DIKMABA TA 2026","Siswa Bintara","Kompi A","Peleton 3","L","KODAM III/SLW - KODIM 0603/LEBAK","LEBAK","2008-05-07","O","175","64","110/80","Siap Latih","Stakes II (Baik)","TENSI II: 125/70 MMHG 66 X/MENIT; KULIT II: BM <10 CM; MATA II: VODS 6/9 S-0.50 6/6; LAB II: ASAM URAT 7.3 LDL 118; EKG II: NON SPESIFIK T INVERSI","Aktif","93","61","PSI 2","INF, ARH","56.5","MS","2380","40","9","55","35","70","35","60","18","79","88","GD","MS","26.4","45.6","59.2","030.0213/CABA-III/2026","085280519549","SATRIAHAKIM32@GMAIL.COM","SMAN 1 CIPANAS","AYI RUKMAN","PURN. TNI-AD","087771930323","KP. LURAH RT 04 RW 02 DS. SIPAYUNG KEC. CIPANAS KAB. LEBAK"
"74","3205023011070003","2026-SECABA-074","FAHMI ARIF GUNAWAN","SECABA","DIKMABA TA 2026","Siswa Bintara","Kompi A","Peleton 3","L","KODAM III/SLW - KODIM 0611/GARUT","GARUT","2007-11-30","O","168","60","110/70","Berobat Jalan","Stakes III (Kurang/Dispen)","LAB III: ASAM URAT 7.7; TENSI II: 130/80 MMHG 69 X/MENIT; BEDAH BAWAH II: RIWAYAT OPS BURSITIS POPLITEA SINISTRA 2013, O BEEN 4 CM; KULIT II: AVR DI PUNGGUNG SCAR KAKI KIRI 2X10 CM; MATA II: VODS 6/9 S-0.50 6/6","Sakit","124","74","PSI 2","INF, KAV","84.83","MS","2950","70","18","100","41","100","43","100","17.3","86","99","GD","MS","20","45.6","78.33","030.0051/CABA-III/2026","085862437523","FAHMIARIFGUNAWAN66@GMAIL.COM","SMAN 1 GARUT","UGUN GUNAWAN","TNI-AD","085212331411","KP KUDANG RT 003 RW 002 DS LEBAKJAYA KEC KARANGPAWITAN KAB GARUT"
"75","3204260512070001","2026-SECABA-075","ADIL SHAFWAN PRATAMA","SECABA","DIKMABA TA 2026","Siswa Bintara","Kompi A","Peleton 3","L","KODAM III/SLW - KODIM 0624/KAB BANDUNG","BANDUNG","2007-12-05","O","171","65","120/70","Berobat Jalan","Stakes III (Kurang/Dispen)","TENSI III: 137/73 MMHG 70 X/MENIT; BEDAH BAWAH II: VARISES GRADE I; MATA II: VOS 6/9 S-0.50 6/6; LAB II: HDL 40","Sakit","118","70","PSI 2","INF, KAV","81.34","MS","2800","62","18","100","41","100","43","100","17.2","87","99","GD","MS","24","46.2","74.54","030.0281/CABA-III/2026","081297501889","ADILSHAFWAN04@GMAIL.COM","SMAN 1 CICALENGKA","NONO SUWARNO","TNI-AD","081285086010","KP.BABAKAN INPRES RT 03/RW 12 DS CANGKUANG KEC.RANCAEKEK KAB BANDUNG"
"76","3604011512070002","2026-SECABA-076","ABID RIJAL AKROM","SECABA","DIKMABA TA 2026","Siswa Bintara","Kompi A","Peleton 3","L","KODAM III/SLW - KODIM 0602/SERANG","SERANG","2007-12-15","O","176","68","110/70","Berobat Jalan","Stakes III (Kurang/Dispen)","TENSI III: 135/65 MMHG 70 X/MENIT; BEDAH BAWAH III: VARISES GRADE II; KULIT II: BM <10CM; THORAX II: CORAKAN BRONCHOVASCULER BERLEBIH","Sakit","114","65","PSI 2","INF, CZI","88.54","MS","3136","80","16","90","41","100","43","100","17","89","99","GD","MS","22","48","74.42","030.0282/CABA-III/2026","082261101088","ABIDAKROM15@GMAIL.CPOM","SMAN 3 KOTA SERANG","MUHTADI","KARYAWAN SWASTA","087727076800","LINK. KELAPA DUA RT 06 RW 07 KEL. KAGUNGAN KEL. SERANG KOTA SERANG"
"77","3602121108060008","2026-SECABA-077","MUHAMMAD AZMI RABBANI","SECABA","DIKMABA TA 2026","Siswa Bintara","Kompi A","Peleton 3","L","KODAM III/SLW - KODIM 0609/CIMAHI","CIMAHI","2006-08-11","O","172","62","120/80","Berobat Jalan","Stakes III (Kurang/Dispen)","LAB III: LEKOSIT 14.800; TENSI II: 120/73 MMHG 71 X/MENIT; THORAX II: CORAKAN BRONCHOVASCULER BERLEBIH","Sakit","125","71","PSI 2","ARM, KAV","79.04","MS","2750","60","16","90","41","100","43","100","17","89","94","GD","MS","24","48.6","74.22","030.0088/CABA-III/2026","081222986944","AZMIRABBANI351@GMAIL.COM","SMAN 2 CIMAHI","ABDULAH MAKSUM","TNI-AD","082315221114","JL.BAROS PASAR RT 002/RW 001 KEL. LEUWIGAJAH KEC. CIMAHI SELATAN/KOTA CIMAHI"
"78","3202300606060002","2026-SECABA-078","WISNU WIRA DARMA","SECABA","DIKMABA TA 2026","Siswa Bintara","Kompi A","Peleton 3","L","KODAM III/SLW - KODIM 0607/KOTA SUKABUMI","SUKABUMI","2006-06-06","O","174","65","110/70","Berobat Jalan","Stakes III (Kurang/Dispen)","LAB III: SGPT 48 ASAM URAT 7.9; TENSI II: 116/70 MMHG 90 X/MENIT; MATA II: VODS 6/9 S-0.50 6/6; EKG II: ICRBBB; THORAX II: CORAKAN BRONCHOVASCULER BERLEBIH","Sakit","125","70","PSI 2","ARM, KAV","80.55","MS","2780","61","18","100","41","100","43","100","17.5","84","99","GD","MS","20","48.6","74.22","030.0302/CABA-III/2026","085123686364","WISNUWIRA666@GMAIL.COM","SMAN 1 KOTA SUKABUMI","DARMUDJI","TNI-AD","081573335718","KP. SUKAMANAH RT 04/06 DS. SUKAMANAH KEC. CISAAT KAB. SUKABUMI"
"79","5171013007070003","2026-SECABA-079","FAWWAZ AHNAF IBNU YESA","SECABA","DIKMABA TA 2026","Siswa Bintara","Kompi A","Peleton 3","L","KODAM III/SLW - KODIM 0620/KAB CIREBON","DENPASAR","2007-07-30","O","168","70","120/80","Berobat Jalan","Stakes III (Kurang/Dispen)","LAB III: TRIGLISERIDA 291; TENSI II: 130/82 MMHG 74 X/MENIT; GIGI II: 38 IMPAKSI; MATA II: VODS 6/9 S-0.50 6/6","Sakit","121","70","PSI 2","CKM, CPL","79.94","MS","2800","62","18","100","41","100","43","100","18","79","94","GD","MS","22","47.4","73.98","030.0029/CABA-III/2026","085195917730","FAWWAZAHNAFIBNUYESAA@GMAIL.COM","SMAN 1 LOSARI BREBES","SARIPIN","TNI-AD","081388610321","DUSUN MANIS RT005/RW002 DESA BARISAN KECAMATAN LOSARI. KABUPATEN CIREBON"
"80","3209301909070001","2026-SECABA-080","KANDELA WYNDUA BAIKTIYO","SECABA","DIKMABA TA 2026","Siswa Bintara","Kompi A","Peleton 3","L","KODAM III/SLW - KODIM 0620/KAB CIREBON","CIREBON","2007-09-19","O","168","53","120/80","Berobat Jalan","Stakes III (Kurang/Dispen)","TENSI III: 139/70 MMHG 90 X/MENIT; IMT II: 18.53 BB -4.15 KG; BEDAH BAWAH II: VARISES GRADE I; KULIT II: HPI; LAB II: HDL 42; THORAX II: CORAKAN BRONCHOVASCULER BERLEBIH","Sakit","119","67","PSI 2","INF, ARM","83.81","MS","2895","67","18","100","41","100","43","100","17","89","99","GD","MS","24","49.8","73.72","030.0464/CABA-III/2026","08132205416","WYNDUAK@GMAIL.COM","SMAN 1 BABAKAN","WARIYANTO","PURN. TNI-AD","083823787424","PERUM GEBANG PERMAI RT 002/ RW 006 DESA GEBANG ILIR KEC. GEBANG. KAB. CIREBON"
"81","3273132010060002","2026-SECABA-081","MUHAMMAD HILMI MUTTAQIN","SECABA","DIKMABA TA 2026","Siswa Bintara","Kompi A","Peleton 3","L","KODAM III/SLW - KODIM 0618/KOTA BANDUNG","BANDUNG","2006-10-20","O","163","49","110/70","Berobat Jalan","Stakes III (Kurang/Dispen)","IMT III: 18.40 BB -4.27 KG; TENSI II: 130/76 MMHG 87 X/MENIT; LAB II: LEKOSIT 10.490 TROMBOSIT 415.000 ASAM URAT 7.4 LDL 122; EKG II: RAD","Sakit","121","73","PSI 2","INF, CZI","74.21","MS","2700","57","15","85","41","100","40","85","18","79","93","GD","MS","23.2","49.2","73.48","030.0042/CABA-III/2026","08212869407","HMUTTAQIN2@GMAIL.COM","SMAN 22 BANDUNG","DARSONO","TNI-AD","082115454123","ASRAMA YONKAV 4/KC JL.BINTARA BLOK G NO.6 RT 012/RW 008 KEL. LINGKAR SELATAN KEC. LENGKONG KOTA BANDUNG"
"82","3273162803070003","2026-SECABA-082","DITO WANGSIT SEJATI","SECABA","DIKMABA TA 2026","Siswa Bintara","Kompi A","Peleton 3","L","KODAM III/SLW - KODIM 0618/KOTA BANDUNG","BANDUNG","2007-02-28","O","177","62","120/80","Berobat Jalan","Stakes III (Kurang/Dispen)","TENSI III: 132/81 MMHG 65 X/MENIT; LAB III: SEDIMEN URINE LEKOSIT 5-10/LPB; IMT II: 19.81 BB -0.59 KG; EKG II: RAD","Sakit","113","66","PSI 2","KAV, INF","84","MS","2930","69","18","100","41","100","43","100","17.1","88","93","GD","MS","24","44.4","73.2","030.0384/CABA-III/2026","081931283313","DITOSEJATI28@GMAIL.COM","SMA SUMATRA 40 BANDUNG","SUWARTO","TNI-AD","082126701893","BABAKAN SENTRAL RT 01/RW05 KEL.SUKAPURA KEC KIARACONDONG KOTA BANDUNG"
"83","1205040304060005","2026-SECABA-083","YOGA BINANTA TARIGAN","SECABA","DIKMABA TA 2026","Siswa Bintara","Kompi A","Peleton 3","L","KODAM III/SLW - KODIM 0624/KAB BANDUNG","MEDAN","2006-04-03","O","169","65","100/80","Berobat Jalan","Stakes III (Kurang/Dispen)","THT III: FISTULA PREAURIKULA AD; LAB III: ASAM URAT 7.9; TENSI II: 123/75 MMHG 70 X/MENIT; BEDAH II: POST OPS VARICOCELE SINISTRA 2022; BEDAH BAWAH II: VARISES GRADE I","Sakit","101","70","PSI 2","INF, CZI","77.85","MS","2785","62","15","85","41","100","43","100","18","79","90","GD","MS","22","48.6","73.14","030.0166/CABA-III/2026","0858‑3546‑8896‬","YOABINANTA@GMAIL.COM","SMA SWASTA SANTA MARIA KABANJAHE","MENINGKAT TARIGAN","WIRASWASTA","081264773344","VILLA JATI INDAH JL.ADHIYAKSA NO.16 /RT 002/RW 904 KEL/DESA CILEUNYI KULON KEC.CILEUNYI KAB.BANDUNG"
"84","3211152710060009","2026-SECABA-084","DANDI DIAN SAPUTRA","SECABA","DIKMABA TA 2026","Siswa Bintara","Kompi A","Peleton 3","L","KODAM III/SLW - KODIM 0610/SUMEDANG","SUMEDANG","2006-10-27","O","166","57","100/70","Siap Latih","Stakes II (Baik)","BEDAH BAWAH II: VARISES GRADE I; KULIT II: AVR DI WAJAH; EKG II: ICRBBB","Aktif","95","60","PSI 3","INF","92.3","MS","3330","90","18","100","41","100","43","100","17.5","84","86","GD","MS","22","48.6","72.92","030.0368/CABA-III/2026","081288217371","DANDIDIANSAPUTRA@GMAIL.COM","SMAN JATINANGOR","UUN SOPANDI","WIRASWASTA","0882000465528","DSN MARGAMEKAR RT001 RW012 DS HEGARMANAH KEC JATINANGOR KAB SUMEDANG"
"85","3204261810080004","2026-SECABA-085","WISNU ALFARIZI","SECABA","DIKMABA TA 2026","Siswa Bintara","Kompi A","Peleton 3","L","KODAM III/SLW - KODIM 0605/SUBANG","BANDUNG","2008-10-18","O","172","60","110/80","Berobat Jalan","Stakes III (Kurang/Dispen)","BEDAH BAWAH III: VARISES GRADE II; LAB III: LEKOSIT 14.860 ASAM URAT 7.9; TENSI II: 115/76 MMHG 86 X/MENIT","Sakit","125","70","PSI 2","INF, CZI","76.7","MS","2770","61","15","85","41","100","43","100","18","79","83","GD","MS","22.8","48","72.68","030.0417/CABA-III/2026","081221656643","WISNUALAFARIZI93@GMAIL.COM","SMAN 1 JALANCAGAK","WAWAN WALIAWAN","TNI-AD","0813-9485-4007","KP. JABONG TENGAH RT 025/RW 008 DS. CURUGRENDENG KEC. JALANCAGAK KAB. SUBANG"
"86","3211162610040001","2026-SECABA-086","GILANG PHASA WASIDI","SECABA","DIKMABA TA 2026","Siswa Bintara","Kompi A","Peleton 3","L","KODAM III/SLW - KODIM 0610/SUMEDANG","SUMEDANG","2004-09-20","O","174","67","100/70","Berobat Jalan","Stakes III (Kurang/Dispen)","BEDAH BAWAH III: VARISES GRADE II; TENSI II: 114/65 MMHG 73 X/MENIT; GIGI II: CROWDED ANT RA RINGAN; KULIT II: HPI; AVR DI WAJAH; LAB II: ASAM URAT 7.2 LDL 126; EKG II: SINUS ARITMIA","Sakit","111","71","PSI 2","KAV, ARH","73.93","MS","2750","60","13","75","41","100","38","75","17.9","80","98","GD","MS","24","46.8","72.17","030.0313/CABA-III/2026","088220631709","GIILANGGPW@GMAIL.COM","SMAS YKM TANJUNGSARI","DADANG WASIDI","PNS","082321744360","DUSUN CIBAWANG RT001/RW011 DESA SUKASIRNARASA KECAMATAN RANCAKALONG KABUPATEN SUMEDANG"
"87","3271041205070003","2026-SECABA-087","RAY GHANI KURNIA","SECABA","DIKMABA TA 2026","Siswa Bintara","Kompi A","Peleton 3","L","KODAM III/SLW - KODIM 0618/KOTA BANDUNG","BANDUNG","2007-05-12","O","174","80","120/80","Berobat Jalan","Stakes III (Kurang/Dispen)","LAB III: SGPT 42; IMT II: 26.33 BB +4.05 KG; TENSI II: 130/80 MMHG 70 X/MENIT; MATA II: VOS 6/9 S-0.50 6/6","Sakit","118","67","PSI 2","INF, ARM","79.3","MS","2750","60","16","90","41","100","43","100","17.3","86","100","GD","MS","26.8","51","71.92","030.0126/CABA-III/2026","089648408830","RAYGHANI42@GMAIL.COM","SMA KARTIKA XIX-1 BANDUNG","RADEN YUDI KURNIA","TNI-AD","0895-3291-54262","KPAD PINDAD TIMUR GG.SUDALI XIII NO.K.2351 RT 004/RW 008 KEL. SUKAPURA KEC. KIARACONDONG KOTA BANDUNG"
"88","3604042806080003","2026-SECABA-088","RIDHO AULIA ALFARIZY","SECABA","DIKMABA TA 2026","Siswa Bintara","Kompi A","Peleton 3","L","KODAM III/SLW - KODIM 0602/SERANG","SERANG","2008-06-28","O","170","62","130/80","Berobat Jalan","Stakes III (Kurang/Dispen)","BEDAH III: PIGEON CHEST; TENSI II: 130/72 MMHG 94 X/MENIT; GIGI II: 38 IMPAKSI; KULIT II: STRIAE; MATA II: VODS 6/10 S-0.75 6/6","Sakit","125","74","PSI 2","INF, CKM","68.34","MS","2520","48","13","75","41","100","43","100","18.7","72","77","GD","MS","22.8","46.8","71.74","030.0397/CABA-III/2026","081385574282","RIDHOALFARIZY03@GMAIL.COM","SMAN 3 KOTA SERANG","AGUS PURWANSYAH","TNI-AD","081317411830","PERUM TAMAN PESONA RESIDENCE . BB 4 NO. 19 KEL. TAKTAKAN KEC. TAKTAKAN SERANG"
"89","3204261012070003","2026-SECABA-089","RENALDI YOSA PRATAMA","SECABA","DIKMABA TA 2026","Siswa Bintara","Kompi A","Peleton 3","L","KODAM III/SLW - KODIM 0624/KAB BANDUNG","BANDUNG","2007-12-10","O","174","69","120/80","Berobat Jalan","Stakes III (Kurang/Dispen)","LAB III: ASAM URAT 7.9; TENSI II: 129/71 MMHG 66 X/MENIT; BEDAH BAWAH II: VARISES GRADE I","Sakit","114","65","PSI 2","INF, ARM","81.51","MS","2890","67","18","100","41","100","43","100","17.8","81","85","GD","MS","24","48","71.6","030.0053/CABA-III/2026","089606326688","RENALDIYOSAPRATAMA2007@GMAIL.COM","MAS AL-FALAH","AYI YOSA SADIKIN","WIRASWASTA","082115473202","KP.CIGOROWONG RT 04 RW 09 DS.NAGREG KEC. NAGREG KAB. BANDUNG"
"90","1302112109070001","2026-SECABA-090","ARSIL FIKAR RAMADHAN","SECABA","DIKMABA TA 2026","Siswa Bintara","Kompi A","Peleton 3","L","KODAM III/SLW - KODIM 0618/KOTA BANDUNG","SANINGBAKAR","2007-09-21","O","172","64","110/80","Berobat Jalan","Stakes III (Kurang/Dispen)","LAB III: ASAM URAT 7.7; TENSI II: 108/61 MMHG 54 X/MENIT","Sakit","111","65","PSI 2","INF, CKM","81.48","MS","2838","64","18","100","41","100","43","100","17.7","82","97","GD","MS","22.4","49.2","71.59","030.0094/CABA-III/2026","085111532109","ARSILFIKARRAMADHAN9@GMAIL.COM","SMK 1 SOLOK","ARGULIASNO","WIRASWASTA","081357848900","JL CIBADUYUT BLOK PESANTREN RT 003 RW 001 KEL. CIBADUYUT KEC BOJONGLOA KIDUL KOTA BANDUNG"
"91","3217080409080003","2026-SECABA-091","RADJA RAMADHAN LIPALDA","SECABA","DIKMABA TA 2026","Siswa Bintara","Kompi A","Peleton 3","L","KODAM III/SLW - KODIM 0609/CIMAHI","BANDUNG","2008-09-04","O","176","77","130/80","Berobat Jalan","Stakes III (Kurang/Dispen)","THT III: T2-T1; TENSI II: 122/77 MMHG 74 X/MENIT; KULIT II: HPI; LAB II: ASAM URAT 7.4 LDL 109; EKG II: RAD; THORAX II: CORAKAN BRONCHOVASCULER BERLEBIH","Sakit","113","71","PSI 2","ARM, KAV","72.21","MS","2620","53","12","70","41","100","40","85","17.3","86","100","GD","MS","27.2","46.2","71.48","030.0235/CABA-III/2026","083172822493","BABEHJAA440@GMAIL.COM","SMAN 1 PADALARANG","DARMAWANSYAH","PURN. TNI-AD","0852-2023-4212","KP. SITUSAEUR RT 06/RW 01 KEC. PADALARANG DESA. KERTAMULYA KAB. BANDUNG BARAT"
"92","3279011612070001","2026-SECABA-092","MUHAMMAD TYAGA FARREL AQIL SYAHPUTRA","SECABA","DIKMABA TA 2026","Siswa Bintara","Kompi A","Peleton 3","L","KODAM III/SLW - KODIM 0613/CIAMIS","BANJAR","2007-12-16","O","170","52","120/80","Berobat Jalan","Stakes III (Kurang/Dispen)","IMT III: 18.06 BB -5.60 KG; LAB III: LEKOSIT 12.080; EKG II: ICRBBB","Sakit","111","65","PSI 2","INF, CKE","81","MS","2795","62","17","95","41","100","43","100","17","89","99","GD","MS","24","49.2","71.4","030.0329/CABA-III/2026","081225014629","AATYAGA16@GMAIL.COM","SMAN 1 BANJAR","SISWOTO (ALM)/HANI HERLINA MAELASARI, S.H","POLRI/PNS","085221200082","LINGK. BANJARKOLOT RT 005 RW 011 KEL. BANJAR KEC. BANJAR KOTA BANJAR"
"93","3210112008030061","2026-SECABA-093","AZHAR NUR AULIA PIZAH","SECABA","DIKMABA TA 2026","Siswa Bintara","Kompi A","Peleton 3","L","KODAM III/SLW - KODIM 0617/MAJALENGKA","MAJALENGKA","2003-08-20","O","173","58","120/80","Berobat Jalan","Stakes III (Kurang/Dispen)","BEDAH BAWAH III: VARISES GRADE II; IMT II: 19.40 BB -1.79 KG; TENSI II: 108/69 MMHG 60X/MENIT; LAB II: ASAM URAT 7.1 LDL 101","Sakit","88","64","PSI 2","INF, CKM","81.69","MS","2940","70","18","100","41","100","40","85","17.7","82","89","BG","MS","23.2","49.2","71.08","030.0033/CABA-III/2026","081231333262","DEDEAJAY666@GMAIL.COM","UNIVERSITAS SWADAYA GUNUNG JATI","ADE DEKA RUKMANA","ASN","0896-0190-8913","JL DESA CIBENTAR RT/RW 008/003 BLOK AHAD KEC. JATIWANGI KAB. MAJALENGKA"
"94","3204351509060008","2026-SECABA-094","DAVID FATHIR REYMON","SECABA","DIKMABA TA 2026","Siswa Bintara","Kompi A","Peleton 3","L","KODAM III/SLW - KODIM 0624/KAB BANDUNG","BANDUNG","2006-09-15","O","174","72","100/70","Berobat Jalan","Stakes III (Kurang/Dispen)","LAB III: ASAM URAT 7.9; TENSI II: 107/65 MMHG 62 X/MENIT; KULIT II: NAEVUS 1X1 CM; SCAR HIPERTROFIK 1X5 CM; MATA II: VODS 6/9 S-0.50 6/6","Sakit","100","62","PSI 2","INF, CPL","84.38","MS","2980","72","15","85","41","100","43","100","17","89","99","GD","MS","22","46.8","70.95","030.0273/CABA-III/2026","085218697834","VIDFATHIR15@GMAIL.COM","SMAN 1 CIKANCUNG","NANA PERMANA","BURUH HARIAN LEPAS","0882000322710","KP CURUG DEDES RT 001 /RW 010 DS DRAWATI KEC PASEH KAB BANDUNG"
"95","3210231801080001","2026-SECABA-095","GIAN ANUGRAH RAHADIAN","SECABA","DIKMABA TA 2026","Siswa Bintara","Kompi A","Peleton 3","L","KODAM III/SLW - KODIM 0617/MAJALENGKA","MAJALENGKA","2008-01-18","O","163","54","120/80","Berobat Jalan","Stakes III (Kurang/Dispen)","BEDAH BAWAH III: VARISES GRADE II; TENSI II: 123/78 MMHG 70 X/MENIT; KULIT II: AVR DI WAJAH; LAB II: LDL 100","Sakit","106","63","PSI 2","INF, CKM","81.68","MS","2880","67","14","80","41","100","43","100","16.9","90","99","GD","MS","22","49.8","70.47","030.0377/CABA-III/2026","081214300373","GIANANUGRAHCKJ@GMAIL.COM","SMAN 1 CIKIJING","RD AA PURNAMA (ALM)/NINING YULIANINGRUM","PNS","08122462977","BLOK KRONCONGSARI RT 003 RW 005 DESA SEDARAJA KEC CINGAMBUL KAB MAJALENGKA"
"96","3210060703080041","2026-SECABA-096","JAKA LALANA SAPUTRA","SECABA","DIKMABA TA 2026","Siswa Bintara","Kompi A","Peleton 3","L","KODAM III/SLW - KODIM 0617/MAJALENGKA","MAJALENGKA","2008-03-07","O","168","57","110/60","Berobat Jalan","Stakes III (Kurang/Dispen)","THT III: FISTULA AD; KULIT II: BM <10 CM","Sakit","123","68","PSI 2","INF, ARM","74.16","MS","2610","52","18","100","41","100","43","100","17.8","81","79","GD","MS","24","45.6","70.46","030.0339/CABA-III/2026","085723303052","JAKALALANASAPUTRA07@GMAIL.COM","SMAN 1 MAJA","EMAN","PETANI","082263047054","BLOK LENGKONG RT 001 RW 008 DESA NUNUK BARU KEC MAJA KAB MAJALENGKA"
"97","3204051405080002","2026-SECABA-097","MUHAMMAD ALKY ADITYA","SECABA","DIKMABA TA 2026","Siswa Bintara","Kompi A","Peleton 3","L","KODAM III/SLW - KODIM 0624/KAB BANDUNG","BANDUNG","2008-05-14","O","170","63","110/70","Berobat Jalan","Stakes III (Kurang/Dispen)","LAB III: ASAM URAT 7.9; TENSI II: 125/70 MMHG 63 X/MENIT; KULIT II: AVR DI PUNGGUNG","Sakit","111","68","PSI 2","KAV, CKM","74.04","MS","2612","52","16","90","41","100","43","100","17.8","81","89","GD","MS","24","46.8","70.42","030.0212/CABA-III/2026","088991280212","ALLADTYAA14@GMAIL.COM","SMAN 12 BANDUNG","HENDI","KARYAWAN BUMN","081931460054",".IL. CIPONDOH KP. SUKAMULYA NO.61 RT 0 2 / RW 13 DESA CINUNUK KEC. CILEUNYI KAB. BANDUNG"
"98","3277010105090003","2026-SECABA-098","ADITYA YOGA PRATAMA","SECABA","DIKMABA TA 2026","Siswa Bintara","Kompi A","Peleton 3","L","KODAM III/SLW - KODIM 0609/CIMAHI","BANDUNG","2005-05-01","O","179","77","130/80","Berobat Jalan","Stakes III (Kurang/Dispen)","LAB III: ASAM URAT 7.9; TENSI II: 130/84 MMHG 92 X/MENIT; GIGI II: 38 48 IMPAKSI; BEDAH II: OPS VARICOCELE SINISTRA 2021; KULIT II: MULTIPLE SCAR HIPERTROPIK 1X2 CM, BM <10 CM","Sakit","114","70","PSI 2","ARM, INF","70.89","MS","2573","50","18","100","41","100","37","70","17","89","80","BG","MS","22","47.4","70.36","030.0077/CABA-III/2026","082120345064","GAPRATA8@GMAIL.COM","SMAN 4 CIMAHI","MARGONO","BURUH HARIAN LEPAS","082117564773","KP LEMBUR SAWAH RT05/16 KEL UTAMA KEC. CIMAHI SELATAN KOTA CIMAHI"
"99","3204320512060006","2026-SECABA-099","RIYAN","SECABA","DIKMABA TA 2026","Siswa Bintara","Kompi A","Peleton 3","L","KODAM III/SLW - KODIM 0624/KAB BANDUNG","BANDUNG","2006-04-10","O","168","72","120/80","Berobat Jalan","Stakes III (Kurang/Dispen)","TENSI III: 139/85 MMHG 68 X/MENIT; LAB III: ASAM URAT 7.6; IMT II: 25.54 BB +1.52 KG; BEDAH BAWAH II: VARISES GRADE I; KULIT II: HPI; EKG II: LAD","Sakit","113","68","PSI 2","INF, CKE","73.5","MS","2650","54","16","90","41","100","43","100","18.1","78","78","BG","MS","23.6","51.6","70.2","030.0280/CABA-III/2026","08311881075","GEVINASBI@GMAIL.COM","SMKN 7 BALEENDA","NADI","BURUH HARIAN LEPAS","0831-4309-0267","KP CIPICUNG RT 04 RW 01 KEL MANGGAHANG KEC BALEENDAH KAB BANDUNG"
"100","3604040911070002","2026-SECABA-100","MUHAMMAD RICQO DWI NOFIYANTO","SECABA","DIKMABA TA 2026","Siswa Bintara","Kompi A","Peleton 3","L","KODAM III/SLW - KODIM 0602/SERANG","SERANG","2007-11-09","O","170","55","120/80","Berobat Jalan","Stakes III (Kurang/Dispen)","LAB III: ASAM URAT 7.8; IMT II: 19.12 BB -2.53 KG; TENSI II: 117/73 MMHG 82 X/MENIT; GIGI II: 48 IMPAKSI; KULIT II: AVR DI WAJAH; HPI; MATA II: VODS 6/9 S-0.50 6/6","Sakit","125","72","PSI 2","INF, ARM","67.33","MS","2530","48","18","100","39","90","37","70","17.3","86","68","GD","MS","22.8","48.6","70.13","030.0472/CABA-III/2026","083181330794","MRICQOD@GMAIL.COM","SMAN 3 KOTA SERANG","WIJI","TNI-AD","0818483169","LINK BALE BATU JL. KH ABDUL LATIF NO 28 RT 03 RW 02 KEL. LIALANG KEC. TATAKAN KOTA SERANG"
"101","3273100511070003","2026-SECABA-101","NAUFAL NALENDRA NURRACHMAT","SECABA","DIKMABA TA 2026","Siswa Bintara","Kompi A","Peleton 3","L","KODAM III/SLW - KODIM 0618/KOTA BANDUNG","BANDUNG","2007-11-05","O","165","61","120/80","Berobat Jalan","Stakes III (Kurang/Dispen)","TENSI III: 139/77 MMHG 106 X/MENIT; USG III: KISTA GINJAL KIRI UKURAN 2.1 CM; BEDAH BAWAH II: VARISES GRADE I; LAB II: ASAM URAT 7.4 HDL 39","Sakit","101","60","PSI 3","INF","85.3","MS","2985","72","18","100","41","100","43","100","17.5","84","97","GD","MS","20","49.8","70.12","030.0279/CABA-III/2026","085654249432","KKNAUFALNALENDRA@GMAIL.COM","SMAN 11 BANDUNG","AGUS RAHMAT","WIRASWASTA","085654249445","JL.PELINDUNG HEWAN RT 001/RW 008 KEL.PELINDUNG HEWAN KEC. ASTANA ANYAR KOTA BANDUNG"
"102","3211222811070001","2026-SECABA-102","IKRAR MAHARDIKA NUSABAKTI","SECABA","DIKMABA TA 2026","Siswa Bintara","Kompi A","Peleton 3","L","KODAM III/SLW - KODIM 0610/SUMEDANG","SUMEDANG","2007-11-28","O","170","63","100/70","Siap Latih","Stakes II (Baik)","TENSI II: 125/80 MMHG 64 X/MENIT; KULIT II: NEBUS 0,5X0.5 CM","Aktif","105","59","PSI 3","INF","86.63","MS","2995","73","18","100","41","100","43","100","16.9","90","99","GD","MS","23.2","48.6","70.05","030.0419/CABA-III/2026","082118531110","DIKAMAHHAR@GMAIL.COM","SMAN 1 CIMALAKA","RIBUT","PURN. TNI-AD","081222190275","JL. TANJUNGKERTA. RT03/RW06. DESA CITIMUN KECAMATAN CIMALAKA KABUPATEN SUMEDANG"
"103","3213100704080001","2026-SECABA-103","MOH RENDRA ROSAMANTA","SECABA","DIKMABA TA 2026","Siswa Bintara","Kompi A","Peleton 3","L","KODAM III/SLW - KODIM 0605/SUBANG","SUBANG","2008-04-07","O","169","68","120/80","Berobat Jalan","Stakes III (Kurang/Dispen)","LAB III: LEKOSIT 14.430; TENSI II: 104/67 MMHG 73 X/MENIT; KULIT II: AVR DI WAJAH; HPI; EKG II: ICRBBB","Sakit","85","64","PSI 2","KAV, INF","78.41","MS","2800","62","15","85","41","100","41","90","17.3","86","99","GD","MS","22.4","48","69.76","030.0342/CABA-III/2026","088973323504","MRENDRA965@GMAIL.COM","SMAN 1 PUSAKANAGARA","SUMANTA","WIRASWASTA","082130823140","RT 006/RW 002/DS KALENTAMBO KEC PUSAKANAGARA KAB SUBANG"
"104","3278061011070002","2026-SECABA-104","AZKA RIZKA MAULANA","SECABA","DIKMABA TA 2026","Siswa Bintara","Kompi A","Peleton 3","L","KODAM III/SLW - KODIM 0612/TASIKMALAYA","TASIKMALAYA","2007-11-10","O","167","53","130/80","Berobat Jalan","Stakes III (Kurang/Dispen)","TENSI III: TENSI 131/83 101 X/MENIT; IMT II: 18.80 BB -3.34 KG; GIGI II: CROWDED ANT RA RINGAN","Sakit","119","69","PSI 2","INF, CPL","70.86","MS","2642","54","18","100","41","100","40","85","18.7","72","64","GD","MS","22","49.2","69.74","030.0050/CABA-III/2026","083843055622","AZKAAZKARIZKAMAULANA@GMAIL.COM","SMAN 3 TASIKMALAYA","NUNU RUHYANI","BURUH HARIAN LEPAS","082213869417","KP. CONDONG RT. 001 RW. 002 KEL. SETIANAGARA KEC. CIBEUREUM TASIKMALAYA"
"105","1220042505070003","2026-SECABA-105","AWAN ADITIA PRATAMA","SECABA","DIKMABA TA 2026","Siswa Bintara","Kompi A","Peleton 3","L","KODAM III/SLW - KODIM 0621/KAB BOGOR","GUNUNG TUA","2007-05-25","O","164","59","110/70","Berobat Jalan","Stakes III (Kurang/Dispen)","USG III: CHOLELITHIASIS UKURAN 0,2 CM; TENSI II: 109/60 MMHG 87 X/MENIT; GIGI II: 38 IMPAKSI; KULIT II: AVR DI WAJAH; LAB II: LEKOSIT 10.290","Sakit","111","71","PSI 2","INF, CPL","67.5","MS","2662","55","10","60","33","60","43","100","17.9","80","90","GD","MS","20","49.2","69.6","030.0262/CABA-III/2026","0858-1057-5868","ENNIWATI30@GMAIL.COM","SMAN 1 PADANG BOLAK","YENWAR/RODIAH MAJILIANI (ALMH)","WIRASWASTA","0812-2663-2980","KP.CITALINGKUP RT 02/RW 04 KEL./DS CILEMBER KEC. CISARUA KAB. BOGOR"
"106","3203110209090003","2026-SECABA-106","RIAN RAMADHAN","SECABA","DIKMABA TA 2026","Siswa Bintara","Kompi A","Peleton 4","L","KODAM III/SLW - KODIM 0608/CIANJUR","CIANJUR","2007-09-02","O","173","55","120/80","Berobat Jalan","Stakes III (Kurang/Dispen)","IMT III: 18.32 BB -5.01 KG; GIGI III: GINGIVITIS RB 36 CARIES MEDIA; TENSI II: 116/71 MMHG 84 X/MENIT; MATA II: VOS 6/9 S-0.50 6/6","Sakit","114","65","PSI 2","CKM, INF","76.33","MS","2712","58","18","100","41","100","40","85","17.4","85","86","GD","MS","22.4","42.6","69.53","030.0142/CABA-III/2026","0857-2208-9981","RIANRAMADHANN47@GMAIL.COM","SMKN 1 CIANJUR","AHMAD SUGI","TNI-AD","0877-4141-6450","KP. GUNUNG LANJUNG RT 05/RW 07DES.CIJEDIL. KEC. CUGENANG. KAB CIANJUR"
"107","3211142212070001","2026-SECABA-107","DIMAS DWI NURSEPTA","SECABA","DIKMABA TA 2026","Siswa Bintara","Kompi A","Peleton 4","L","KODAM III/SLW - KODIM 0610/SUMEDANG","SUMEDANG","2007-12-22","O","165","55","100/70","Berobat Jalan","Stakes III (Kurang/Dispen)","BEDAH BAWAH III: VARISES GRADE II; LAB III: CREATININ 1.5; TENSI II: 121/70 MMHG 90 X/MENIT; KULIT II: AVR DI WAJAH; EKG II: RAD","Sakit","95","62","PSI 2","INF, ARM","80.21","MS","2740","59","18","100","41","100","43","100","17","89","99","GD","MS","28","52.8","69.28","030.0152/CABA-III/2026","082118445943","DIMASDWINURSEPTA9@GMAIL.COM","SMAN CIMANGGUNG","MAMAN","KARYAWAN SWASTA","082117318070","KP. PASIRMUNCANG RT 04/ RW 18 DS.CIMANGGUNG KEC.CIMANGGUNG KAB.SUMEDANG"
"108","3202160306050004","2026-SECABA-108","DENA MAULANA SAPUTRA","SECABA","DIKMABA TA 2026","Siswa Bintara","Kompi A","Peleton 4","L","KODAM III/SLW - KODIM 0607/KOTA SUKABUMI","SUKABUMI","2005-06-03","O","173","58","130/80","Berobat Jalan","Stakes III (Kurang/Dispen)","TENSI III: 138/84 MMHG 74 X/MENIT; BEDAH BAWAH III: VARISES GRADE II; SYARAF III: MODERATE TREMOR; IMT II: 19.29 BB -2.14 KG; MATA II: VOD 6/9 S-0.50 6/6; LAB II: HDL 41","Sakit","101","65","PSI 2","INF, ARH","75.55","MS","2710","58","18","100","41","100","43","100","17.1","88","58","GD","MS","22.8","43.2","69.22","030.0174/CABA-III/2026","085177836282","DENA.M8C@GMAIL.COM","SMA PGRI CICURUG","DENI SUPARDI","WIRASWASTA","081398389186","KP. PANGKALAN RT02 RW02 DESA TENJOLAYA KECAMATAN CICURUG KABUPATEN SUKABUMI"
"109","3274011502080002","2026-SECABA-109","MUHAMMAD ZIDAN RAIS","SECABA","DIKMABA TA 2026","Siswa Bintara","Kompi A","Peleton 4","L","KODAM III/SLW - KODIM 0614/KOTA CIREBON","CIREBON","2008-02-15","O","175","64","120/80","Berobat Jalan","Stakes III (Kurang/Dispen)","LAB III: ASAM URAT 7.6; TENSI II: 118/69 MMHG 61 X/MENIT; GIGI II: 38 48 IMPAKSI; KULIT II: KELOID 1X1 CM; EKG II: RAD","Sakit","116","63","PSI 2","CKM, ARH","78.53","MS","2865","66","13","75","41","100","40","85","17.3","86","99","GD","MS","22","45.6","69.21","030.0247/CABA-III/2026","089638140077","MZIDANN1502@GMAIL.COM","SMAN 6 KOTA CIREBON","HAMIDUN BATUBARA","TNI-AD","0812-2203-8454","ASRAMA ARHANUDSE-14 RT.004 RW.010 KEL. SUKAPURA KEC. KEJAKSAN KOTA CIREBON"
"110","3203081403060002","2026-SECABA-110","BIMA KHALIFATULLAH","SECABA","DIKMABA TA 2026","Siswa Bintara","Kompi A","Peleton 4","L","KODAM III/SLW - KODIM 0608/CIANJUR","CIANJUR","2008-03-14","O","169","55","120/80","Berobat Jalan","Stakes III (Kurang/Dispen)","LAB III: SGOT 37; IMT II: 19.26 BB -2.12 KG; TENSI II: 123/70 MMHG 80 X/MENIT; BEDAH BAWAH II: VARISES GRADE I; KULIT II: AVR DI WAJAH","Sakit","98","59","PSI 3","KAV","84.36","MS","2900","68","18","100","41","100","43","100","17","89","100","GD","MS","18.4","46.8","69.14","030.0205/CABA-III/2026","0877‑6120‑2282‬","BIMAAKHALIFATULLAH@GMAIL.COM","SMAN 1 MANDE","ERWIN SUHERLAN","GURU","0878-1764-2911","KP JANGARI RT 001 RW 010 BOBOJONG KEC. MANDE KAB.CIANJUR"
"111","3207220312070002","2026-SECABA-111","ZASSKIA TRIADIN","SECABA","DIKMABA TA 2026","Siswa Bintara","Kompi A","Peleton 4","L","KODAM III/SLW - KODIM 0625/PANGANDARAN","CIAMIS","2007-12-03","O","172","65","100/70","Berobat Jalan","Stakes III (Kurang/Dispen)","GIGI III: 38 FOOD IMPAKSI; TENSI II: 121/70 MMHG 68 X/MENIT; LAB II: HDL 36; EKG II: ICRBBB","Sakit","118","66","PSI 2","ARM, INF","73.23","MS","2760","60","17","95","40","95","35","60","17.9","80","91","GD","MS","18.4","46.8","68.89","030.0200/CABA-III/2026","085975148380","ZTRIADIN@GMAIL.COM","SMAN 1 PANGANDARAN","ARI SUGANDI","BURUH HARIAN LEPAS","082118871062","BOJONG KAREKES RT002/015 KECAMATAN PANGANDARAN KABUPATEN PANGANDARAN"
"112","3202011201080004","2026-SECABA-112","ANDRIANSAH SATRIA DININGRAT","SECABA","DIKMABA TA 2026","Siswa Bintara","Kompi A","Peleton 4","L","KODAM III/SLW - KODIM 0622/KAB SUKABUMI","SUKABUMI","2008-01-12","O","169","57","120/80","Siap Latih","Stakes II (Baik)","IMT II: 19.71 BB -0.82 KG; TENSI II: 130/81 MMHG 98 X/MENIT; KULIT II: VULNUS EKSKORIASI 0,5 X 1 CM; LAB II: ASAM URAT 7.2","Aktif","86","58","PSI 3","INF","85.19","MS","3070","77","18","100","39","90","43","100","17","89","79","GD","MS","22.8","49.2","68.88","030.0111/CABA-III/2026","081219889706","ANDRIANSAHDININGRAT617@GMAIL.COM","SMAN 1 PALABUHANRATU","AYI RAHMAT SETIABUDI","WIRASWASTA","081282443076","KP. PINTU AIR RT 02 RW 18 DESA CITEPUS KEC. PALABUHANRATU KAB. SUKABUMI"
"113","3217021610070002","2026-SECABA-113","MUHAMMAD AFRIZAL SYACHRIANTO PRABOWO","SECABA","DIKMABA TA 2026","Siswa Bintara","Kompi A","Peleton 4","L","KODAM III/SLW - KODIM 0609/CIMAHI","CIMAHI","2007-10-16","O","174","63","120/80","Berobat Jalan","Stakes III (Kurang/Dispen)","LAB III: SGOT 42; TENSI II: 127/78 MMHG 87 X/MENIT","Sakit","101","58","PSI 3","INF","84.94","MS","2985","72","17","95","41","100","43","100","17.5","84","99","GD","MS","22","48.6","68.78","030.0318/CABA-III/2026","082117424586","AFRIZAL16007@GMAIL.COM","SMAN 1 BATUJAJAR","SYAMSUDDIN MABE","PURN. TNI-AD","082116099546","KP. HAURNGAMBANG RT 03/RW 06 DS. BATUJAJAR TIMUR KEC. BATUJAJAR KAB. BANDUNG BARAT"
"114","3209202007070004","2026-SECABA-114","RIZIQ NUR MAULANA","SECABA","DIKMABA TA 2026","Siswa Bintara","Kompi A","Peleton 4","L","KODAM III/SLW - KODIM 0620/KAB CIREBON","CIREBON","2007-07-20","O","170","58","110/80","Berobat Jalan","Stakes III (Kurang/Dispen)","TENSI III: 136/75 MMHG 69 X/MENIT; KULIT II: BM <10 CM, AVR DI PUNGGUNG SCAR 7 CM; MATA II: VOS 6/9 S-0.50 6/6; LAB II: TRIGLISERIDA 174 LDL 127 HDL 37; EKG II: RAD","Sakit","116","63","PSI 2","KAV, INF","77.35","MS","2813","63","18","100","41","100","43","100","17.5","84","58","GD","MS","22","48.6","68.74","030.0031/CABA-III/2026","089604329893","RIZIQNM200707@GMAIL.COM","SMAN 4 CIREBON","SUPARDI","KARYAWAN SWASTA","085703028434","BLOK SIDUET RT 03/RW 02./DS KALIKOA KEC. KEDAWUNG KOTA/KAB CIREBON"
"115","3204342506050004","2026-SECABA-115","RIFKI EKA SETIAWAN","SECABA","DIKMABA TA 2026","Siswa Bintara","Kompi A","Peleton 4","L","KODAM III/SLW - KODIM 0624/KAB BANDUNG","BANDUNG","2005-06-25","O","171","61","120/80","Berobat Jalan","Stakes III (Kurang/Dispen)","TENSI III: 133/83 MMHG 80 X/MENIT; LAB III: SEDIMEN URINE ERITROSIT 3-5/LPB; BEDAH BAWAH II: VARISES GRADE I","Sakit","111","67","PSI 2","INF, KAV","71.29","MS","2530","48","13","75","41","100","43","100","17.5","84","93","GD","MS","24","45.6","68.72","030.0266/CABA-III/2026","085772336002","IKIWW250506@GMAIL.COM","SPM ULYA AL-KAUTSAR CIANJUR","DADANG SUDRAJAT","BURUH HARIAN LEPAS","0821-1919-8780","KP.RANCAKASO RT 02/RW 02 DES PADAMUKTI KEC SOLOKANJERUK KAB BANDUNG"
"116","3279031204080001","2026-SECABA-116","MICHAEL ALEXANDER WALDIRUN PARDOSI","SECABA","DIKMABA TA 2026","Siswa Bintara","Kompi A","Peleton 4","L","KODAM III/SLW - KODIM 0612/TASIKMALAYA","TANGERANG","2008-04-12","O","175","70","130/80","Berobat Jalan","Stakes III (Kurang/Dispen)","TENSI III: 138/77 MMHG 92 X/MENIT; KULIT II: AVR DI PUNGGUNG; MATA II: VOS 6/9 S-0.50 6/6; LAB II: ASAM URAT 7.5","Sakit","116","63","PSI 2","INF, ARM","77.26","MS","2861","66","14","80","41","100","39","80","17.8","81","92","GD","MS","20.8","45.6","68.7","030.0122/CABA-III/2026","081929114034","MIKEPARDOSI12@GMAIL.COM","SMAN 5 TASIKMALAYA","MARULI PARDOSI","PURN. TNI-AD","082113126037","PERUM KOTABARU JLN CIREBON 1 NO 173 BLOK 5 RT 03 RW 17 KEL KOTABARU KEC CIBEUREUM"
"117","3273130912070003","2026-SECABA-117","DIDANSYAH HABIBILLAH","SECABA","DIKMABA TA 2026","Siswa Bintara","Kompi A","Peleton 4","L","KODAM III/SLW - KODIM 0618/KOTA BANDUNG","BANDUNG","2007-12-09","O","178","80","110/70","Berobat Jalan","Stakes III (Kurang/Dispen)","LAB III: LEKOSIT 13.320; IMT II: 25.22 BB +0.70 KG; BEDAH BAWAH II: VARISES GRADE I; EKG II: RAD","Sakit","119","70","PSI 2","CKM, INF","66.63","MS","2720","58","8","50","41","100","35","60","17.9","80","79","GD","MS","22.4","49.8","68.65","030.0478/CABA-III/2026","081959899670","DIDANSYAH097@GMAIL.COM","SMAN 22 BANDUNG","SUSI EDI","TNI-AD","081321401808","JL. TURANGGA BARAT DALAM II RT05/RW10 KEL./DS LINGKAR SELATAN KEC. LENGKONG KOTA BANDUNG"
"118","3276081308070002","2026-SECABA-118","RASYA RAIHAN ANANDA PUTRA","SECABA","DIKMABA TA 2026","Siswa Bintara","Kompi A","Peleton 4","L","KODAM III/SLW - KODIM 0609/CIMAHI","KUDUS","2007-08-13","O","172","80","130/80","Berobat Jalan","Stakes III (Kurang/Dispen)","IMT III: 27.14 BB +6.30 KG; LAB III: ASAM URAT 7.6; TENSI II: 123/70 MMHG 60 X/MENIT","Sakit","116","67","PSI 2","ARM, INF","70.86","MS","2760","60","7","45","37","80","43","100","17.5","84","91","GD","MS","20","46.8","68.54","030.0186/CABA-III/2026","085797954407","RAIHANRASYA33@GMAIL.COM","SMAN 8 DEPOK","SUNANDAR","TNI-AD","081283422985","BUMI ASRI RESIDEN BLOK B NO.17 RT03/RW25 DS PADALARANG KEC.PADALARANG KAB BANDUNG BARAT"
"119","3217050407050001","2026-SECABA-119","SATRIA YUDHA WITARSA","SECABA","DIKMABA TA 2026","Siswa Bintara","Kompi A","Peleton 4","L","KODAM III/SLW - KODIM 0609/CIMAHI","BANDUNG","2005-07-04","O","173","68","130/80","Berobat Jalan","Stakes III (Kurang/Dispen)","TENSI III: 139/89 MMHG 98 X/MENIT; LAB III: SGPT 68; KULIT II: AVR DI WAJAH; PV DI PUNGGUNG","Sakit","95","66","PSI 2","KAV, CKE","71.95","MS","2415","42","18","100","41","100","43","100","17.1","88","94","GD","MS","18","47.4","68.38","030.0221/CABA-III/2026","083861628055","YUDHAWITARSA@GMAIL.COM","SMAN 5 CIMAHI","UJANG WITARSA","PURN. TNI-AD","0858-6033-2796","KOMP GAJAH MADA C7 RT03 RW20 KEL BAROS CIMAHI TENGAH KOTA CIMAHI"
"120","3213082602080001","2026-SECABA-120","MUHAMMAD PANDU ANTARIKSA","SECABA","DIKMABA TA 2026","Siswa Bintara","Kompi A","Peleton 4","L","KODAM III/SLW - KODIM 0605/SUBANG","SUBANG","2008-02-26","O","169","68","110/70","Berobat Jalan","Stakes III (Kurang/Dispen)","LAB III: ASAM URAT 7.8; TENSI II: 113/67 MMHG 71 X/MENIT; GIGI II: 38 48 IMPAKSI; MATA II: VODS 6/9 S-0.50 6/6; SYARAF II: TREMOR MILD","Sakit","106","71","PSI 2","CKM, CPL","64.41","MS","2660","55","8","50","38","85","37","70","17.9","80","76","GD","MS","22","47.4","68.36","030.0284/CABA-III/2026","0895370142014","PANDUANTARIKSA260208@GMAIL.COM","SMAN 1 PAGADEN","AMARRUDIN","PENSIUNAN PNS","0895-3236-92522","KP. NANGGERANG RT02/RW01 DESA KARANGSARI KECAMATAN BINONG KABUPATEN SUBANG"
"121","3316040405080001","2026-SECABA-121","SATRYO TURIHAN WICAKSONO","SECABA","DIKMABA TA 2026","Siswa Bintara","Kompi A","Peleton 4","L","KODAM III/SLW - KODIM 0624/KAB BANDUNG","BLORA","2008-05-04","O","176","63","120/80","Berobat Jalan","Stakes III (Kurang/Dispen)","BEDAH BAWAH III: VARISES GRADE II; O BEEN 5 CM; TENSI II: 110/70 MMHG 84 X/MENIT; KULIT II: AVR DI PUNGGUNG; MATA II: VOD 6/9 S-0.50 6/6 VOS 6/10 S-0.75 6/6; THORAX II: CORAKAN BRONCHOVASCULER BERLEBIH","Sakit","85","61","PSI 2","INF, CKM","79.2","MS","2690","57","18","100","41","100","43","100","17.1","88","99","GD","MS","20","48","68.28","030.0210/CABA-III/2026","083861576450","SATRYOTURIHANN@GMAIL.COM","SMA PGRI CICALENGKA","LAMPITO","WIRASWASTA","085233906116","ASRAMA YONIF LINUD 330 RT003 RW 006 DS MANDALAWANGI KEC NAGREG KAB BANDUNG"
"122","3204161206050004","2026-SECABA-122","MUHAMAD DZIKRI A","SECABA","DIKMABA TA 2026","Siswa Bintara","Kompi A","Peleton 4","L","KODAM III/SLW - KODIM 0624/KAB BANDUNG","BANDUNG","2005-06-12","O","167","71","130/80","Berobat Jalan","Stakes III (Kurang/Dispen)","LAB III: ASAM URAT 7.9; IMT II: 25.43 BB +1.19 KG; TENSI II: 120/80 MMHG 66 X/MENIT; KULIT II: PV DI PUNGGUNG","Sakit","108","65","PSI 2","INF, CZI","73.18","MS","2520","48","18","100","41","100","43","100","18.5","74","95","GD","MS","21.2","45","68.27","030.0130/CABA-III/2026","085215577471","MUHAMADDZIKRI1206@GMAIL.COM","PONPES ALBASYARIYAH 3","DARTO HELMI","KARYAWAN SWASTA","0823-1705-4211","KP.PASIR SARI LEUBAK RT.03 RW.14 DES.PATROLSARI KEC. ARJASARI KAB. BANDUNG"
"123","3205022106070002","2026-SECABA-123","NIRWAN JAMAL MUSTOFA","SECABA","DIKMABA TA 2026","Siswa Bintara","Kompi A","Peleton 4","L","KODAM III/SLW - KODIM 0611/GARUT","GARUT","2007-06-21","O","175","68","120/80","Berobat Jalan","Stakes III (Kurang/Dispen)","THT III: SEPTUM DEVIASI RINGAN; TENSI II: 124/74 MMHG 70 X/MENIT","Sakit","103","68","PSI 2","INF, CZI","68.18","MS","2300","36","17","95","41","100","43","100","18","79","99","GD","MS","22","48","68.07","030.0079/CABA-III/2026","082143545449","NIRWANJAMALMUSTOFA@GMAIL.COM","SMKN 4 GARUT","DEDI JUHENDI","PNS GURU","081320691215","KP WATES RT 002 RW 001 DS GODOG KEC KARANGPAWITAN KAB GARUT"
"124","3204321808070004","2026-SECABA-124","FIRENO EZA FIRDAUS","SECABA","DIKMABA TA 2026","Siswa Bintara","Kompi A","Peleton 4","L","KODAM III/SLW - KODIM 0624/KAB BANDUNG","CIMAHI","2007-08-18","O","180","71","130/80","Berobat Jalan","Stakes III (Kurang/Dispen)","TENSI III: 139/75 MMHG 107 X/MENIT; MATA III: VODS 6/12 S-1.00 6/6; SYARAF III: MODERATE TREMOR; GIGI II: 31 41 DIASTEM; LAB II: LDL 106 HDL 41","Sakit","123","68","PSI 2","INF, CZI","68.01","MS","2571","50","15","85","40","95","40","85","18.7","72","76","GD","MS","22","46.8","68","030.0405/CABA-III/2026","085602208926‬","FIRENOFIRDAUS@GMAIL.COM","SMAN 1 BALEENDAH","FIRMAN GUNAWAN","KARYAWAN SWASTA","0821-2009-1246","KOMP. BUMI SARI INDAH BLOK K NO 28 RT03/RW20 KEL. MANGGAHANG KEC. BALEENDAH KAB. BANDUNG"
"125","1202120411060001","2026-SECABA-125","RADINAL SIMANJUNTAK","SECABA","DIKMABA TA 2026","Siswa Bintara","Kompi A","Peleton 4","L","KODAM III/SLW - KODIM 0617/MAJALENGKA","HUTAMAMUNGKA","2006-11-04","O","164","55","120/80","Berobat Jalan","Stakes III (Kurang/Dispen)","TENSI III: 133/77 MMHG 61 X/MENIT; USG III: CHOLELITHIASIS GALLBLADDER UKURAN 0,44 CM; KULIT II: HIPERHIDROSIS RINGAN; SCAR HIDUNG","Sakit","100","60","PSI 3","ARH","79.7","MS","2840","64","18","100","41","100","43","100","17.5","84","77","GD","MS","20","45","67.88","030.0237/CABA-III/2026","08216487115","RADINALSIMANJUNTAK2006@GMAIL.COM","SMAN 1 SIPAHUTAR","RAHUDDIN SIMANJUNTAK","KEPALA DESA","0812-6433-3508","PERUM ASABRI KEL./SIMPEUREUM KEC.CIGASONG KAB.MAJALENGKA"
"126","3213031603070001","2026-SECABA-126","ADITIA KHAIRUL ADLAN","SECABA","DIKMABA TA 2026","Siswa Bintara","Kompi A","Peleton 4","L","KODAM III/SLW - KODIM 0605/SUBANG","SUBANG","2007-03-16","O","167","56","130/80","Siap Latih","Stakes II (Baik)","TENSI II: 130/80 MMHG 70 X/MENIT; BEDAH BAWAH II: VARISES GRADE I; LAB II: LEKOSIT 10.010 HDL 42; EKG II: ICRBBB","Aktif","100","56","PSI 3","CKM","85.5","MS","2965","71","18","100","41","100","43","100","17.1","88","99","GD","MS","24","48.6","67.8","030.0288/CABA-III/2026","0812-9431-8071","ADLANKHAIRUL93@GMAIL.COM","SMAN 2 SUBANG","RULI SAUMA IRAWAN","TNI-AD","0857-9455-9568","BLOK DANGDEUR RT 02/RW01 KEL DANGDEUR KEC SUBANG KAB SUBANG"
"127","1803111809080001","2026-SECABA-127","FIKI DARIUS SEPTADA","SECABA","DIKMABA TA 2026","Siswa Bintara","Kompi A","Peleton 4","L","KODAM III/SLW - KODIM 0624/KAB BANDUNG","PEKURUN","2008-09-18","O","165","55","120/80","Siap Latih","Stakes II (Baik)","TENSI II: 125/68 MMHG 63 X/MENIT; BEDAH BAWAH II: VARISES GRADE I; KULIT II: AVR DI WAJAH DAN PUNGGUNG; LAB II: LEKOSIT 11.320","Aktif","98","60","PSI 3","INF","79.1","MS","2870","66","18","100","41","100","41","90","17.3","86","71","GD","MS","23.2","48.6","67.64","030.0412/CABA-III/2026","085764586532","FIKIDARUSFIKI@GMAIL.COM","SMAN 1 KOTABUMI","SUYADI","PETANI","083190871004","ASRAMA YONIF LINUD 330 RT. 005 RW. 006 DESA MANDALAWANGI KEC. NAGREG KAB. BANDUNG"
"128","1225020208080001","2026-SECABA-128","ALFREDO PUTRA REFI DAELI","SECABA","DIKMABA TA 2026","Siswa Bintara","Kompi A","Peleton 4","L","KODAM III/SLW - KODIM 0609/CIMAHI","GUNUNGSITOLI","2008-08-02","O","163","61","130/80","Berobat Jalan","Stakes III (Kurang/Dispen)","SYARAF III: MODERETE TREMOR; LAB III: SGPT 46; TENSI II: 127/70 MMHG  90 X/MENIT","Sakit","106","64","PSI 2","INF, ARH","72.95","MS","2695","57","9","55","41","100","43","100","17.8","81","95","GD","MS","20","45","67.58","030.0137/CABA-III/2026","085169580376","ALFREDODAELI03@GMAIL.COM","SMAN 3 GUNUNGSITOLI","FIRMAN KUDUS DAELI","ASN","082362120750","KP. CIJERAH RT/RW 003/004 DESA TANIMULYA KECAMATAN NGAMPRAH KABUPATEN BANDUNG BARAT"
"129","3209331112040001","2026-SECABA-129","AHMAD SYIFA","SECABA","DIKMABA TA 2026","Siswa Bintara","Kompi A","Peleton 4","L","KODAM III/SLW - KODIM 0620/KAB CIREBON","CIREBON","2004-12-11","O","183","75","120/80","Berobat Jalan","Stakes III (Kurang/Dispen)","LAB III: SGOT 36; TENSI II: 125/71 MMHG 65 X/MENIT; KULIT II: HPI","Sakit","100","61","PSI 2","CZI, INF","77.35","MS","2780","61","14","80","41","100","43","100","17.9","80","94","GD","MS","24","49.8","67.54","030.0106/CABA-III/2026","085220003705","AHMSYIFAAA@GMAIL.COM","SMKN 1 GEBANG","SUMARNA (ALM)/CUMIYATI","WIRASWASTA","0886903973167","BLOK WAGE. RT/RW 001/002 DESA HULUBANTENG LOR. KEC. PABUARAN. KAB. CIREBON"
"130","3208020103080002","2026-SECABA-130","MUHAMMAD NAFIS SAMUDRA","SECABA","DIKMABA TA 2026","Siswa Bintara","Kompi A","Peleton 4","L","KODAM III/SLW - KODIM 0615/KUNINGAN","KUNINGAN","2008-03-01","O","165","54","110/70","Siap Latih","Stakes II (Baik)","IMT II: 19.81 BB -0.52 KG; TENSI II: 125/68 MMHG 66 X/MENIT; GIGI II: 48 IMPAKSI; KULIT II: STRIAE; AVR DI PUNGGUNG; EKG II: ICRBBB","Aktif","101","59","PSI 3","KAV","80.05","MS","2785","62","18","100","41","100","43","100","17.9","80","94","GD","MS","22","48.6","67.42","030.0067/CABA-III/2026","083171448935","NAFISSAMUDRA02@GMAIL.COM","SMKN 1KUNINGAN","MERDANATA KUSUMA","POLRI","0821-2727-2303","LINGK NANJUNG MULYA RT 18 RW 03 KEL CIJOHO KEC KUNINGAN KAB KUNINGAN"
"131","3277023107070009","2026-SECABA-131","NICO MANGIHUT SLAMAT SINABUTAR","SECABA","DIKMABA TA 2026","Siswa Bintara","Kompi A","Peleton 4","L","KODAM III/SLW - KODIM 0609/CIMAHI","CIMAHI","2007-07-31","O","165","58","120/80","Siap Latih","Stakes II (Baik)","TENSI II: 122/67 MMHG 60 X/MENIT; BEDAH BAWAH II: VARISES GRADE I","Aktif","95","59","PSI 3","CKM","79.98","MS","2885","67","18","100","41","100","37","70","17.5","84","100","GD","MS","23.2","46.2","67.39","030.0084/CABA-III/2026","082189988068","NICOMANGIHUT3@GMAIL.COM","SMAN 5 CIMAHI","EDISON EDUARDUS SINABUTAR","TNI-AD","0819-1004-1122","ASRAMA PUSDIK BEKANG RT 04 RW 01 KEL. KARANG MEKAR KEC. CIMAHI TENGAH KOTA CIMAHI"
"132","3205381104070002","2026-SECABA-132","IRWAN MAULANA","SECABA","DIKMABA TA 2026","Siswa Bintara","Kompi A","Peleton 4","L","KODAM III/SLW - KODIM 0611/GARUT","GARUT","2007-04-11","O","167","62","130/80","Berobat Jalan","Stakes III (Kurang/Dispen)","LAB III: SGOT 36 SGPT 57; TENSI II: 130/80 MMHG 76 X/MENIT","Sakit","100","58","PSI 3","KAV","81.41","MS","2900","68","16","90","41","100","43","100","18","79","93","GD","MS","23.2","46.2","67.36","030.0070/CABA-III/2026","085147744488","IRWANMAUL114@GMAIL.COM","SMAN 13 GARUT","AHYAR/AI SUPARTINI (ALMH)","PNS TNI-AD","085795517190","KP.SIMPEN RT01/RW17 DESA SIMPEN KALER.KEC BL.LIMBANGAN KAB.GARUT"
"133","3203280610070006","2026-SECABA-133","FAISAL ADITIA","SECABA","DIKMABA TA 2026","Siswa Bintara","Kompi A","Peleton 4","L","KODAM III/SLW - KODIM 0608/CIANJUR","CIANJUR","2007-10-06","O","163","63","120/80","Berobat Jalan","Stakes III (Kurang/Dispen)","LAB III: TRIGLISERIDA 294; TENSI II: 130/71 MMHG 85 X/MENIT; BEDAH BAWAH II: VARISES GRADE I; KULIT II: BM <10 CM; MATA II: VODS 6/9 S-0.50 6/6","Sakit","123","61","PSI 2","INF, ARM","76.61","MS","2800","62","14","80","41","100","40","85","17.9","80","99","GD","MS","22.4","49.8","67.24","030.0319/CABA-III/2026","087797937530","FAISALADITIA061007@GMAIL.COM","SMAN 1 SUKARESMI","ADE SURYANA","TNI-AD","087800072002","KP. HANJAWAR RT 06/RW 01 DS. CIMACAN KEC. CIPANAS KAB. CIANJUR"
"134","1277020504050007","2026-SECABA-134","AHMAD HASRI RAFLI NASUTION","SECABA","DIKMABA TA 2026","Siswa Bintara","Kompi A","Peleton 4","L","KODAM III/SLW - KODIM 0609/CIMAHI","PADANGSIDIMPUAN","2005-05-04","O","171","64","130/80","Berobat Jalan","Stakes III (Kurang/Dispen)","TENSI III: 132/73 MMHG 64 X/MENIT; KULIT II: SCAR DI KEPALA 1X1 CM","Sakit","75","60","PSI 3","CKM","77.79","MS","2850","65","18","100","41","100","43","100","18","79","59","BG","MS","24","48","67.12","030.0253/CABA-III/2026","083840104959","AHMADHASRIRAFLI@GMAIL.COM","SMAN3 PADANGSIDIMPUAN","AMRU NASUTION","WIRASWASTA","082379626978","JL.DANURASMAYA NO55.RT/RW 003 007 CIBABAT KECAMATAN CIMAHI UTARA KOTA CIMAHI"
"135","3601230905070002","2026-SECABA-135","FALAZ FIRZATULLAH","SECABA","DIKMABA TA 2026","Siswa Bintara","Kompi A","Peleton 4","L","KODAM III/SLW - KODIM 0601/PANDEGLANG","PANDEGLANG","2007-05-09","O","171","66","100/70","Siap Latih","Stakes II (Baik)","TENSI II: 121/70 MMHG 69 X/MENIT; BEDAH BAWAH II: VARISES GRADE I; KULIT II: NEVUS 1X1 CM; TINEA CRURIS; LAB II: LEKOSIT 10.820","Aktif","77","54","PSI 3","CKM","86.63","MS","2995","73","18","100","41","100","43","100","16.9","90","99","GD","MS","22","45.6","67.05","030.0441/CABA-III/2026","083175150085","VALETINOFA471@GMAIL.COM","SMA 4 PANDEGLNG","ASEP NIKMATULLAH","WIRASWASTA","081312480681","KP. CILATEUS TW 01 RW 02 DS. KONANG JAYA KEC. CISATA KAB. PANDEGLANG"
"136","3671020108080003","2026-SECABA-136","MUHAMMAD ADITYA RAHMAN","SECABA","DIKMABA TA 2026","Siswa Bintara","Kompi A","Peleton 4","L","KODAM III/SLW - KODIM 0602/SERANG","TANGERANG","2008-08-01","O","170","65","120/80","Berobat Jalan","Stakes III (Kurang/Dispen)","LAB III: LEKOSIT 14.630; TENSI II: 114/66 MMHG 80 X/MENIT","Sakit","103","61","PSI 2","INF, KAV","76.05","MS","2800","62","10","60","41","100","43","100","17.9","80","99","GD","MS","20","48","67.02","030.0092/CABA-III/2026","085773115428","ADITVERIFIKASI@GMAIL.COM","SMAN 15 KOTA TANGERANG","SUYANTO","TNI-AD","0812-9211-5149","PERUM GRAND DUTA CLUSTER EMERALD BLOK E.3 NO 47 RT 003 RW 018 KEL GEBANG RAYA KEC PERIUK BANTEN"
"137","3215052105070005","2026-SECABA-137","MUHAMMAD RAMDHAN WIRDHANI","SECABA","DIKMABA TA 2026","Siswa Bintara","Kompi A","Peleton 4","L","KODAM III/SLW - KODIM 0604/KARAWANG","KARAWANG","2007-05-21","O","172","64","130/80","Berobat Jalan","Stakes III (Kurang/Dispen)","SYARAF III: MODERETE TREMOR; TENSI II: 130/74 MMHG 98 X/MENIT; MATA II: VODS 6/9 S-0.50 6/6; LAB II: LDL 116 HDL 36","Sakit","91","64","PSI 2","CKM, INF","71.31","MS","2740","59","15","85","41","100","35","60","17.9","80","82","BG","MS","22","48","66.92","030.0073/CABA-III/2026","083161996613","RAMDHANIDAN576@GMAIL.COM","SMAN 6 KARAWANG","ADI ROHADI","WIRASWASTA","085814120768","DUSUN GINTUNG KOLOT RT 04/RW04. DESA GINTUNG KERTA. KEC.KLARI. KAB KARAWANG"
"138","3204112306850002","2026-SECABA-138","FIKRI DAFA ALFAZRI","SECABA","DIKMABA TA 2026","Siswa Bintara","Kompi A","Peleton 4","L","KODAM III/SLW - KODIM 0624/KAB BANDUNG","BANDUNG","2007-01-17","O","180","72","120/80","Siap Latih","Stakes II (Baik)","LAB II: ASAM URAT 7.5; EKG II: ICRBBB","Aktif","111","59","PSI 3","CKM","78.69","MS","2805","63","15","85","41","100","39","80","16.1","98","95","GD","MS","20.4","45","66.88","030.0179/CABA-III/2026","083115141162","FIKRIALFAZRI903@GMAIL.COM","SMA ANGKASA LANUD SULAIMAN","HERI","WIRASWASTA","0821 1689 4218","KP CICANGKUDU RT 03 RW 12 DESA SUKAMUKTI KEC KATAPANG KAB BANDUNG"
"139","1202091910070002","2026-SECABA-139","EVRYANTO PANJAITAN","SECABA","DIKMABA TA 2026","Siswa Bintara","Kompi A","Peleton 4","L","KODAM III/SLW - KODIM 0618/KOTA BANDUNG","LUMBAN MATIO","2007-10-19","O","167","56","110/70","Siap Latih","Stakes II (Baik)","TENSI II: 120/80 MMHG 70 X/MENIT; KULIT II: SCAR ACNE; HPI; LAB II: LDL 113 HDL 43","Aktif","90","53","PSI 3","INF","87.66","MS","3140","80","18","100","41","100","43","100","17.8","81","88","GD","MS","23.2","47.4","66.86","030.0467/CABA-III/2026","085188222941","EVRIYANTORAJADOGOR@GMAIL.COM","SMAN 2 SIBORONGBORONG","HALASAN PANJAITAN","PETANI","0821-1649-5384","JL.MENADO NO.12 RT 04/RW 09 KEL.MERDEKA KEC.SUMUR BANDUNG KOTA BANDUNG"
"140","3273041908050002","2026-SECABA-140","JIORGIS GHEOFANI ROHMAT","SECABA","DIKMABA TA 2026","Siswa Bintara","Kompi A","Peleton 4","L","KODAM III/SLW - KODIM 0624/KAB BANDUNG","BANDUNG","2005-08-19","O","172","69","100/70","Berobat Jalan","Stakes III (Kurang/Dispen)","TENSI III: 133/70 MMHG 85 X/MENIT; LAB III: CREATININ 1.4; BEDAH BAWAH II: VARISES GRADE I","Sakit","111","61","PSI 2","KAV, CPL","75.4","MS","2655","55","18","100","37","80","43","100","17.5","84","97","GD","MS","24","46.2","66.76","030.0457/CABA-III/2026","085798264731","JIORGISGHEOFANI@GMAIL.COM","SMAN 18 BANDUNG","DJAYA TJAKRA ROHMAT","DRIVER","085700492230","KP.RANCAMAS BLK N-2 RT005 RW019 KEL.RANCAMANYAR KEC.BALEENDAH KAB.BANDUNG"
"141","3273251412060001","2026-SECABA-141","MUHAMMAD GALANG FAIZZUL FIKRI","SECABA","DIKMABA TA 2026","Siswa Bintara","Kompi B","Peleton 1","L","KODAM III/SLW - KODIM 0618/KOTA BANDUNG","BANDUNG","2006-12-14","O","171","70","120/70","Siap Latih","Stakes II (Baik)","GIGI II: 48 IMPAKSI; LAB II: ASAM URAT 7.4 LDL 111","Aktif","105","59","PSI 3","KAV","78.3","MS","2685","56","17","95","41","100","43","100","17","89","99","GD","MS","20","48.6","66.72","030.0240/CABA-III/2026","08817786177","GALANGFAIZZUL18@GMAIL.COM","SMAN 27 BANDUNG","AGUSTIAN","SECURITY","089695338539","CIPADUNG RT002/RW001 KEL.CIPADUNG KEC. CIBIRU KOTA BANDUNG"
"142","3213122005070003","2026-SECABA-142","AHMAD RIZAL ZAZULI","SECABA","DIKMABA TA 2026","Siswa Bintara","Kompi B","Peleton 1","L","KODAM III/SLW - KODIM 0605/SUBANG","SUBANG","2007-05-20","O","168","50","120/80","Berobat Jalan","Stakes III (Kurang/Dispen)","IMT III: 17.76 BB -6.31 KG; TENSI II: 126/68 MMHG 67 X/MENIT; GIGI II: 11 21 DIASTEM; BEDAH BAWAH II: VARISES GRADE I; KULIT II: HIPERHIDROSIS RINGAN","Sakit","106","64","PSI 2","INF, KAV","70.19","MS","2795","62","14","80","41","100","30","43","17.9","80","82","GD","MS","22","49.8","66.48","030.0019/CABA-III/2026","08132035593","AHMADRIZALZAZULI20@GMAIL.COM","SMAN 1 JALANCAGAK","AGUS TINA ENDANG SUSANTO","WIRASWASTA","081217468978","KP. JABONG II NO 014 RT 031 RW 010 DS CURUGRENDENG KEC. JALANCAGAK KAB SUBANG"
"143","3217100106070002","2026-SECABA-143","DAVA ADITYA RIDWANSYAH","SECABA","DIKMABA TA 2026","Siswa Bintara","Kompi B","Peleton 1","L","KODAM III/SLW - KODIM 0609/CIMAHI","BANDUNG","2007-06-01","O","186","78","130/80","Berobat Jalan","Stakes III (Kurang/Dispen)","SYARAF III: MODERET TREMOR; TENSI II: 125/78 MMHG 74 X/MENIT; GIGI II: DEEP BITE CINGULUM CROWDED ANT RB RINGAN 38 IMPAKSI; MATA II: VODS 6/9 S-0.50 6/6; LAB II: LEKOSIT 10.750 LDL 100","Sakit","101","62","PSI 2","ARH, INF","73","MS","2820","63","14","80","41","100","38","75","19","69","82","GD","MS","22","48.6","66.4","030.0080/CABA-III/2026","083817299075","DAVAADITYARIDWANSYAH@GMAIL.COM","SMAN 1 BATUJAJAR","ASEP RIDWAN","BURUH HARIAN LEPAS","088242711936","KP.WARUDOYONG RT 05/RW 03 DESA. MEKARJAYA KEC. CIHAMPELAS KAB. BANDUNG BARAT"
"144","3502141908070001","2026-SECABA-144","RIDWAN SYAH PUTRA","SECABA","DIKMABA TA 2026","Siswa Bintara","Kompi B","Peleton 1","L","KODAM III/SLW - KODIM 0624/KAB BANDUNG","MADIUN","2007-08-19","O","171","65","120/80","Berobat Jalan","Stakes III (Kurang/Dispen)","MATA III: BLEPHARITIS OD; TENSI II: 125/69 MMHG 67 X/MENIT; GIGI II: 48 IMPAKSI CROWDED ANT RB RINGAN; LAB II: HDL 42","Sakit","93","61","PSI 2","CKM, INF","74.4","MS","2600","52","18","100","41","100","41","90","18.1","78","96","GD","MS","22","49.2","66.36","030.0460/CABA-III/2026","083114956081","RIDWANSYAH190807@GMAIL.COM","SMAN 1 BADEGAN PONOROGO","PARMAN","WIRASWASTA","081333399392","JL.R. ENDANG SOEWANDA BLOK 07 NO.27 RT/RW 005/004 KEL PADASUKA KEC. CIMENYAN KAB. BANDUNG"
"145","3217070309080004","2026-SECABA-145","SAESTU ROMADHON","SECABA","DIKMABA TA 2026","Siswa Bintara","Kompi B","Peleton 1","L","KODAM III/SLW - KODIM 0609/CIMAHI","BANDUNG BARAT","2008-09-03","O","167","58","130/80","Berobat Jalan","Stakes III (Kurang/Dispen)","TENSI III: 139/81 MMHG 103 X/MENIT; SYARAF III: MODERATE TREMOR; BEDAH BAWAH II: VARISES GRADE I; EKG II: T INVERSI NON SPESIFIK","Sakit","91","57","PSI 3","INF","80.1","MS","2792","62","17","95","41","100","43","100","17.8","81","99","GD","MS","24","45.6","66.24","030.0191/CABA-III/2026","0882000125","ESTURMDHN8@GMAIL.COM","MAS AL HUDA CIKALONG WETAN","DEDEN PERMANA","PENSIUNAN PNS","0838-4553-0645","KP.NYALINDUNG RT 002/RW 001. DS CIRAWA MEKAR KEC.CIPATAT KAB BANDUNG BARAT"
"146","1608171406070001","2026-SECABA-146","NANDA CHRISTIAN","SECABA","DIKMABA TA 2026","Siswa Bintara","Kompi B","Peleton 1","L","KODAM III/SLW - KODIM 0624/KAB BANDUNG","KAMPUNG SAWAH","2007-06-14","O","169","65","120/80","Siap Latih","Stakes II (Baik)","TENSI II: 115/70 MMHG 80 X/MENIT; GIGI II: 38 IMPAKSI; LAB II: LEKOSIT 11.500 HDL 42","Aktif","98","60","PSI 3","INF","75.55","MS","2590","51","18","100","41","100","43","100","17.5","84","94","GD","MS","20","47.4","66.22","030.0217/CABA-III/2026","089679550618","NANDACHRISTIAN503@GMAIL.COM","SMAN 1 BELITANG III","MARKUS SETIAWAN","PETANI","081382024267","ASRAMA YONIF PARA RAIDER 330 RT 3 RW 6 DESA MANDALAWANGI KEC NAGREG KAB BANDUNG"
"147","3204272310050001","2026-SECABA-147","FARHAN NURPADILAH","SECABA","DIKMABA TA 2026","Siswa Bintara","Kompi B","Peleton 1","L","KODAM III/SLW - KODIM 0624/KAB BANDUNG","BANDUNG","2005-10-23","O","167","60","135/80","Berobat Jalan","Stakes III (Kurang/Dispen)","TENSI III: 139/84 MMHG 75 X/MENIT; KULIT II: SCAR DI DADA 1 X 2 CM; BM <10 CM","Sakit","93","61","PSI 2","KAV, ARH","73.91","MS","2500","47","18","100","41","100","43","100","17","89","90","GD","MS","20","46.8","66.16","030.0192/CABA-III/2026","082295971611","FARHANNURFADILLAH530@GMAIL.COM","SMA BINA MUDA CICALENGKA","WOWO","BURUH HARIAN LEPAS","081210380216","KP. BOJONGENGONG RT02 RW02 DESA CILULUK KECAMATAN CIKANCUNG KABUPATEN BANDUNG"
"148","3273251607080001","2026-SECABA-148","ANDHIKA PANDU ADJI ANDARWANTO","SECABA","DIKMABA TA 2026","Siswa Bintara","Kompi B","Peleton 1","L","KODAM III/SLW - KODIM 0618/KOTA BANDUNG","CILACAP","2008-07-16","O","173","52","110/70","Berobat Jalan","Stakes III (Kurang/Dispen)","IMT III: 17.48 BB -7.51 KG; TENSI II: 124/65 MMHG 61 X/MENIT; KULIT II: AVR DI WAJAH; MATA II: VODS 6/9 S-0.50 6/6; LAB II: ASAM URAT 7.3 LDL 100; EKG II: RAD","Sakit","114","66","PSI 2","INF, KAV","66.39","MS","2795","62","12","70","34","65","35","60","17.5","84","71","GD","MS","20","51.6","66.16","030.0307/CABA-III/2026","081802147461","ANDHIKAPANDOEE@GMAIL.COM","SMAN 26 BANDUNG","WAWAN DARWANTO","TNI-AD","085222729251","JL. CILENGKRANG 1 KP. CILOA RT. 01 RW 08 KEL. CISURUPAN KEC. CIBIRU KOTA BANDUNG"
"149","3201021110050011","2026-SECABA-149","MUHAMMAD NAZRIL IRHAM RAMADHAN","SECABA","DIKMABA TA 2026","Siswa Bintara","Kompi B","Peleton 1","L","KODAM III/SLW - KODIM 0621/KAB BOGOR","BOGOR","2005-10-11","O","172","70","130/80","Berobat Jalan","Stakes III (Kurang/Dispen)","LAB III: LEKOSIT 13.920; TENSI II: 126/70 MMHG 85 X/MENIT; KULIT II: AVR DI BADAN, KELOID <10 CM 1X1 CM, STRIAE, HPI DI PUNGGUNG","Sakit","109","64","PSI 2","ARM, INF","69.38","MS","2490","46","16","90","41","100","40","85","17.6","83","84","GD","MS","24","48","66.15","030.0098/CABA-III/2026","085811075374","MUNIRRAMADHAN87@STUDENT.UPI.EDU","MAN 1 KAB. BOGOR","SUMARJO","PENSIUNAN","081388004343","JL. BINA MARGA XI NO. 36 RT. 03/10 KEL. GUNUNG PUTRI KEC. GUNUNG PUTRI KAB. BOGOR"
"150","1804051610060003","2026-SECABA-150","YONKI SAPUTRA","SECABA","DIKMABA TA 2026","Siswa Bintara","Kompi B","Peleton 1","L","KODAM III/SLW - KODIM 0609/CIMAHI","SUMBERJAYA","2006-10-16","O","172","65","120/70","Siap Latih","Stakes II (Baik)","TENSI II: 127/74 MMHG 63 X/MENIT; KULIT II: AVR DI WAJAH; LAB II: TRIGLISERIDA 175; EKG II: LAD","Aktif","90","55","PSI 3","CKM","82.69","MS","2895","67","16","90","41","100","43","100","17","89","99","GD","MS","24","48.6","66.08","030.0316/CABA-III/2026","082353571645","YONKISAPUTRA42@GMAIL.COM","SMAN 1 SUMBERJAYA","SAMRI","PETANI","087841085179","JL KAMARUNG KP. NYALINDUNG RT002 RW005 DESA CITEUREUP KEC CIMAHI UTARA KOTA CIMAHI"
"151","3205043108070007","2026-SECABA-151","FAKHRI ZAENAL AULIA NURYANA","SECABA","DIKMABA TA 2026","Siswa Bintara","Kompi B","Peleton 1","L","KODAM III/SLW - KODIM 0611/GARUT","GARUT","2007-08-31","O","170","58","110/70","Berobat Jalan","Stakes III (Kurang/Dispen)","LAB III: ASAM URAT 7.8; IMT II: 19.90 BB -0.30 KG; TENSI II: 122/74 MMHG 88 X/MENIT; BEDAH BAWAH II: VARISES GARDE I; KULIT II: VBM <10 CM; MATA II: VODS 6/10 S-0.75 6/6","Sakit","90","60","PSI 3","INF","75.06","MS","2851","65","12","70","41","100","41","90","18.2","77","79","GD","MS","24","50.4","66.02","030.0089/CABA-III/2026","08212764171","FAKHRIZAENALAULIA01@GMAIL.COM","SMAN 11 GARUT","YANA MULYANA","WIRASWASTA","085321062756","KP DUKUH RT 003 RW 007 DS PANANJUNG KEC TAROGONG KALER KAB GARUT"
"152","3217062909070003","2026-SECABA-152","AZMI FAUZAN","SECABA","DIKMABA TA 2026","Siswa Bintara","Kompi B","Peleton 1","L","KODAM III/SLW - KODIM 0609/CIMAHI","BANDUNG","2007-09-29","O","176","65","110/80","Siap Latih","Stakes II (Baik)","KULIT II: AVR DU WAJAH; HPI; MATA II: VODS 6/9 S-0.50 6/6; LAB II: HEMOGLOBIN 12.1; THORAX II: CORAKAN BRONCHOVASCULER BERLEBIH","Aktif","85","57","PSI 3","CZI","79.31","MS","2895","67","12","70","41","100","41","90","17","89","99","GD","MS","23.2","46.2","65.92","030.0465/CABA-III/2026","087869349393","AZMIF7815@GMAIL.COM","SMAN 1 PADALARANG","DEDI SUHENDI","KARYAWAN SWASTA","0813-2005-9898","KP.HEGARMANAH RT 02/RW 04 KEC. NGAMPRAH KAB. BANDUNG BARAT"
"153","3204271208060005","2026-SECABA-153","RIDWAN SULAEMAN HAKIM","SECABA","DIKMABA TA 2026","Siswa Bintara","Kompi B","Peleton 1","L","KODAM III/SLW - KODIM 0624/KAB BANDUNG","BANDUNG","2006-08-12","O","172","69","120/80","Berobat Jalan","Stakes III (Kurang/Dispen)","LAB III: ASAM URAT 7.9; TENSI II: 123/70 MMHG 68 X/MENIT; GIGI II: 35 36 45 46 BRIDGE; KULIT II: AVR DI WAJAH, BM <10 CM","Sakit","103","57","PSI 3","INF","79.13","MS","2760","60","17","95","41","100","43","100","16.8","91","87","GD","MS","26","48","65.85","030.0136/CABA-III/2026","085338347128","REDINFANTERIWAN@GMAIL.COM","SMAN 1 CIKANCUNG","IWAN SETIAWAN","WIRASWASTA","08817735728","KP PANGUYANGAN RT 002 RW 005 DESA CIHANYIR KECAMATAN CIKANCUNG KABUPATEN BANDUNG"
"154","3213172408050001","2026-SECABA-154","AGUSTIAN PERMANA","SECABA","DIKMABA TA 2026","Siswa Bintara","Kompi B","Peleton 1","L","KODAM III/SLW - KODIM 0605/SUBANG","MAJALENGKA","2005-08-24","O","176","60","110/70","Berobat Jalan","Stakes III (Kurang/Dispen)","BEDAH BAWAH III: VARISES GRADE II; O BEEN 5 CM; IMT II: 19.35 BB -2.02 KG; TENSI II: 106/64 MMHG 63 X/MENIT; KULIT II: PV DI PUNGGUNG; LAB II: LDL 111","Sakit","116","66","PSI 2","CZI, KAV","65.54","MS","2500","47","18","100","41","100","35","60","17.6","83","58","GD","MS","24","44.4","65.82","030.0226/CABA-III/2026","083892735064","AGUSTIANPERMANA240805@GMAIL.COM","SMA PLUS ASTHA HANNAS","SOTONG DARWIN","WIRASWASTA","081312799975","KP. CIPAKU RT 007/RW 002 DESA. CIBOGO KEC. CIBOGO KAB. SUBANG"
"155","3213211604070001","2026-SECABA-155","RAIHAN HARIS SUJANA","SECABA","DIKMABA TA 2026","Siswa Bintara","Kompi B","Peleton 1","L","KODAM III/SLW - KODIM 0605/SUBANG","SUBANG","2007-04-16","O","167","68","130/90","Berobat Jalan","Stakes III (Kurang/Dispen)","TENSI III: 139/73 MMHG 77 X/MENIT; MATA III: VOD 6/18 S-1.25 6/6 VOS 6/9 S-0.50 6/6; LAB II: LDL 142","Sakit","91","56","PSI 3","ARH","80.56","MS","2785","62","18","100","41","100","43","100","17","89","89","GD","MS","22.4","48.6","65.82","030.0293/CABA-III/2026","08211290287","RAIHANHARISS66@GMAIL.COM","SMAN 5 KARAWANG","ADE SUJANA","PNS","083134132301","DUSUN KERAJAN RT 02 RW 01 DESA LEGONWETAN KEC LEGONKULON KAB. SUBANG"
"156","3205021207070003","2026-SECABA-156","ALFAN ARIF JULIANSYAH","SECABA","DIKMABA TA 2026","Siswa Bintara","Kompi B","Peleton 1","L","KODAM III/SLW - KODIM 0624/KAB BANDUNG","GARUT","2007-07-12","O","166","57","130/80","Berobat Jalan","Stakes III (Kurang/Dispen)","THT III: T1-T2; TENSI II: 124/78 MMHG 60 X/MENIT; BEDAH BAWAH II: VARISES GARDE I; KULIT II: AVR DI WAJAH DAN PUNGGUNG; MATA II: VODS 6/9 S-0.50 6/6; LAB II: LDL 104","Sakit","101","64","PSI 2","INF, CKM","68.31","MS","2480","45","18","100","41","100","35","60","17","89","88","GD","MS","20","45","65.72","030.0133/CABA-III/2026","085862437792","ALFANARIFJULIANSYAH7@GMAIL.COM","SMAN 18 GARUT","AIP SARIPUDIN","PNS","082320179771","KP.CIREUNDEU RT01/RW05 KEL./DS TANJUNGSARI KEC. KARANGPAWITAN KAB. BANDUNG"
"157","3217083009080006","2026-SECABA-157","SHIDDIQ PERMANA RAMADHAN","SECABA","DIKMABA TA 2026","Siswa Bintara","Kompi B","Peleton 1","L","KODAM III/SLW - KODIM 0609/CIMAHI","BANDUNG","2008-09-30","O","182","70","120/70","Siap Latih","Stakes II (Baik)","TENSI II: 125/70 MMHG 68 X/MENIT; GIGI II: 48 IMPAKSI; BEDAH BAWAH II: VARISES GRADE I; KULIT II: BM <10 CM, MULTIPLE SCAR HIPERTROPIK","Aktif","93","60","PSI 3","INF","74.18","MS","2890","67","11","65","41","100","40","85","17.9","80","69","GD","MS","22.8","46.8","65.67","030.0039/CABA-III/2026","081322189789","SHIDDIQPERMANARAMADHAN@GMAIL.COM","SMAN 1 PADALARANG","MUSLIH SAMSUDIN","WIRASWASTA","082310228870","KP.PASAR KIDUL RT 01/RW 03 DES.CEMPAKA MEKAR KEC.PADALARANG KAB BANDUNG BARAT"
"158","3205062203070006","2026-SECABA-158","BIMA ALRAHMANSYAH","SECABA","DIKMABA TA 2026","Siswa Bintara","Kompi B","Peleton 1","L","KODAM III/SLW - KODIM 0611/GARUT","GARUT","2007-03-22","O","164","65","130/80","Berobat Jalan","Stakes III (Kurang/Dispen)","TENSI III: 139/89 MMHG 97 X/MENIT; THT III: T1-T2; GIGI II: 48 IMPAKSI 47 CARIES MEDIA; KULIT II: HPI DI KAKI KANAN; SCAR DI WAJAH <5 CM; LAB II: LDL 108","Sakit","101","58","PSI 3","INF","77.16","MS","2800","62","12","70","41","100","43","100","18","79","100","GD","MS","23.2","49.2","65.66","030.0116/CABA-III/2026","085142888282","ALRAHMANSYAHBIMA@GMAIL.COM","SMAN 1 AMBALAWI","ERDIANSYAH","WIRASWASTA","0813-8224-738","KP.BABAKAN CIMAREME RT 01 RW 08 DESA CIMAREME KEC. BANYURESMI KAB. GARUT"
"159","3272031612050001","2026-SECABA-159","MUHAMAD RAFLI ALFARIZI","SECABA","DIKMABA TA 2026","Siswa Bintara","Kompi B","Peleton 1","L","KODAM III/SLW - KODIM 0607/KOTA SUKABUMI","SUKABUMI","2005-12-16","O","177","69","110/70","Berobat Jalan","Stakes III (Kurang/Dispen)","TENSI III: 131/78 MMHG 60 X/MENIT; LAB III: CREATININ 1.4; KULIT II: STRIAE; THORAX II: CORAKAN BRONCHOVASCULER BERLEBIH","Sakit","103","59","PSI 3","INF","75.59","MS","2690","57","16","90","41","100","40","85","17.1","88","91","GD","MS","24","48","65.64","030.0328/CABA-III/2026","085182580203","RARANEWA12@GMAIL.COM","SMAN 1 KOTA SUKABUMI","WANDI RUSMAWAN","KARYAWAN SWASTA","085871181928","JL PELDA SURYANTA RT002 RW011 KEL NANGGELENG KEC CITAMIANG KOTA SUKABUMI"
"160","3204291404080004","2026-SECABA-160","YOGA ALPIANSYAH","SECABA","DIKMABA TA 2026","Siswa Bintara","Kompi B","Peleton 1","L","KODAM III/SLW - KODIM 0624/KAB BANDUNG","BANDUNG","2008-04-15","O","173","69","130/80","Berobat Jalan","Stakes III (Kurang/Dispen)","TENSI III: 139/72 MMHG 75 X/MENIT; BEDAH II: HEMOROID EKSTERNA NON SIRKULER; BEDAH BAWAH II: VARISES GRADE I; LAB II: ASAM URAT 7.3 LDL 131 HDL 44","Sakit","100","63","PSI 2","INF, ARM","69.45","MS","2675","56","10","60","39","90","43","100","17.7","82","69","GD","MS","20","45","65.58","030.0209/CABA-III/2026","0895707921166","ALPIANSYAHYOGA3@GMAIL.COM","SMA TUNAS BARU CIPARAY","AGUS SURYANA","BURUH HARIAN LEPAS","0895393589644","KOMP KODIKLAT RT03 RW04 DESA BUMIWANGI KECAMATAN CIPARAY KABUPATEN BANDUNG"
"161","3604012811070003","2026-SECABA-161","ABIDDHIA ALFAIZ","SECABA","DIKMABA TA 2026","Siswa Bintara","Kompi B","Peleton 1","L","KODAM III/SLW - KODIM 0602/SERANG","SERANG","2007-11-28","O","170","60","120/70","Berobat Jalan","Stakes III (Kurang/Dispen)","TENSI III: 138/81 MMHG 92 X/MENIT; GIGI II: CROWDED ANT RB RA RINGAN; MATA II: VOD 6/9 S-0.50 6/6; LAB II: LDL 113","Sakit","90","57","PSI 3","INF","78.3","MS","2750","60","18","100","40","95","43","100","17.8","81","90","GD","MS","22","46.8","65.52","030.0423/CABA-III/2026","085136241511","IRMIN26061973@GMAIL.COM","SMAN 1 KOTA SERANG","IRMINADI","TNI-AD","082311861112","KOMP. BUMI AGNG PERMAI 2 BLOK D 25 NO 6 RT 05 RW 14 KEL. KALIGANDU KEC. SERANG KOTA SERANG"
"162","3209142904080004","2026-SECABA-162","AHMAD LUTFI FATULLAH","SECABA","DIKMABA TA 2026","Siswa Bintara","Kompi B","Peleton 1","L","KODAM III/SLW - KODIM 0620/KAB CIREBON","CIREBON","2008-04-29","O","168","59","110/70","Berobat Jalan","Stakes III (Kurang/Dispen)","TENSI III: 138/70 MMHG 75 X/MENIT; LAB III: SEDIMEN URINE ERITROSIT 3-5/LPB; BEDAH II: OPERASI HERNIA DEXTRA 2018; KULIT II: HPI","Sakit","100","63","PSI 2","INF, ARH","68.68","MS","2530","48","10","60","41","100","40","85","17","89","95","GD","MS","22","48.6","65.27","030.0438/CABA-III/2026","083872263660","LUTFIFATULLAHA@GMAIL.COM","SMAN 5 CIREBON","SOBIRIN","BURUH HARIAN LEPAS","0895380122227","JL. BENJARAN DESA SAMPIRAN BLOK BENJARAN RT03/RW05 KEC. TALUN KAB. CIREBON"
"163","3217070204070009","2026-SECABA-163","ARDIAN APRIANDANA","SECABA","DIKMABA TA 2026","Siswa Bintara","Kompi B","Peleton 1","L","KODAM III/SLW - KODIM 0609/CIMAHI","BANDUNG","2007-04-02","O","168","60","120/80","Berobat Jalan","Stakes III (Kurang/Dispen)","LAB III: LEKOSIT ESTERASE 1+ SEDIMEN URINE LEKOSIT 8-10/LPB; MATA II: VODS 6/9 S-0.50 6/6; THORAX II: CORAKAN BRONCHOVASCULER BERLEBIH","Sakit","70","55","PSI 3","CKM","80.21","MS","2730","59","18","100","41","100","43","100","17","89","99","GD","MS","20","45.6","65.08","030.0121/CABA-III/2026","085855822007","ARDIANAPRIANDANA0@GMAIL.COM","SMK WYATA MANDALA","MUSTAM","PETANI","082115195430","KP SEKIP RT009 RW009 KEL DESA CIPATAT KEC CIPATAT KAB BANDUNG BARAT"
"164","3604113007050002","2026-SECABA-164","MUHAMAD SENDY ALBAQRI","SECABA","DIKMABA TA 2026","Siswa Bintara","Kompi B","Peleton 1","L","KODAM III/SLW - KODIM 0602/SERANG","SERANG","2005-07-30","O","175","62","130/80","Berobat Jalan","Stakes III (Kurang/Dispen)","TENSI III: 139/73 MMHG 89 X/MENIT; USG III: CHOLELITHIASIS GALLBLADDER UKURAN 0,49 CM; GIGI II: 38 48 IMPAKSI; KULIT II: BM <10 CM; SCAR 2 X 5 CM; HPI DI PAHA","Sakit","96","64","PSI 2","INF, CKM","65.79","MS","2645","54","12","70","41","100","30","43","17.7","82","83","GD","MS","24","47.4","64.72","030.0028/CABA-III/2026","083165382964","SENDYYALBAQRI2005@GMAIL.COM","SMAN 1 CIRUAS","SOBARI","KARYAWAN SWASTA","085940644146","PERUM GRAHA CISAIT BLOK A15 NO.31 RT 03 RW 06 DS. CISAIT KEC. KRAGILAN KAB. SERANG"
"165","1204351212070001","2026-SECABA-165","DEVERMAN LAIA","SECABA","DIKMABA TA 2026","Siswa Bintara","Kompi B","Peleton 1","L","KODAM III/SLW - KODIM 0609/CIMAHI","LAURI","2007-12-12","O","164","58","130/80","Siap Latih","Stakes II (Baik)","TENSI II: 130/70 MMHG 83 X/MENIT; KULIT II: AVR DI WAJAH; LAB II: LEKOSIT 10.980 LDL 116","Aktif","103","60","PSI 3","INF","71.48","MS","2730","59","14","80","39","90","39","80","17.9","80","78","GD","MS","26","45.6","64.59","030.0153/CABA-III/2026","087867208655","DEVERMANLAIA9@GMAIL.COM","SMAK MEKAR LAURI","DUHUNASO LAIA (ALM)/KAMIRIA LAWOLO (ALMH)/SETI LAIA","WIRASWASTA","081262762133","KP.HAURGAMBANG. RT/RW 001/007 DESA BATUJAJAR TIMUR. KEC. BATUJAJAR. KAB. BANDUNG BARAT"
"166","3204142111050001","2026-SECABA-166","SIDIK MUSTOPA","SECABA","DIKMABA TA 2026","Siswa Bintara","Kompi B","Peleton 1","L","KODAM III/SLW - KODIM 0613/CIAMIS","BANDUNG","2005-11-21","O","164","68","125/80","Siap Latih","Stakes II (Baik)","IMT II: 25.16 BB +0.43 KG; TENSI II: 129/67 MMHG 60 X/MENIT; GIGI II: 36 46 GTSL; BEDAH II: OPS HEMOROID 2024; KULIT II: KELOID DI TANGAN KANAN 2X1 CM, SEBOROIK; LAB II: TRIGLISERIDA 174 HDL 43; EKG II: RAD","Aktif","103","60","PSI 3","CZI","71.44","MS","2700","57","14","80","41","100","35","60","18","79","99","GD","MS","20","46.2","64.58","030.0101/CABA-III/2026","0831‑5582‑7234","SIDIKMUSTOPA672@GMAIL.COM","SMKN 1 KAWALI","SUDRAJAT","PENSIUNAN","0813-2053-9430","CITULANG RT 002 RW 004. KEL TANJUNGSARI. KEC SADANANYA. KAB CIAMIS"
"167","3209281104050003","2026-SECABA-167","RIO MAULANA IBRAHIM","SECABA","DIKMABA TA 2026","Siswa Bintara","Kompi B","Peleton 1","L","KODAM III/SLW - KODIM 0620/KAB CIREBON","CIREBON","2005-04-11","O","170","72","110/80","Berobat Jalan","Stakes III (Kurang/Dispen)","LAB III: ASAM URAT 7.6; TENSI II: 129/68 MMHG 83 X/MENIT; EKG II: ICRBBB","Sakit","100","63","PSI 2","CZI, INF","66.66","MS","2603","52","10","60","41","100","36","65","17.5","84","85","GD","MS","24","48.6","64.46","030.0069/CABA-III/2026","085591641904","MAULANAIBRAHIMRIO654@GMAIL.COM","SMKN 1 CIREBON","MIMING","SENIMAN","085603361798","JL. KENARI DUSUN 1 RT002/RW002 DESA GEGESIK LOR. KEC.GEGESIK. KAB.CIREBON"
"168","3217092109070001","2026-SECABA-168","MUHAMMAD IRWAN RAMDHANI","SECABA","DIKMABA TA 2026","Siswa Bintara","Kompi B","Peleton 1","L","KODAM III/SLW - KODIM 0609/CIMAHI","BANDUNG","2007-09-21","O","175","69","110/70","Siap Latih","Stakes II (Baik)","GIGI II: 38 IMPAKSI; THORAX II: CORAKAN BRONCHOVASCULER BERLEBIH","Aktif","96","58","PSI 3","INF","74.13","MS","2800","62","18","100","41","100","30","43","18","79","100","GD","MS","24","48","64.45","030.0095/CABA-III/2026","083173649030","IRWANRAMDHANI2109@GMAIL.COM","SMAN 4 CIMAHI","MAMAD MARYADI","KARYAWAN SWASTA","089519688240","KP HAURNGAMBANG RT03 RW06 KELURAHAN BATUJAJAR TIMUR KECAMATAN BATUJAJAR KAB. BANDUNG BARAT"
"169","3277021311060005","2026-SECABA-169","TRI SANDYA YUDHA","SECABA","DIKMABA TA 2026","Siswa Bintara","Kompi B","Peleton 1","L","KODAM III/SLW - KODIM 0609/CIMAHI","CIMAHI","2006-11-13","O","165","58","120/80","Siap Latih","Stakes II (Baik)","TENSI II: 130/70 MMHG 64 X/MENIT; BEDAH BAWAH II: VARISES GRADE I; KULIT II: SCAR 2 CM; LAB II: LDL 111; EKG II: T INVERSI NON SPESIFIK","Aktif","100","60","PSI 3","INF","70.79","MS","2742","59","14","80","41","100","35","60","17.6","83","79","GD","MS","22","45","64.32","030.0195/CABA-III/2026","089529813171","TRISANDYAYUDHA6@GMAIL.COM","SMAN 1 CIMAHI","DARWIN","PURN. TNI-AD","089654597347","JL. KEBON CAU NO 87 RT03 RW01 KEL. SETIAMANAH KEC. CIMAHI TENGAH KOTA CIMAHI"
"170","3273031309070009","2026-SECABA-170","RASYA AWAL RAMADAN","SECABA","DIKMABA TA 2026","Siswa Bintara","Kompi B","Peleton 1","L","KODAM III/SLW - KODIM 0624/KAB BANDUNG","BANDUNG","2007-09-13","O","166","66","130/80","Siap Latih","Stakes II (Baik)","TENSI II: 128/74 MMHG 60 X/MENIT; LAB II: KOLESTEROL TOTAL 219 TRIGLISERIDA 170 LDL 137 HDL 43; EKG II: RAD","Aktif","91","57","PSI 3","INF","75.09","MS","2823","64","12","70","41","100","43","100","17","89","59","GD","MS","26","43.8","64.24","030.0190/CABA-III/2026","081221587315","RASYAAWALR35@GMAIL.COM","SMAN 4 BANDUNG","AGUS MUHARAM","KARYAWAN SWASTA","0813-9414-0979","PERUMAHAN RANCAMANYAR INDAH BLOK D-5 RT04/RW22 KEL. RANCAMANYAR KEC. BALEENDAH KAB. BANDUNG"
"171","3271060904070002","2026-SECABA-171","EDO FATHI RIZKI KOTO","SECABA","DIKMABA TA 2026","Siswa Bintara","Kompi B","Peleton 1","L","KODAM III/SLW - KODIM 0616/INDRAMAYU","BOGOR","2007-04-09","O","175","62","100/70","Siap Latih","Stakes II (Baik)","TENSI II: 121/60 MMHG 70 X/MENIT; GIGI II: 48 IMPAKSI CROWDED ANT RB RINGAN; KULIT II: DERMATITIS VENENATA; LAB II: HDL 39; THORAX II: CORAKAN BRONCHOVASCULER BERLEBIH","Aktif","95","55","PSI 3","INF","78.09","MS","3000","73","14","80","41","100","37","70","18.6","73","89","GD","MS","22","45","64.24","030.0436/CABA-III/2026","085813042353","EDOKOTO215@GMAIL.COM","SMAN 1 LOSARANG","HENDRI WALFARDAN","TNI-AD","0858-1716-7167","DESA KEDOKAN GABUS BLOK PULUTAN NO. 31 RT03/RW01 KEC. GABUSWETAN KAB. INDRAMAYU"
"172","3204350312070001","2026-SECABA-172","ZULFAN YUSUF GOZAWI BASYARI","SECABA","DIKMABA TA 2026","Siswa Bintara","Kompi B","Peleton 1","L","KODAM III/SLW - KODIM 0624/KAB BANDUNG","BANDUNG","2007-12-03","O","165","60","130/80","Berobat Jalan","Stakes III (Kurang/Dispen)","USG III: KALSIFIKASI HEPAR; TENSI II: 126/72 MMHG 67 X/MENIT; BEDAH BAWAH II: VARISES GRADE I; MATA II: VOS 6/9 S-0.50 6/6; LAB II: ASAM URAT 7.2 HDL 38","Sakit","98","60","PSI 3","INF","70.51","MS","2600","52","16","90","38","85","43","100","17.3","86","65","GD","MS","22.4","42.6","64.2","030.0199/CABA-III/2026","081220378009","ZULFANDISINI03@GMAIL.COM","SMAN 1 CIKANCUNG","M. ABDUL ROHMAN","BURUH HARIAN LEPAS","081322412503","KP. BOJONG RT003 RW003 DS CIGENTUR KEC. PASEH KAB. BANDUNG"
"173","3204322806060001","2026-SECABA-173","ALFY DAVID LUMBANTORUAN","SECABA","DIKMABA TA 2026","Siswa Bintara","Kompi B","Peleton 1","L","KODAM III/SLW - KODIM 0624/KAB BANDUNG","BANDUNG","2006-04-28","O","179","67","110/70","Berobat Jalan","Stakes III (Kurang/Dispen)","BEDAH BAWAH III: VARISES GRADE II; USG III: KALSIFIKASI HEPAR; TENSI II: 119/67 MMHG 70 X/MENIT; KULIT II: HPI; AVR DI PUNGGUNG; EKG II: ICRBBB","Sakit","119","68","PSI 2","INF, CKM","58.5","MS","2420","42","10","60","35","70","35","60","17.7","82","90","GD","MS","22","49.2","64.2","030.0393/CABA-III/2026","085199317970","ALFYDAVID38@GMAIL.COM","SMAN 1 BALEENDAH","BINSAR LUMBANTORUAN","WIRASWASTA","081321823720","KP.MEKARSARI RT.006 RW.023 KEL.BALEENDAH KEC.BALEENDAH KAB.BANDUNG"
"174","3673061809070001","2026-SECABA-174","FAREL RAMADHAN","SECABA","DIKMABA TA 2026","Siswa Bintara","Kompi B","Peleton 1","L","KODAM III/SLW - KODIM 0608/CIANJUR","JAKARTA","2007-09-18","O","163","53","110/70","Berobat Jalan","Stakes III (Kurang/Dispen)","BEDAH BAWAH III: VARISES GRADE II; LAB III: ASAM URAT 7.6; IMT II: 19.87 BB -0.33 KG; TENSI II: 126/62 MMHG 71 X/MENIT; GIGI II: 38 48 IMPAKSI CROWDED ANT RA RINGAN; EKG II: RAD","Sakit","81","56","PSI 3","INF","76.5","MS","2740","59","14","80","41","100","41","90","17.3","86","99","GD","MS","24","48","64.2","030.0411/CABA-III/2026","089622375300","RAMADHANFAREL093@GMAIL.COM","SMAN 1 CIANJUR","DODY SUYONO","TNI-AD","081297842636","ASRAMA YONIF RAIDER 300 RT 01/ RW 04 DESA SUKATARIS KEC. KARANGTENGAH KAB. CIANJUR"
"175","3209032509080001","2026-SECABA-175","IBNI DZAKKI SAPIQ","SECABA","DIKMABA TA 2026","Siswa Bintara","Kompi B","Peleton 1","L","KODAM III/SLW - KODIM 0620/KAB CIREBON","BREBES","2008-09-25","O","174","69","120/70","Berobat Jalan","Stakes III (Kurang/Dispen)","TENSI III: 139/87 MMHG 80 X/MENIT; BEDAH BAWAH II: VARISES GRADE I; KULIT II: NAEVUS 1 X 1 CM","Sakit","91","56","PSI 3","CKM","76.11","MS","2750","60","15","85","41","100","43","100","18.3","76","85","GD","MS","24","46.2","64.04","030.0275/CABA-III/2026","085188438891","IBNISAPIQ@GMAIL.COM","SMAN 1 LOSARI","SARKIM","WIRASWASTA","087829601037","DUSUN 2 RT 018/RW 005. DESA KALISARI. KECAMATAN LOSARI. KABUPATEN CIRRBON"
"176","3202332207060007","2026-SECABA-176","AZRINAKA AULIA FATAH","SECABA","DIKMABA TA 2026","Siswa Bintara","Kompi B","Peleton 2","L","KODAM III/SLW - KODIM 0607/KOTA SUKABUMI","SUKABUMI","2006-07-22","O","171","60","100/80","Berobat Jalan","Stakes III (Kurang/Dispen)","TENSI III: 108/70 MMHG 100 X/MENIT; GIGI II: 38 48 IMPAKSI; BEDAH BAWAH II: VARISES GRADE I; KULIT II: AVR DI PUNGGUNG; LAB II: LDL 118","Sakit","116","64","PSI 2","INF, CKE","64.08","MS","2610","52","14","80","35","70","35","60","17.5","84","76","GD","MS","18","48","64.03","030.0132/CABA-III/2026","087712118478","4JRINAKO@GMAIL.COM","SMAN 3 SUKABUMI","KEMAL AMIRUDIN AULIA","KARYAWAN SWASTA","0855-2484-4084","KP.CIMAHPAR RT 003 RW002 DESA PASIRHALANG. KEC. SUKARAJA. KAB. SUKABUMI"
"177","3203072201080004","2026-SECABA-177","MOCH RYHAN","SECABA","DIKMABA TA 2026","Siswa Bintara","Kompi B","Peleton 2","L","KODAM III/SLW - KODIM 0608/CIANJUR","CIANJUR","2008-01-22","O","170","59","120/80","Siap Latih","Stakes II (Baik)","TENSI II: 115/68 MMHG 80 X/MENIT; BEDAH II: OPS HERNIA SINISTRA 2016; LAB II: KOLESTEROL TOTAL 228 LDL 146","Aktif","91","57","PSI 3","ARM","74.46","MS","2630","53","15","85","41","100","43","100","17.5","84","91","GD","MS","22","48","63.98","030.0110/CABA-III/2026","085692600194","MOCHRYHAN07@GMAIL.COM","SMAN 1 MANDE","U ROHENDI","WIRASWASTA","085797828382","KP.CIKANGKUNG RT 004/RW 004 DESA SUKAJADI KEC.KARANGTENGAH KAB.CIANJUR"
"178","3279020103070002","2026-SECABA-178","RONI MILANO","SECABA","DIKMABA TA 2026","Siswa Bintara","Kompi B","Peleton 2","L","KODAM III/SLW - KODIM 0613/CIAMIS","BANJAR","2007-03-01","O","167","59","120/80","Siap Latih","Stakes II (Baik)","TENSI II: 122/68 MMHG 63 X/MENIT","Aktif","106","58","PSI 3","CKM","72.79","MS","2605","52","16","90","41","100","40","85","17.5","84","90","BG","MS","22","48.6","63.92","030.0064/CABA-III/2026","089630824272","RONIMILANO120@GMAIL.COM","SMAN 2 BANJAR","DARYO","BURUH HARIAN LEPAS","0816-1789-8416","DUSUN PANANJUNG BARAT RT 09/RW 02 DESA SINARTANJUNG KEC.PATARUMAN KOTA BANJAR"
"179","3207252609070001","2026-SECABA-179","MUHAMMAD RIZKY RAMADHAN","SECABA","DIKMABA TA 2026","Siswa Bintara","Kompi B","Peleton 2","L","KODAM III/SLW - KODIM 0625/PANGANDARAN","CIAMIS","2007-09-26","O","165","63","130/80","Berobat Jalan","Stakes III (Kurang/Dispen)","TENSI III: 137/63 MMHG 90 X/MENIT; LAB III: SGOT 47; BEDAH BAWAH II: VARISES GRADE I","Sakit","100","62","PSI 2","INF, CPL","66.8","MS","2520","48","12","70","35","70","43","100","17.1","88","83","GD","MS","22","48.6","63.92","030.0310/CABA-III/2026","085111325080","MUHAMMADRIZKYRAMADHAN260907@GMAIL.COM","SMAN 1 BANDUNG","CHECEP ISKANDAR SUMARTA","WIRASWASTA","085156914264","KALENWADAS RT005 RW008 KEC CIJULANG KAB PANGANDARAN"
"180","3215171603080003","2026-SECABA-180","GHERSYA GERLYAN TIMUR","SECABA","DIKMABA TA 2026","Siswa Bintara","Kompi B","Peleton 2","L","KODAM III/SLW - KODIM 0604/KARAWANG","KARAWANG","2008-03-16","O","164","60","120/70","Siap Latih","Stakes II (Baik)","TENSI II: 125/76 MMHG 67 X/MENIT; LAB II: LDL 131; THORAX II: CORAKAN BRONCHOVASCULER BERLEBIH","Aktif","81","54","PSI 3","KAV","78.71","MS","2850","65","17","95","41","100","41","90","17.9","80","84","GD","MS","22","45","63.88","030.0291/CABA-III/2026","082371642435","GHERSYAG@GMAIL.COM","SMAN 5 KARAWANG","RATNO TIMUR","KARYAWAN SWASTA","082118485942","DUSUN.CITAMIANG RT02/RW01 KEL.TALAGAMULYA KEC.TELAGASARI KOTA/KAB KARAWANG"
"181","3204253004080001","2026-SECABA-181","RANGGA DWILAGAN","SECABA","DIKMABA TA 2026","Siswa Bintara","Kompi B","Peleton 2","L","KODAM III/SLW - KODIM 0624/KAB BANDUNG","BANDUNG","2008-04-30","O","174","64","120/80","Berobat Jalan","Stakes III (Kurang/Dispen)","LAB III: SGOT 40 SGPT 67; TENSI II: 115/66 MMHG 68 X/MENIT; EKG II: ICRBBB","Sakit","95","65","PSI 2","INF, CZI","61.88","MS","2423","42","13","75","41","100","29","40","18","79","99","GD","MS","24","46.8","63.75","030.0013/CABA-III/2026","08131363515","2008RANGGADWILAGAN@GMAIL.COM","SMA PGRI CICALENGKA","TEDI ANDIKARA SAPUTRA","KARYAWAN HONORER","082130354407","KP CISEKE RT02 RW05 DS. WALUYA KEC.CICALENGKA KAB. BANDUNG"
"182","3204050602080002","2026-SECABA-182","GIGIH BINTANG PURNANTO","SECABA","DIKMABA TA 2026","Siswa Bintara","Kompi B","Peleton 2","L","KODAM III/SLW - KODIM 0624/KAB BANDUNG","BANDUNG","2008-02-06","O","171","52","110/70","Berobat Jalan","Stakes III (Kurang/Dispen)","IMT III: 17.63 BB -6.91 KG; TENSI II: 130/80 MMHG 62 X/MENIT; KULIT II: BM <10 CM; MATA II: VODS 6/9 S-0.50 6/6; LAB II: LDL 107 HDL 42; EKG II: RAD","Sakit","108","63","PSI 2","INF, CKM","64.44","MS","2805","63","9","55","35","70","35","60","18.1","78","65","GD","MS","22","49.8","63.58","030.0286/CABA-III/2026","089509140952","GIGIHBINTANG435@GMAIL.COM","SMAN 1 CILEUNYI","WIDI PURNA","TNI-AD","081809218838","KP. SINDANGSARI. RT 005 RW 003. KEL. CINUNUK. KEC. CILEUNYI KAB. BANDUNG"
"183","3205151407060001","2026-SECABA-183","RANGGA AKBARUDINSYAH","SECABA","DIKMABA TA 2026","Siswa Bintara","Kompi B","Peleton 2","L","KODAM III/SLW - KODIM 0611/GARUT","GARUT","2006-07-14","O","173","58","120/80","Berobat Jalan","Stakes III (Kurang/Dispen)","TENSI III: 139/81 MMHG 100 X/MENIT; SYARAF III: MODERATE TREMOR; IMT II: 19.49 BB -1.51 KG; BEDAH BAWAH II: VARISES GRADE I; MATA II: VODS 6/10 S-0.75 6/6; LAB II: TROMBOSIT 427.000 KOLESTEROL TOTAL 210 TRIGLISERIDA 238 LDL 129 HDL 43; EKG II: RAD","Sakit","108","61","PSI 2","CKM, KAV","66.66","MS","2395","41","13","75","41","100","40","85","17.4","85","94","GD","MS","26","45","63.26","030.0222/CABA-III/2026","085794564291","RANGGAAKBARR14@GMAIL.COM","SMAN 27 BANDUNG","JOKO SUGIONO","PEDAGANG","0818-0693-5194","KP.PASANGGRAHAN RT/RW 01/01 KEL/DESA.PASANGGRAHAN KEC.SUKAWENING KAB.GARUT"
"184","3204140203080002","2026-SECABA-184","MUHAMAD RIZKI NUR ALIM","SECABA","DIKMABA TA 2026","Siswa Bintara","Kompi B","Peleton 2","L","KODAM III/SLW - KODIM 0624/KAB BANDUNG","BANDUNG","2008-03-02","O","164","60","120/80","Berobat Jalan","Stakes III (Kurang/Dispen)","THT III: T2-T2; BEDAH III: OPS FISTULA ANI 2025; LAB III: ASAM URAT 7.9; TENSI II: 130/74 MMHG 83 X/MENIT; MATA II: VODS 6/9 S-0.50 6/6; EKG II: ICRBBB","Sakit","96","57","PSI 3","KAV","72.63","MS","2555","49","18","100","41","100","43","100","19.3","66","94","GD","MS","24","46.2","63.25","030.0118/CABA-III/2026","083139394387","MUHAMADRIZKINUR1212@GMAIL.COM","MA ASSURUUR","UNANG HENDRIK","BURUH HARIAN LEPAS","0813-1248-9752","KP.PALASARI RT 04 RW 05 DES.SUKASARI KEC.PAMEUNGPEUK KAB.BANDUNG"
"185","3217090802070002","2026-SECABA-185","ERLANGGA HAFIDS TAJUDIN","SECABA","DIKMABA TA 2026","Siswa Bintara","Kompi B","Peleton 2","L","KODAM III/SLW - KODIM 0609/CIMAHI","BANDUNG","2007-02-08","O","171","60","100/70","Siap Latih","Stakes II (Baik)","TENSI II: 111/68 MMHG 60 X/MENIT; GIGI II: 14 36 46 MISSING; BEDAH II: OPERASI HEMOROID 2024; BEDAH BAWAH II: VARISES GRADE I","Aktif","86","56","PSI 3","INF","73.98","MS","2872","66","10","60","39","90","39","80","17.1","88","85","GD","MS","24","46.8","63.19","030.0380/CABA-III/2026","08131175533","ERLANGGAHAFIDSTAJUDIN08@GMAIL.COM","SMAN 1 BATUJAJAR","ELAN SUHERLAN","BURUH HARIAN LEPAS","081223406177","KP SINAR MUKTI RT02 RW03 DS.SELACAU KEC.BATUJAJAR KAB BANDUNG BARAT"
"186","3204261009050001","2026-SECABA-186","WILDAN SETIAWAN","SECABA","DIKMABA TA 2026","Siswa Bintara","Kompi B","Peleton 2","L","KODAM III/SLW - KODIM 0624/KAB BANDUNG","BANDUNG","2005-09-10","O","176","73","120/80","Siap Latih","Stakes II (Baik)","TENSI II: 128/80 MMHG 98 X/MENIT; BEDAH II: HEMOROID EKTERNA NON SIRKULER; LAB II: KOLESTEROL 206 LDL 124","Aktif","90","55","PSI 3","INF","75.18","MS","2650","54","18","100","41","100","40","85","17.8","81","97","GD","MS","25.2","48.6","63.07","030.0036/CABA-III/2026","088991961864","WILDANSETIAWAN1223@GMAIL.COM","SMAN 1 NAGREG","ENDEH SUNARDI","BURUH HARIAN LEPAS","085385040146","KP.MEKARBAKTI RT 02/RW 12 DES.GANJAR SABAR KEC.NAGREG KAB.BANDUNG"
"187","3205141503070001","2026-SECABA-187","RIPKI","SECABA","DIKMABA TA 2026","Siswa Bintara","Kompi B","Peleton 2","L","KODAM III/SLW - KODIM 0611/GARUT","GARUT","2007-03-15","O","170","65","130/80","Berobat Jalan","Stakes III (Kurang/Dispen)","BEDAH BAWAH III: VARISES GRADE II; X BEEN 5 CM; TENSI II: 107/65 MMHG 74 X/MENIT; LAB II: LDL 119","Sakit","88","58","PSI 3","INF","70.25","MS","2500","47","16","90","41","100","40","85","17.4","85","86","GD","MS","22.4","49.8","62.9","030.0248/CABA-III/2026","08211602264","IIRIPKI3@GMAIL.COM","SMAN 9 GARUT","ADE NONO","BURUH HARIAN LEPAS","08886023085","KP.TEGAL MUKTI RT 004 RW 008 DS.CIKARAG KEC.MALANGBONG KAB.GARUT"
"188","3273201107080002","2026-SECABA-188","AZZAM FAIQURRAHMAN","SECABA","DIKMABA TA 2026","Siswa Bintara","Kompi B","Peleton 2","L","KODAM III/SLW - KODIM 0618/KOTA BANDUNG","BANDUNG","2008-07-11","O","172","63","110/80","Berobat Jalan","Stakes III (Kurang/Dispen)","THT III: T2-T2; TENSI II: 114/65 MMHG 50 X/MENIT; KULIT II: AVR DI PUNGGUNG; HPI; MATA II: VODS 6/9 S-50 6/6; LAB II: LDL 120 HDL 45; THORAX II: CORAKAN BRONCHOVASCULER BERLEBIH","Sakit","90","62","PSI 2","INF, CKM","64.06","MS","2590","51","10","60","41","100","27","34","17.2","87","95","GD","MS","24","48","62.82","030.0085/CABA-III/2026","085927247044","AZZAMFAIQURRAHMAN17@GMAIL.COM","SMAN 24 BANDUNG","ANDRIE RAHMAN A.MD","PNS TNI-AD","0821-2129-7775","KOMP.TARUNAPARAHYANGAN JL.TERS.TARUNA II NO.9 KEL. UJUNG BERUNG KEC. PASIR ENDAH KOTA BANDUNG"
"189","3209400306080001","2026-SECABA-189","ALFIN MAULANA AFANDI","SECABA","DIKMABA TA 2026","Siswa Bintara","Kompi B","Peleton 2","L","KODAM III/SLW - KODIM 0620/KAB CIREBON","CIREBON","2008-06-03","O","172","68","105/80","Berobat Jalan","Stakes III (Kurang/Dispen)","TENSI III: 139/62 MMHG 79 X/MENIT; THT III: T2-T1; BEDAH BAWAH III: VARISES GRADE II; SYARAF III: MODERATE TREMOR; MATA II: VODS 6/10 S-0.75 6/6; LAB II: ASAM URAT 7.4 KOLESTEROL TOTAL 218 LDL 135; EKG II: NON SPESIFIK T INVERSI","Sakit","90","61","PSI 2","INF, CKM","65.23","MS","2495","46","8","50","39","90","43","100","17.7","82","83","GD","MS","18","47.4","62.69","030.0178/CABA-III/2026","0823-1986-6613","ALFINMAULANA915@GMAIL.COM","SMAN 1 JAMBLANG","SUWANDI","WIRASWASTA","0852-9575-0680","JL.MOH.RAMDHAN RT003 RW001 DS.ORIMALANG KEC.JAMBLANG KAB. CIREBON"
"190","1310021003030007","2026-SECABA-190","MUHAMAD IHSAN","SECABA","DIKMABA TA 2026","Siswa Bintara","Kompi B","Peleton 2","L","KODAM III/SLW - KODIM 0618/KOTA BANDUNG","SAWAHLUNTO","2003-03-10","O","171","62","110/60","Siap Latih","Stakes II (Baik)","TENSI II: 127/68 MMHG 69 X/MENIT; LAB II: HDL 36","Aktif","105","60","PSI 3","INF","66.04","MS","2795","62","12","70","32","55","35","60","17.7","82","81","BG","MS","24","49.2","62.42","030.0008/CABA-III/2026","082386442081","MUHAMADIHSANNNN28@GMAIL.COM","SMKN 1 PULAU PUNJUNG","RUDI HARTONO","PETANI","0838-5640-5053","JL.KIARACONDONG 443 RT 007/RW 008 KEL./DS KEBON KANGKUNG .KEC KIARACONDONG KAB BANDUNG"
"191","3277010707080003","2026-SECABA-191","ALLIEF AUFA AL HAFIDZ SUDIRMAN","SECABA","DIKMABA TA 2026","Siswa Bintara","Kompi B","Peleton 2","L","KODAM III/SLW - KODIM 0609/CIMAHI","CIMAHI","2008-07-07","O","166","60","100/70","Siap Latih","Stakes II (Baik)","TENSI II: 128/65 MMHG 67 X/MENIT; BEDAH BAWAH II: VARISES GRADE I; LAB II: ASAM URAT 7.2 LDL 118 HDL 44; THORAX II: CORAKAN BRONCHOVASCULER BERLEBIH","Aktif","119","46","PSI 3","INF","86.4","MS","2995","73","18","100","41","100","43","100","17.1","88","99","GD","MS","24","46.2","62.16","030.0354/CABA-III/2026","08211395268","ALLIEFAUFA07@GMAIL.COM","SMAN 4 CIMAHI","SUDIRMAN D","TNI-AD","082214086238","JL GAJAH X NO 15 RT.003 RW.012 KEL.LEUWIGAJAH KEC.CIMAHI SELATAN KOTA CIMAHI"
"192","3202102709070007","2026-SECABA-192","RAMDANI TSAQIB","SECABA","DIKMABA TA 2026","Siswa Bintara","Kompi B","Peleton 2","L","KODAM III/SLW - KODIM 0607/KOTA SUKABUMI","SUKABUMI","2007-09-27","O","167","62","110/70","Siap Latih","Stakes II (Baik)","TENSI II: 108/61 MMHG 72 X/MENIT; BEDAH BAWAH II: VARISES GRADE I; KULIT II: SCAR 4 CM; LAB II: KOLESTEROL TOTAL 204 HDL 36","Aktif","96","60","PSI 3","INF","65.01","MS","2620","53","9","55","41","100","35","60","18.9","70","91","GD","MS","22.8","47.4","62","030.0363/CABA-III/2026","08211086672","RAMDANITSAQIB68@GMAIL.COM","MAN 1 SUKABUMI","UDIN SAMSUDIN (ALM)/EKA","IBU RUMAH TANGGA","085794994394","KP.CIPICUNG RT 04/RW 07 DS SUKAMULYA KEC.CIKEMBAR KAB.SUKABUMI"
"193","3204130307060002","2026-SECABA-193","MARSEL KENCANA","SECABA","DIKMABA TA 2026","Siswa Bintara","Kompi B","Peleton 2","L","KODAM III/SLW - KODIM 0624/KAB BANDUNG","BANDUNG","2006-07-03","O","164","67","110/70","Berobat Jalan","Stakes III (Kurang/Dispen)","LAB III: ASAM URAT 7.6 KOLESTEROL TOTAL 241; KULIT II: HPI; MATA II: VODS 6/9 S-0.50 6/6","Sakit","105","60","PSI 3","INF","64.79","MS","2625","53","14","80","36","75","37","70","17.7","82","64","GD","MS","20","48.6","61.92","030.0181/CABA-III/2026","08131757416","KENCANAMARCEL@GMAIL.COM","SMAN 1 BANJARAN","UCU HERMAWAN","TNI-AD","0823-1714-1000","KP. SELAJAMI RT04 RW01 DESA. PASIRMULYA KEC. BANJARAN KAB. BANDUNG"
"194","3203011608070003","2026-SECABA-194","MOCH RIFKY SYA'BAN MAULANA","SECABA","DIKMABA TA 2026","Siswa Bintara","Kompi B","Peleton 2","L","KODAM III/SLW - KODIM 0608/CIANJUR","CIANJUR","2007-08-16","O","171","57","120/70","Berobat Jalan","Stakes III (Kurang/Dispen)","BEDAH BAWAH III: VARISES GRADE II; IMT II: 19.47 BB -1.55 KG; TENSI II: 130/83 MMHG 63 X/MENIT; KULIT II: HPI; LAB II: ASAM URAT 7.3 HDL 43","Sakit","83","56","PSI 3","ARH","70.69","MS","2660","55","12","70","41","100","40","85","17.5","84","78","GD","MS","24","48.6","61.88","030.0308/CABA-III/2026","087766477959","MOCHRIFKYSYABANMAULANA@GMAIL.COM","SMAS PASUNDAN 1 CIANJUR","SYAMSUDIN","BURUH HARIAN LEPAS","0877-0072-0020","JL. TAIFUR YUSUP NO 26 RT 003/ RW 011 DS BOJONG HERANG KEC/KAB CIANJUR"
"195","3273121610070008","2026-SECABA-195","ALINSKIE GABE MORA SIMAMORA","SECABA","DIKMABA TA 2026","Siswa Bintara","Kompi B","Peleton 2","L","KODAM III/SLW - KODIM 0618/KOTA BANDUNG","BANDUNG","2007-10-16","O","168","70","110/70","Berobat Jalan","Stakes III (Kurang/Dispen)","MATA III: VODS 6/18 S-1.25 6/6 HORDEOLUM PS OS; LAB III: ASAM URAT 7.9; USG III: CHOLELITHIASIS GALBLADDER UKURAN 0.65 CM; TENSI II: 122/74 MMHG 64 X/MENIT; BEDAH II: OPS VARICOCELE SINISTRA 1/2026","Sakit","114","60","PSI 3","INF","64.5","MS","2630","53","10","60","36","75","40","85","17.9","80","69","GD","MS","22","47.4","61.8","030.0321/CABA-III/2026","082297887134","ALINSKIESIMAMORA161007@GMAIL.COM","SMAN 12 BANDUNG","SOLE SIMAMORA","WIRASWASTA","082118910032","JL CIBANGKOR LOR RT 01/RW 05 KEL MALEER KEC.BATUNUNGGAL KOTA BANDUNG"
"196","3271012807070007","2026-SECABA-196","REVALDO RIZQY INQYUBUATOR S","SECABA","DIKMABA TA 2026","Siswa Bintara","Kompi B","Peleton 2","L","KODAM III/SLW - KODIM 0612/TASIKMALAYA","BOGOR","2007-07-28","O","175","54","100/70","Berobat Jalan","Stakes III (Kurang/Dispen)","IMT III: 17.65 BB -7.18 KG; THT III: FISTULA AD; KULIT III: NEVUS 1X1 CM; TINEA CRURIS; LAB III: ASAM URAT 7.6; TENSI II: 107/65 MMHG 66 X/MENIT; GIGI II: 48 IMPAKSI","Sakit","90","57","PSI 3","ARM","68.43","MS","2550","49","14","80","37","80","43","100","16.9","90","70","GD","MS","22","50.4","61.57","030.0402/CABA-III/2026","085871732770","AREVALDO451@GMAIL.COM","SMAN 1 CISAYONG","SURYANA","TNI-AD","085624938664","PERM GRIYA ABADI BLOK G N0 5 RT 003 RW 009 DS MEKARWANGI KEC CISAYONG KAB TASIKMALAYA"
"197","1207191508070001","2026-SECABA-197","GILANG ANGGA PRAYUDA","SECABA","DIKMABA TA 2026","Siswa Bintara","Kompi B","Peleton 2","L","KODAM III/SLW - KODIM 0601/PANDEGLANG","MEDAN","2007-08-15","O","170","67","130/80","Berobat Jalan","Stakes III (Kurang/Dispen)","LAB III: ASAM URAT 7.7; TENSI II: 119/71 MMHG 83 X/MENIT; KULIT II: AVR DI WAJAH; EKG II: T INVERSI NON SPESIFIK","Sakit","105","63","PSI 2","INF, CPL","59.06","MS","2435","43","11","65","38","85","33","52","18.8","71","90","GD","MS","20","48","61.42","030.0271/CABA-III/2026","087823868439","GILANGANGGAPRAYUDA@GMAIL.COM","SMAN 3 PANDEGLANG","PURWADI","TNI-AD","082320741341","KP.MUNCANG RT.03 RW.09 DS.LABUAN KEC.LABUAN KAB.PANDEGLANG"
"198","1608012509050002","2026-SECABA-198","MOCHAMAD DJAMAL AL PASYA","SECABA","DIKMABA TA 2026","Siswa Bintara","Kompi B","Peleton 2","L","KODAM III/SLW - KODIM 0611/GARUT","OGAN KOMERING","2005-09-25","O","182","88","130/80","Berobat Jalan","Stakes III (Kurang/Dispen)","LAB III: ASAM URAT 7.8; IMT II: 26.65 BB +5.46 KG; TENSI II: 130/70 MMHG 92 X/MENIT; BEDAH BAWAH II: VARISES GRADE I; KULIT II: BM <10 CM; THORAX II: CORAKAN BRONCHOVASCULER BERLEBIH","Sakit","86","56","PSI 3","INF","69.44","MS","2660","55","9","55","41","100","41","90","18.5","74","88","GD","MS","22","48","61.38","030.0272/CABA-III/2026","085188427297","ALPASYA2505@GMAIL.COM","SMAN 17 GARUT","GISA TOBERUS","TNI-AD","081271590661","PERUM PESONA INTAN BLOK E NO 9 RT 001/RW011 DESA SIRNAJAYA KEC. TAROGONG KALER KAB. GARUT"
"199","3210202010080001","2026-SECABA-199","MUHAMAD GHOFAR BANTANI","SECABA","DIKMABA TA 2026","Siswa Bintara","Kompi B","Peleton 2","L","KODAM III/SLW - KODIM 0617/MAJALENGKA","MAJALENGKA","2008-10-20","O","167","73","120/80","Berobat Jalan","Stakes III (Kurang/Dispen)","THORAX III: FIBROSIS DI LAPANG BAWAH PARU DEXTRA; IMT II: 26.05 BB +2.94 KG; TENSI II: 128/65 MMHG 72 X/MENIT; KULIT II: MULTIPLE KELOID 1 X 1 CM; HPI; TINEA CRURIS; LAB II: LDL 113","Sakit","80","65","PSI 2","INF, KAV","54.33","MS","2530","48","7","45","35","70","29","40","18","79","64","GD","MS","22","51.6","60.73","030.0046/CABA-III/2026","082319635059","GHOFARMUHAMAD56@GMAIL.COM","SMAN 1 SUKAHAJI","TAUFIK","TNI-AD","08053-5290-9540","PERUM ASABRI RT.014 RW 003 KEL.SIMPEUREUM KEC. CIGASONG KAB. MAJALENGKA"
"200","3273192811070002","2026-SECABA-200","MUHAMAD RIZKY DWI SATRIA","SECABA","DIKMABA TA 2026","Siswa Bintara","Kompi B","Peleton 2","L","KODAM III/SLW - KODIM 0618/KOTA BANDUNG","BANDUNG","2007-11-28","O","171","55","130/80","Siap Latih","Stakes II (Baik)","IMT II: 18.81 BB -3.48 KG; TENSI II: 130/84 MMHG 86 X/MENIT; MATA II: VODS 6/10 S-0.75 6/6","Aktif","101","56","PSI 3","INF","67.7","MS","2515","47","18","100","35","70","43","100","18.1","78","74","GD","MS","22","48.6","60.68","030.0422/CABA-III/2026","089673752742","MRIZKYDWISATRIA@GMAIL.COM","SMAN 14 BANDUNG","JAHURI","PURN. TNI-AD","0882000547696","JL. GANDAPURA SIMPANG NO.4 RT.005 RW.005 KEL.MERDEKA KEC.SUMUR BANDUNG KOTA BANDUNG"
"201","3202162611070004","2026-SECABA-201","KESHA TAMPANI PUTRA","SECABA","DIKMABA TA 2026","Siswa Bintara","Kompi B","Peleton 2","L","KODAM III/SLW - KODIM 0622/KAB SUKABUMI","BOGOR","2007-11-26","O","168","68","120/70","Siap Latih","Stakes II (Baik)","TENSI II: 123/71 MMHG 60 X/MENIT; LAB II: ASAM URAT 7.1 LDL 121 HDL 39; EKG II: ICRBBB","Aktif","91","57","PSI 3","INF","65.96","MS","2820","63","7","45","41","100","35","60","18.3","76","60","GD","MS","22.4","48","60.58","030.0326/CABA-III/2026","08212712279","KKESHATP@GMAIL.COM","SMAN 1 CICURUG","ANDRI","BURUH HARIAN LEPAS","085730518970","KP. SIKUP RT 002/RW 009 KEL./DES PURWASARI KEC CICURUG KAB SUKABUMI"
"202","3204261305080002","2026-SECABA-202","MUHAMMAD FUAD HANIF","SECABA","DIKMABA TA 2026","Siswa Bintara","Kompi B","Peleton 2","L","KODAM III/SLW - KODIM 0624/KAB BANDUNG","BANDUNG","2008-05-13","O","171","55","110/70","Siap Latih","Stakes II (Baik)","IMT II: 18.81 BB -3.48 KG; TENSI II: 105/60 MMHG 75 X/MENIT; GIGI II: 38 48 IMPAKSI; KULIT II: HPI; MATA II: VODS 6/9 S-0.50 6/6; LAB II: TROMBOSIT 406.000","Aktif","90","57","PSI 3","INF","65.03","MS","2500","47","12","70","41","100","35","60","17.9","80","90","GD","MS","20","46.2","60.21","030.0171/CABA-III/2026","0851-9932-4675","MUHAMMADFUADHANIF28@GMAIL.COM","SMAN 1 CICALENGKA","BARMAWI","PURN. TNI-AD","0813-2213-3472","ASRAMA YONIF LINUD 330 RT001/RW006. DS MANDALAWANGI KEC. NAGREG KAB BANDUNG"
"203","3217063001080011","2026-SECABA-203","FAUZAN SULTAN NUR HIDAYAT","SECABA","DIKMABA TA 2026","Siswa Bintara","Kompi B","Peleton 2","L","KODAM III/SLW - KODIM 0609/CIMAHI","CIMAHI","2008-01-30","O","175","58","110/70","Berobat Jalan","Stakes III (Kurang/Dispen)","BEDAH BAWAH III: VARISES GRADE II, O BEEN 4 CM; IMT II: 19.00 BB -3.04 KG; TENSI II: 113/60 MMHG 80 X/MENIT; KULIT II: PV DI PUNGGUNG; LAB II: ASAM URAT 7.1 LDL 114","Sakit","125","46","PSI 3","CKM","80.9","MS","2845","65","17","95","41","100","43","100","17.4","85","89","GD","MS","23.6","49.8","59.96","030.0006/CABA-III/2026","082130886664","FAUZANSULTANNN@GMAIL.COM","SMAN 5 CIMAHI","MOCHAMAD TAUFIK HIDAYAT CHANIAGO","BURUH HARIAN LEPAS","081224790767","PONDOK DUSTIRA INDAH II BLOK D NO.3 RT 5/RW 8 GADOBABANGKONG NGAMPRAH BANDUNG BARAT"
"204","3276052804070002","2026-SECABA-204","SABDA KUSUMAH JATI SAMPOERNA","SECABA","DIKMABA TA 2026","Siswa Bintara","Kompi B","Peleton 2","L","KODAM III/SLW - KODIM 0609/CIMAHI","BANDUNG","2007-04-28","O","180","63","120/80","Berobat Jalan","Stakes III (Kurang/Dispen)","LAB III: LEKOSIT 12.680; IMT II: 19.53 BB -1.51 KG; TENSI II: 130/76 MMHG 75 X/MENIT; GIGI II: 48 IMPAKSI; BEDAH BAWAH II: VARISES GRADE I; KULIT II: AVR DI WAJAH","Sakit","81","55","PSI 3","INF","67.19","MS","2600","52","10","60","41","100","37","70","17.8","81","88","GD","MS","22","46.8","59.88","030.0390/CABA-III/2026","081222672608","SABDAKUSUMAH149@GMAIL.COM","SMA DARUL FALAH","TONI AGUS RIAWAN","TNI-AD","0813866858","KP RANCARIRIP RT 002 RW 002 DESA TANJUNG JAYA KEC CIHAMPELAS KAB BANDUNG BARAT"
"205","3204290908040005","2026-SECABA-205","ALDI MUHAMMAD GHALIB GIFARI","SECABA","DIKMABA TA 2026","Siswa Bintara","Kompi B","Peleton 2","L","KODAM III/SLW - KODIM 0624/KAB BANDUNG","BANDUNG","2004-08-09","O","185","84","130/80","Siap Latih","Stakes II (Baik)","TENSI II: 129/70 MMHG 66 X/MENIT; BEDAH BAWAH II: VARISES GRADE I","Aktif","101","57","PSI 3","INF","63.88","MS","2660","55","12","70","34","65","40","85","18.9","70","65","GD","MS","24","48","59.75","030.0456/CABA-III/2026","085609675553","ALDIGIFARI2@GMAIL.COM","SMAN 1 CIPARAY","MOCH.SALIM DJAYAWINATA (ALM)/EUIS AISYAH (ALMH)/SOFI SOFHIA UTAMI","KARYAWAN SWASTA","0812-2472-1103","KP.LIO RT02/RW09.DESA.CIPARAY.KEC.CIPARAY.KAB.BANDUNG"
"206","3204332407080005","2026-SECABA-206","RIFKY ADRIANSYAH","SECABA","DIKMABA TA 2026","Siswa Bintara","Kompi B","Peleton 2","L","KODAM III/SLW - KODIM 0624/KAB BANDUNG","BANDUNG","2008-07-24","O","171","64","110/80","Siap Latih","Stakes II (Baik)","GIGI II: 48 IMPAKSI 36 CARIES MEDIA; BEDAH BAWAH II: VARISES GRADE I; O BEEN 5 CM; KULIT II: AVR DI WAJAH; LAB II: TRIGLISERIDA 151","Aktif","90","54","PSI 3","INF","68.28","MS","2640","54","12","70","41","100","32","49","17.6","83","100","GD","MS","25.6","42.6","59.71","030.0225/CABA-III/2026","083178934130","RIFKYADRIANSYAH894@GMAIL.COM","SMAN 1 MAJALAYA","AGUS HERMAWAN","BURUH HARIAN LEPAS","085659900820","KP.BOJONG KEUSIK RT 03 RW 01 DESA BOJONG KEC.MAJALAYA KAB.BANDUNG"
"207","3601343006060001","2026-SECABA-207","MUHAMAD AZRIL FATIHAN","SECABA","DIKMABA TA 2026","Siswa Bintara","Kompi B","Peleton 2","L","KODAM III/SLW - KODIM 0601/PANDEGLANG","PANDEGLANG","2006-06-30","O","170","57","130/80","Siap Latih","Stakes II (Baik)","IMT II: 19.75 BB -0.73 KG; TENSI II: 129/76 MMHG 67 X/MENIT; GIGI II: CROWDED RB RA RINGAN; KULIT II: SCAR DI WAJAH 4 CM","Aktif","85","53","PSI 3","CKM","69.05","MS","2751","60","13","75","41","100","28","37","17.9","80","92","BG","MS","20","48.6","59.42","030.0023/CABA-III/2026","0857182550975","AZRILFATIHAN313@GMAIL.COM","SMAN 2 PANDEGLANG","SAEFUL BAHRI","PNS","085894411555","KP. SALABENTAR RT 04 RW 06 KEL. CILAJA KEC. MAJASARI KAB. PANDEGLANG"
"208","3214092404060001","2026-SECABA-208","DWI ADITYA FATURAHMAN","SECABA","DIKMABA TA 2026","Siswa Bintara","Kompi B","Peleton 2","L","KODAM III/SLW - KODIM 0619/PURWAKARTA","PURWAKARTA","2006-04-24","O","164","56","120/80","Berobat Jalan","Stakes III (Kurang/Dispen)","TENSI III: 134/72 MMHG 74 X/MENIT; GIGI II: 38 IMPAKSI; BEDAH BAWAH II: VARISES GRADE I; KULIT II: AVR DI WAJAH; LAB II: ASAM URAT 7.1","Sakit","90","49","PSI 3","CKM","74.18","MS","2745","59","14","80","40","95","40","85","17.3","86","87","GD","MS","26","47.4","59.07","030.0207/CABA-III/2026","085722730715‬","DWIADITYAF2006@GMAIL.COM","SMAN 1 WANAYASA","DADANG BADRU MUSTOPA","PNS","083816145490","KP.KRAJAN RT 04 / RW 03 DS. TARINGGUL TONGGOH KEC. WANAYASA KAB.PURWAKARTA"
"209","3507040503080004","2026-SECABA-209","DANIEL CONDRO WIBOWO","SECABA","DIKMABA TA 2026","Siswa Bintara","Kompi B","Peleton 2","L","KODAM III/SLW - KODIM 0610/SUMEDANG","MALANG","2008-03-05","O","166","65","110/70","Berobat Jalan","Stakes III (Kurang/Dispen)","LAB III: LEKOSIT 12.540; KULIT II: AVR DI PUNGGUNG; MATA II: VODS 6/9 S-0.50 6/6","Sakit","109","42","PSI 3","INF","84.14","MS","2950","70","16","90","41","100","43","100","17","89","100","GD","MS","20","47.4","58.86","030.0250/CABA-III/2026","087796646651","DANIELCONDROWIBOWO03@GMAIL.COM","SMAN 3 SUMEDANG","BUDIRAHARJO (ALM)/WAHYUNING WUSRUMENTAH","IBU RUMAH TANGGA","082119275011","DSN BOJONG RT 02 RW 02 DS PADASUKA KEC SUMEDANG UTARA KAB SUMEDANG"
"210","3213260912050003","2026-SECABA-210","DONI SEDIAWAN","SECABA","DIKMABA TA 2026","Siswa Bintara","Kompi B","Peleton 2","L","KODAM III/SLW - KODIM 0605/SUBANG","SUBANG","2006-12-09","O","171","69","120/80","Siap Latih","Stakes II (Baik)","TENSI II: 128/70 MMHG 60 X/MENIT; KULIT II: SCAR 3 CM; HPI","Aktif","121","46","PSI 3","INF","77.7","MS","2900","68","14","80","41","100","40","85","17.2","87","75","GD","MS","23.6","46.2","58.68","030.0475/CABA-III/2026","081312647036","SEDIAWANDONI@GMAIL.COM","SMAN 3 CIMAHI","TATANG SURYANA","WIRASWASTA","081322209648","KP CISAAT RT 008 RW 003 KELURAHAN BOJONGLOA KEC. KASOMALANG KAB. SUBANG"
"211","3206070907070001","2026-SECABA-211","MUHAMMAD HABIBI ALFARIZQI","SECABA","DIKMABA TA 2026","Siswa Bintara","Kompi B","Peleton 3","L","KODAM III/SLW - KODIM 0612/TASIKMALAYA","TASIKMALAYA","2007-07-09","O","165","62","130/80","Berobat Jalan","Stakes III (Kurang/Dispen)","TENSI III: 139/89 MMHG 90 X/MENIT; GIGI III: MULTIPLE DIASTEM RA 38 IMPAKSI; THT III: T2-T1; LAB III: LEKOSIT 14.330; KULIT II: HIPERHIDROSIS RINGAN; HPI; EKG II: LAD","Sakit","78","41","PSI 3","CKM","83.88","MS","2980","72","15","85","41","100","43","100","17","89","94","GD","MS","22.4","49.2","58.15","030.0452/CABA-III/2026","085141621418","MUHAMMADHABIBIE626414@GMAIL.COM","MAN 5 TASIKMALAYA","TEDI SUPRIADI","WIRASWASTA","082319833377","KP NAGARA TENGAH RT 02 RW 013 DES CIBUNGUR KEC PARUNG PONTENG KAB TASIKMALAYA"
"212","3213011006080001","2026-SECABA-212","TEGUH PADILLAH","SECABA","DIKMABA TA 2026","Siswa Bintara","Kompi B","Peleton 3","L","KODAM III/SLW - KODIM 0605/SUBANG","SUBANG","2008-06-10","O","170","55","120/80","Berobat Jalan","Stakes III (Kurang/Dispen)","LAB III: ASAM URAT 7.8; IMT II: 19.03 BB -2.80 KG; TENSI II: 127/65 MMHG 83 X/MENIT; GIGI II: CROWDED ANT RA RINGAN; BEDAH II: OPS VARICOCELE SINISTRA 2024; KULIT II: BM <10 CM; MATA II: VODS 6/9 S-0.50 6/6","Sakit","88","57","PSI 3","INF","59.53","MS","2430","43","14","80","41","100","27","34","18.7","72","80","GD","MS","24","44.4","58.01","030.0026/CABA-III/2026","085861823088","TEGUHPADILLAH9@GMAIL.COM","SMAN 1 SERANGPANJANG","ADANG SHOLIHIN","SOPIR","083171946033","KP SUKAMANDI RT 15 RW 08 KEC SAGALAHERANG KAB SUBANG"
"213","5202051504080001","2026-SECABA-213","EKA DADI PERWIRA","SECABA","DIKMABA TA 2026","Siswa Bintara","Kompi B","Peleton 3","L","KODAM III/SLW - KODIM 0618/KOTA BANDUNG","PONDOK REJENG","2008-04-15","O","171","62","120/80","Berobat Jalan","Stakes III (Kurang/Dispen)","LAB III: LEKOSIT 14.500 SGPT 42; TENSI II: 130/73 MMHG 99 X/MENIT","Sakit","88","51","PSI 3","ARH","68.38","MS","2610","52","11","65","41","100","37","70","17.6","83","92","BG","MS","24","46.8","57.95","030.0258/CABA-III/2026","081953621929","DADIPERWIRA62@GMAIL.COM","SMAN 1 PARONGPONG","ZAMZAMI H.","PETANI","0819-9152-0181","JL. MENADO NO. 12 RT 003/RW009 KEL./DS MERDEKA KEC. SUMUR BANDUNG KOTA BANDUNG"
"214","3273290506070001","2026-SECABA-214","HAFIZ RAYHAN ARASYA ANGGARA","SECABA","DIKMABA TA 2026","Siswa Bintara","Kompi B","Peleton 3","L","KODAM III/SLW - KODIM 0605/SUBANG","BANDUNG","2007-06-05","O","170","54","120/70","Siap Latih","Stakes II (Baik)","IMT II: 18.66 BB -3.87 KG; TENSI II: 130/74 MMHG 90 X/MENIT; BEDAH BAWAH II: VARISES GRADE I; KULIT II: HIPERHIDROSIS RINGAN; MATA II: VOD 6/9 S-0.50 6/6; SYARAF II: MILD TREMOR; LAB II: ASAM URAT 7.4 HDL45","Aktif","123","42","PSI 3","INF","80.66","MS","2850","65","15","85","41","100","43","100","17.5","84","99","GD","MS","24","48.6","57.46","030.0268/CABA-III/2026","087789352777","HAFIZANGGARA6134@GMAIL.COM","SMA PLUS ALAQSHA","UMAR","TNI-AD","0812-2040-6376","BLOK WERA JAYA RT.28 RW.07 KEL. DANGDEUR KEC. SUBANG KAB. SUBANG"
"215","3209070601050003","2026-SECABA-215","DIKI KURNIAWAN","SECABA","DIKMABA TA 2026","Siswa Bintara","Kompi B","Peleton 3","L","KODAM III/SLW - KODIM 0620/KAB CIREBON","CIREBON","2005-01-06","O","167","57","110/70","Berobat Jalan","Stakes III (Kurang/Dispen)","LAB III: LEKOSIT 14.980; TENSI II: 130/80 MMHG 71 X/MENIT; KULIT II: AVR WAJAH; MATA II: VODS 6/9 S-0.50 6/6","Sakit","121","43","PSI 3","KAV","78.98","MS","2795","62","15","85","41","100","43","100","17.8","81","99","GD","MS","24","48.6","57.39","030.0283/CABA-III/2026","085218340016","DIKIK7844@GMAIL.COM","SMAN 1 LEMAHABANG","EDI","PEDAGANG","082217333006","DUSUN 01BLOK HULUDAYEUH RT 02 RW 01KEL./DS LEUWIDINGDING KEC. LEMAHABANG.KAB CIREBON"
"216","3215031505070001","2026-SECABA-216","DUTA PRISMADI","SECABA","DIKMABA TA 2026","Siswa Bintara","Kompi B","Peleton 3","L","KODAM III/SLW - KODIM 0604/KARAWANG","KARAWANG","2007-05-15","O","175","71","130/80","Berobat Jalan","Stakes III (Kurang/Dispen)","LAB III: 14.540; TENSI II: 117/75 MMHG 88 X/MENIT; BEDAH BAWAH II: VARISES GRADE I; MATA II: VOD 6/9 S-0.50 6/6 VOS 6/10 S-0.75 6/6; THORAX II: CORAKAN BRONCHOVASCULER BERLEBIH","Sakit","116","44","PSI 3","INF","77.29","MS","2795","62","13","75","41","100","42","95","17.8","81","99","GD","MS","22","48","57.32","030.0261/CABA-III/2026","083875494182","DUTAPRISMADI@GMAIL.COM","SMAN 3 KARAWANG","SUNDOKO","TNI-AD","081285993588","PERUMAHAN BINTANG ALAM BLOK Q/24 DESA TELUKJAMBE KEC. TELUKJAMBE TIMUR KAB. KARAWANG"
"217","3217011504070012","2026-SECABA-217","FATURACHMAN HIDAYAT","SECABA","DIKMABA TA 2026","Siswa Bintara","Kompi B","Peleton 3","L","KODAM III/SLW - KODIM 0609/CIMAHI","BANDUNG","2007-04-15","O","165","62","130/80","Berobat Jalan","Stakes III (Kurang/Dispen)","TENSI III: 139/84 MMHG 100 X/MENIT; SYARAF III: MODERETE TREMOR; KULIT II: AVR DI WAJAH, BM <10 CM; LAB II: HEMOGLOBIN 12.6 ASAM URAT 7.4; EKG II: RAD","Sakit","124","48","PSI 3","KAV","69.31","MS","2578","51","12","70","41","100","43","100","17.2","87","62","GD","MS","22","45.6","56.52","030.0255/CABA-III/2026","081914469936","FATURACHMANHIDAYAT24@GMAIL.COM","SMAN 1 LEMBANH","KUSMANA","BURUH HARIAN LEPAS","0851-6957-3091","KP SUKALAKSANA RT 01 RW 02 DS CIKAHURIPAN KEC LEMBANG KAB BANDUNG BARAT"
"218","3322172907060002","2026-SECABA-218","ENGGAR BAYU YUSTIANTO","SECABA","DIKMABA TA 2026","Siswa Bintara","Kompi B","Peleton 3","L","KODAM III/SLW - KODIM 0618/KOTA BANDUNG","KENDAL","2006-07-29","O","171","62","110/80","Siap Latih","Stakes II (Baik)","TENSI II: 109/64 MMHG 80 X/MENIT; GIGI II: 48 IMPAKSI CROWDED ANT RB RINGAN; KULIT II: AVR DI WAJAH; VITILIGO DI PENIS; EKG II: RAD","Aktif","114","41","PSI 3","INF","79.65","MS","2850","65","12","70","41","100","43","100","16.9","90","99","GD","MS","22","51","56.46","030.0451/CABA-III/2026","0881037068443","ENGGARBAYUYU@GMAIL.COM","SMA KARTIKA III-1 BANYUBIRU","ENDY MURTOPO","WIRASWASTA","085726972781","JL.CIKASO SELATAN NO47-C/41 RT001/RW002 SUKAMAJU CIBEUNYING KIDUL KOTA BANDUNG"
"219","3204050110050012","2026-SECABA-219","MUHAMMAD SANNY RIZQULLOH","SECABA","DIKMABA TA 2026","Siswa Bintara","Kompi B","Peleton 3","L","KODAM III/SLW - KODIM 0624/KAB BANDUNG","BANDUNG","2005-10-01","O","168","60","130/80","Siap Latih","Stakes II (Baik)","TENSI II: 110/65 MMHG 66 X/MENIT; KULIT II: HPI; MATA II: VOS 6/9 S-0.50 6/6","Aktif","68","41","PSI 3","KAV","79.2","MS","2780","61","15","85","41","100","43","100","17.2","87","99","GD","MS","24","46.2","56.28","030.0099/CABA-III/2026","085136372368","MUHAMMADSANNYR@GMAIL.COM","SMAN 1 CILEUNYI","RUDI SUKMAYADI","BURUH HARIAN LEPAS","082218877514","KP. SUKAMULYA RT01/ RW013 KEL.CILEUNYI KAB. BANDUNG"
"220","3203083008060002","2026-SECABA-220","MUHAMMAD SATRIA AGUNG","SECABA","DIKMABA TA 2026","Siswa Bintara","Kompi B","Peleton 3","L","KODAM III/SLW - KODIM 0608/CIANJUR","CIANJUR","2006-08-30","O","165","63","110/70","Siap Latih","Stakes II (Baik)","TENSI II: 114/60 MMHG 67 X/MENIT; BEDAH BAWAH II: VARISES GRADE I; LAB II: ASAM URAT 7.5 HDL 36","Aktif","103","55","PSI 3","CZI","53.66","MS","2300","36","13","75","35","70","28","37","18","79","81","GD","MS","24","46.8","54.46","030.0034/CABA-III/2026","082119944045","MUHAMMADSATRIAAGUNG30@GMAIL.COM","MAN 1 CIANJUR","AYI SUHERMAN","WIRASWASTA","082277770474","KP.WARUNGDANAS RT.03 RW.01 DS. KADEMANGAN KEC. MANDE KAB. CIANJUR"
"221","3204080912060001","2026-SECABA-221","KLOSSE PANANGIAN MANULLANG","SECABA","DIKMABA TA 2026","Siswa Bintara","Kompi B","Peleton 3","L","KODAM III/SLW - KODIM 0624/KAB BANDUNG","BANDUNG","2006-12-09","O","172","67","110/80","Berobat Jalan","Stakes III (Kurang/Dispen)","BEDAH BAWAH III: VARISES GRADE II; KULIT II: STRIAE; HPI","Sakit","119","44","PSI 3","CKM","69.01","MS","2710","58","13","75","38","85","38","75","18.9","70","86","GD","MS","22","47.4","54","030.0477/CABA-III/2026","085199303691","KOLOSEMANULLANG6@GMAIL.COM","SMAN 21 BANDUNG","TUMBUR TUNAS MANULLANG","WIRASWASTA","081236260275","KOMP GBI BLOK I8 NO28 RT05 RW10 DS BUAHBATU KEC BOJONGSOANG KAB BANDUNG"
"222","3204052901060010","2026-SECABA-222","SHOLA MUHAMMAD MUDZAKIR","SECABA","DIKMABA TA 2026","Siswa Bintara","Kompi B","Peleton 3","L","KODAM III/SLW - KODIM 0624/KAB BANDUNG","BANDUNG","2006-01-29","O","175","57","110/70","Siap Latih","Stakes II (Baik)","IMT II: 18.68 BB -4.04 KG; TENSI II: 126/73 MMHG 73 X/MENIT; BEDAH BAWAH II: VARISES GRADE I; MATA II: VOS 6/9 S-0.50 6/6","Aktif","106","41","PSI 3","CKM","70.8","MS","2555","49","16","90","41","100","43","100","18.5","74","78","BG","MS","22.4","48","52.92","030.0430/CABA-III/2026","0895391006937","MUHAMMADMUDZAKIRSHOLA@GMAIL.COM","SMA MEKAR ARUM","IDIK SODIKIN","KARYAWAN BUMN","0895703148159","KP MARGAMULYA RT 002/001 DESA CIMEKAR KEC CILEUNYI KAB BANDUNG"
"223","3203100905070001","2026-SECABA-223","WISNU WARDANA","SECABA","DIKMABA TA 2026","Siswa Bintara","Kompi B","Peleton 3","L","KODAM III/SLW - KODIM 0608/CIANJUR","BANDUNG","2007-05-09","O","179","65","120/80","Berobat Jalan","Stakes III (Kurang/Dispen)","TENSI III: 139/76 MMHG 60 X/MENIT; LAB III: SEDIMEN URINE LEKOSIT 5-10//LPB; BEDAH BAWAH II: VARISES GRADE I; KULIT II: AVR DI WAJAH; HPI","Sakit","80","41","PSI 3","INF","70.4","MS","2620","53","14","80","39","90","37","70","16.7","92","92","GD","MS","23.2","49.8","52.76","030.0440/CABA-III/2026","082116020915","WISNU092007@GMAIL.COM","SMAN 1 SUKARESMI","NURDIN","POLRI","0819-9850-2554","KP. SUKANAGALIH. RT/RW 03/04. DESA SUKANAGALIH KEC. PACET KAB. CIANJUR"
"224","3214131609070003","2026-SECABA-224","ANDREAS CESARIO SIMARMATA","SECABA","DIKMABA TA 2026","Siswa Bintara","Kompi B","Peleton 3","L","KODAM III/SLW - KODIM 0619/PURWAKARTA","JAKARTA","2007-09-16","O","171","65","130/80","Siap Latih","Stakes II (Baik)","BEDAH BAWAH II: VARISES GRADE I; O BEEN 4 CM; KULIT II: HIPERHIDROSIS RINGAN; MATA II: VODS 6/10 S-0.75 6/6; LAB II: LDL 107","Aktif","125","45","PSI 3","ARM","60.78","MS","2620","53","10","60","33","60","30","43","18","79","97","GD","MS","22","48.6","51.31","030.0311/CABA-III/2026","085861540048","ANDREASCESARIO2@GMAIL.COM","SMAN 2 PURWAKARTA","ARON SIMARMATA","TNI-AD","081909525359","ASRAMA RESIMEN ARMED 1 KOSTRAD RT 10/RW 03 KEL CIWANGI KEC BUNGURSARI KAB. PURWAKARTA"
"225","3204080708060005","2026-SECABA-225","AKBAR AFRIAN LUBIS MARDIO PUTRA","SECABA","DIKMABA TA 2026","Siswa Bintara","Kompi B","Peleton 3","L","KODAM III/SLW - KODIM 0624/KAB BANDUNG","BANDUNG","2006-08-07","O","169","65","120/80","Siap Latih","Stakes II (Baik)","TENSI II: 102/61 MMHG 82 X/MENIT; BEDAH BAWAH II: VARISES GRADE I; KULIT II: BM <10 CM; LAB II: LDL 117","Aktif","116","42","PSI 3","CKM","64.8","MS","2360","39","18","100","41","100","37","70","18.9","70","90","GD","MS","22","47.4","51.12","030.0356/CABA-III/2026","085974281083","AAL7MPGAMING@GMAIL.COM","SMAN 25 BANDUNG","MARDIO","POLRI","0821-2911-2393","KOMPLEK GRIYA BANDUNG INDAH BLOK K8 NO 22 RT 07 RW 13 DS BUAHBATU KEC. BOJONGSOANG KAB BANDUNG"
"226","3205042103060005","2026-SECABA-226","MUHAMMAD FARREL FAWWAZ SETIAWAN","SECABA","DIKMABA TA 2026","Siswa Bintara","Kompi B","Peleton 3","L","KODAM III/SLW - KODIM 0611/GARUT","GARUT","2006-03-20","O","176","65","130/80","Siap Latih","Stakes II (Baik)","TENSI II: 122/63 MMHG 62 X/MENIT; KULIT II: BM <10 CM, HPI; MATA II: VODS 6/9 S-0.50 6/6; LAB II: LDL 115","Aktif","96","41","PSI 3","KAV","65.21","MS","2600","52","7","45","40","95","37","70","18","79","93","GD","MS","22.4","48.6","50.68","030.0063/CABA-III/2026","08884504846","FARRELFAWWAZ0829@GMAIL.COM","SMA MUHAMMADIYAH 1 GARUT","IWAN SETIAWAN","WIRASWASTA","081323696014","PERUM BUMI TAROGONG BLOK C NO 4 RT 01 RW 11 KEL RANCABANGO KEC TAROGONG KALER KAB GARUT"
"227","3216112707080001","2026-SECABA-227","WACHID NURIZA HABIEBIE","SECABA","DIKMABA TA 2026","Siswa Bintara","Kompi B","Peleton 3","L","KODAM III/SLW - KODIM 0606/KOTA BOGOR","BEKASI","2008-07-27","O","165","58","120/80","Berobat Jalan","Stakes III (Kurang/Dispen)","TENSI III: 138/77 MMHG 79 X/MENIT; MATA III: VODS 6/18 S-1.25 6/6; BEDAH BAWAH II: VARISES GRADE I; LAB II: LDL 109","Sakit","125","70","PSI 2","INF, CKM","71.45","TMS1","2850","65","12","70","40","95","43","100","17.2","87","26","BG","MS","22","49.2","57.34","030.0352/CABA-III/2026","085864849863","WACHIDNURIZA234@GMAIL.COM","SMK KHAS KEMPEK BERBASIS PESANTREN","ABDUL MUNIF","KARYAWAN SWASTA","085715221129","JL. KRISTAL V/M5/18 PERUM CIKTIM/KEC.CIKARANG TIMUR/KAB. BEKASI"
"228","3277021006030002","2026-SECABA-228","REYHAN WISNU FEBRIAN","SECABA","DIKMABA TA 2026","Siswa Bintara","Kompi B","Peleton 3","L","KODAM III/SLW - KODIM 0609/CIMAHI","BANDUNG","2003-06-10","O","174","68","120/80","Siap Latih","Stakes II (Baik)","BEDAH BAWAH II: VARISES GRADE I; KULIT II: AVR DI WAAJAH, PUNGGUNG; MATA II: VODS 6/10 S-0.75 6/6; LAB II: LDL 126","Aktif","98","70","PSI 2","INF, CKE","57.39","TMS1","2520","48","5","35","41","100","25","28","18.3","76","89","GD","MS","24","46.8","56.82","030.0022/CABA-III/2026","082197686727","MIKEYSMINND@GMAIL.COM","SMAN 10 BANDUNG","SUTARTO","TNI-AD","082127832504","KOMPLEK MICROWAVE NO.8 KALIDAM RT 001/ RW 012 KEL.KARANGMEKAR KEC.CIMAHI TENGAH KOTA CIMAHI"
"229","3204070103080001","2026-SECABA-229","DIMAS ANAS MALIKI","SECABA","DIKMABA TA 2026","Siswa Bintara","Kompi B","Peleton 3","L","KODAM III/SLW - KODIM 0605/SUBANG","BANDUNG","2008-03-01","O","181","78","110/80","Berobat Jalan","Stakes III (Kurang/Dispen)","TENSI III: 132/77 MMHG 73 X/MENIT; GIGI III: 48 FOOD IMPAKSI; LAB III: ASAM URAT 7.8; KULIT II: AVR DI WAJAH DAN PUNGGUNG; MATA II: VODS 6/9 S-0.50 6/6","Sakit","103","66","PSI 2","CKM, INF","59.44","TMS1","2587","51","8","50","39","90","25","28","18","79","87","GD","MS","22","46.8","54.5","030.0065/CABA-III/2026","081320409652","DIMASMALIKI57@GMAIL.COM","SMAN 1 SUBANG","AGUS HERDIYANA (ALM)/DEWI SRI MULYANI","POLRI","0821-1745-1998","BLOK SUKAMEKAR RT 29 RW 19 KEL CIGADUNG KEC SUBANG KAB SUBANG"
"230","3205062111070005","2026-SECABA-230","SABIL MUHAMAD DZIYAUL HAQQI","SECABA","DIKMABA TA 2026","Siswa Bintara","Kompi B","Peleton 3","L","KODAM III/SLW - KODIM 0611/GARUT","GARUT","2007-11-21","O","172","54","120/80","Berobat Jalan","Stakes III (Kurang/Dispen)","IMT III: 18.23 BB -5.24 KG; TENSI II: 110/70 MMHG 86 X/MENIT; MATA II: VODS 6/9 S-0.50 6/6; LAB II: HDL 36","Sakit","105","61","PSI 2","KAV, INF","72.45","TMS1","2780","61","17","95","41","100","43","100","18.6","73","36","GD","MS","24","50.4","51.98","030.0103/CABA-III/2026","083188825495","SABILMDH@GMAIL.COM","MA PERSIS LEMPONG","SUHERMAN","GURU HONORER","089518364190","KP SALAGEDANG KIDUL RT 03 RW 13 DESA SUKARAJA KEC. BANYURESMI. KAB GARUT"
"231","3602142409070006","2026-SECABA-231","DINO RAMDHAN SEPTIYADI","SECABA","DIKMABA TA 2026","Siswa Bintara","Kompi B","Peleton 3","L","KODAM III/SLW - KODIM 0603/LEBAK","LEBAK","2007-09-24","O","177","65","110/70","Siap Latih","Stakes II (Baik)","TENSI II: 130/72 MMHG 67 X/MENIT; KULIT II: AVR DI WAJAH DAN PUNGGUNG; MATA II: VOD 6/10 S-0.75 6/6 VOS 6/9 S-0.50 6/6; LAB II: ASAM URAT 7.5","Aktif","77","61","PSI 2","CKM, INF","53.55","TMS1","2570","50","11","65","30","49","32","49","17.8","81","36","BG","MS","23.6","44.4","51.28","030.0233/CABA-III/2026","085778232357","RAMDHANDINOO556@GMAIL.COM","SMAN 3 RANGKASBITUNG","AAM KAMAL (ALM)/DEDEH ROSDIANA (ALMH)/MUSLIH ANWAR","PURN. TNI-AD/IRT","087773666461","JL. IR HJ. JUANDA NO 120. RT.03 RW.14 MUARA CIUJUNG TIMUR KEC. RANGKASBITUNG KAB. LEBAK PROV. BANTEN"
"232","5206080109080001","2026-SECABA-232","AFRIJIN ARKA SAMPUTRA","SECABA","DIKMABA TA 2026","Siswa Bintara","Kompi B","Peleton 3","L","KODAM III/SLW - KODIM 0609/CIMAHI","LANGGENTU","2008-09-01","O","164","57","110/80","Siap Latih","Stakes II (Baik)","TENSI II: 130/67 MMHG 76 X/MENIT; LAB II: HDL 42; THORAX II: CORAKAN BRONCHOVASCULER BERLEBIH","Aktif","91","59","PSI 3","INF","81.99","MS","2865","66","18","100","41","100","43","100","17.6","83","92","GD","TMS1","22","39","68.2","030.0097/CABA-III/2026","08132775066","AFRIJINARKAS@GMAIL.COM","SMAN 1 DONGGO","HERMAN","PETANI","082341460121","BLOK KOAMDO NO.18 PUSDIKLATPASSUS KOPASSUS RT 003/ RW 007 GALANGGANG BATUJAJAR BANDUNG BARAT"
"233","3205061404080002","2026-SECABA-233","RIZKI ABDUSSALAM","SECABA","DIKMABA TA 2026","Siswa Bintara","Kompi B","Peleton 3","L","KODAM III/SLW - KODIM 0611/GARUT","GARUT","2008-04-14","O","167","60","120/80","Berobat Jalan","Stakes III (Kurang/Dispen)","GIGI III: 38 48 FOOD IMPAKSI CROWDED ANT RA RINGAN; LAB III: ASAM URAT 7.9; TENSI II: 125/70 MMHG 66 X/MENIT; BEDAH BAWAH II: VARISES GRADE I; EKG II: RAD","Sakit","96","62","PSI 2","ARM, KAV","72.36","MS","2760","60","13","75","39","90","39","80","17.1","88","79","GD","TMS1","18.4","36.6","66.14","030.0208/CABA-III/2026","085861866523","KIKUKGANTENG94@GMAIL.COM","MAS FATHANUL BURHAN","USEP SUHERLAN","WIRASWASTA","083150078838","KP.BUNISARI RT 01/RW 08 DS BINAKARYA KEC.BANYURESMI KAB. GARUT"
"234","3205212501060001","2026-SECABA-234","MUHAMMAD RIFKI","SECABA","DIKMABA TA 2026","Siswa Bintara","Kompi B","Peleton 3","L","KODAM III/SLW - KODIM 0611/GARUT","GARUT","2006-01-25","O","166","51","110/70","Siap Latih","Stakes II (Baik)","IMT II: 18.53 BB -4.05 KG; TENSI II: 128/74 MMHG 77 X/MENIT; LAB II: LDL 108; EKG II: RAD","Aktif","98","40","PSI 4-1","CZI","83.34","MS","3020","74","18","100","41","100","40","85","18.1","78","92","GD","MS","22","48","57.34","030.0242/CABA-III/2026","082318893943","MUHAMMADRIFKI3232@GMAIL.COM","SMKN 9 GARUT","ASEP ISMAIL","WIRASWASTA","081313751227","KP RANCANURI RT 001 RW 002 DS SUKAMULYA KEC SUKARESMI KAB GARUT"
"235","3217080708070012","2026-SECABA-235","GABRIEL TAMBUNAN","SECABA","DIKMABA TA 2026","Siswa Bintara","Kompi B","Peleton 3","L","KODAM III/SLW - KODIM 0609/CIMAHI","BANDUNG","2007-08-07","O","166","57","120/80","Siap Latih","Stakes II (Baik)","TENSI II: 127/73 MMHG 74 X/MENIT; GIGI II: 35 36 37 BRIDGE; THORAX II: CORAKAN BRONCHOVASCULER BERLEBIH","Aktif","95","40","PSI 4-1","CKM","82.56","MS","2990","72","18","100","40","95","43","100","18.1","78","82","GD","MS","22","49.2","57.02","030.0360/CABA-III/2026","08212824725","GABRIELTAMBUN6N@GMAIL.COM","SMAN 2 PADALARANG","PERIS TAMBUNAN (ALM)/YANTO SIRINGO RINGO","IBU RUMAH TANGGA","085320300868","KPAD SEJAHTERA H 58 RT 04 RW21 DESA PADALARANG KEC.PADALARANG KAB. BANDUNG BARAT"
"236","3205311807070004","2026-SECABA-236","CIKAL RAHMAT ALROJAB","SECABA","DIKMABA TA 2026","Siswa Bintara","Kompi B","Peleton 3","L","KODAM III/SLW - KODIM 0611/GARUT","GARUT","2007-07-18","O","171","68","110/70","Siap Latih","Stakes II (Baik)","TENSI II: 130/78 MMHG 69 X/MENIT; GIGI II: 38 IMPAKSI; KULIT II: SCAR 3 CM","Aktif","80","39","PSI 4-1","INF","80.44","MS","2895","67","14","80","41","100","41","90","17","89","99","GD","MS","23.6","51.6","55.58","030.0401/CABA-III/2026","085862429470","CIKALRAHMAT84@GMAIL.COM","SMA ALMUSADADDIYAH GARUT","DENI ARMAN SUGILAR","PNS","085797052212","PERM TJARAKA SUKARATU RT 001 RW 001 DS SUKARATU KEC BANYURESMI KAB GARUT"
"237","3204282701060002","2026-SECABA-237","FARREL KHAIRUR RAJWA","SECABA","DIKMABA TA 2026","Siswa Bintara","Kompi B","Peleton 3","L","KODAM III/SLW - KODIM 0624/KAB BANDUNG","BANDUNG","2006-01-27","O","175","73","110/70","Berobat Jalan","Stakes III (Kurang/Dispen)","LAB III: ASAM URAT 7.8; TENSI II: 130/80 MMHG 68 X/MENIT; KULIT II: KERATOSIS PILARIS; HPI; MATA II: VODS 6/9 S-0.50 6/6","Sakit","96","40","PSI 4-1","CKM","74.7","MS","2785","62","8","50","41","100","41","90","17.1","88","99","GD","MS","22","48","53.88","030.0333/CABA-III/2026","088224547694","FARRELKHAIRUR@GMAIL.COM","SMAN 1 CICALENGKA","OPI AKHMAD SOPYAN","PNS","085220166060","KP.BANTARSARI RT03 RW10 DESA.CANGKUANG KEC.RANCAEKEK KAB.BANDUNG"
"238","3205010804050001","2026-SECABA-238","GAN GAN GUMELAR","SECABA","DIKMABA TA 2026","Siswa Bintara","Kompi B","Peleton 3","L","KODAM III/SLW - KODIM 0611/GARUT","GARUT","2005-04-08","O","170","56","110/70","Berobat Jalan","Stakes III (Kurang/Dispen)","BEDAH BAWAH III: VARISES GRADE II; IMT II: 19.32 BB -1.96 KG; KULIT II: AVR DI WAJAH; MATA II: VODS 6/9 S-0.50 6/6; EKG II: RAD","Sakit","88","39","PSI 4-1","CKM","75.44","MS","2730","59","14","80","39","90","43","100","17.8","81","94","GD","MS","22","47.4","53.58","030.0387/CABA-III/2026","08993932005","GUMELARGANGAN8@GMAIL.COM","SMAN 11 GARUT","MAMAN WARMAN","WIRASWASTA","088213222722","KP PEGADAIAN 1 RT 001 RW 003 DS CIWALEN KEC GARUT KOTA KAB GARUT"
"239","7472040109080001","2026-SECABA-239","MUH.RAHMAT RAMADHAN","SECABA","DIKMABA TA 2026","Siswa Bintara","Kompi B","Peleton 3","L","KODAM III/SLW - KODIM 0609/CIMAHI","BAU-BAU","2008-09-01","O","167","52","110/70","Berobat Jalan","Stakes III (Kurang/Dispen)","LAB III: LEKOSIT 12.440; IMT II: 18.58 BB -3.98 KG; KULIT II: BM <10 CM 1X2 CM, SCAR ALIS","Sakit","72","38","PSI 4-1","CKM","75.33","MS","2608","52","18","100","41","100","43","100","18.1","78","94","GD","MS","22.4","48.6","52.93","030.0096/CABA-III/2026","081342524068","RAHMATRAMADAN427@GMAIL.COM","SMAN 2 BAU-BAU","ARMIN","NELAYAN","0821-1841-4395","ASRAMA PUSDIKLATPASSUS BLOK KOMANDO NO.40 RT 4 RW 7 KEC BATUJAJAR KAB BANDUNG BARAT"
"240","3213031406060003","2026-SECABA-240","ALFI PUTRA YUDA","SECABA","DIKMABA TA 2026","Siswa Bintara","Kompi B","Peleton 3","L","KODAM III/SLW - KODIM 0605/SUBANG","SUBANG","2006-06-14","O","172","58","110/70","Siap Latih","Stakes II (Baik)","IMT II: 19.41 BB -1.74 KG; TENSI II: 102/63 MMHG 75 X/MENIT; GIGI II: 38 IMPAKSI CROWDED ANT RA RINGAN; KULIT II: NEVUS PIGMENTOSUS 1 X 1,5 CM DI PUNGGUNG; MATA II: VODS 6/9 S-0.50 6/6; LAB II: ASAM URAT 7.2 KOLESTEROL TOTAL 200 TRIGLISERIDA 186 LDL 126 HDL 42","Aktif","80","40","PSI 4-1","INF","70.44","MS","2410","42","18","100","41","100","43","100","17.2","87","80","GD","MS","20","46.2","52.18","030.0216/CABA-III/2026","0823-1762-8242","ALFIPUTRAYUDA457@GMAIL.COM","SMAN 2 SUBANG","DEDE NATAYUDA","WIRASWASTA","0812-3490-1047","JL KAPTEN PIERE TENDEAN BLOK SUKAHURIP RT51 RW04 KEL DANGDEUR KEC/KAB SUBANG"
"241","3203010105080008","2026-SECABA-241","M. RIFFKI","SECABA","DIKMABA TA 2026","Siswa Bintara","Kompi B","Peleton 3","L","KODAM III/SLW - KODIM 0608/CIANJUR","CIANJUR","2008-05-01","O","170","55","120/80","Berobat Jalan","Stakes III (Kurang/Dispen)","LAB III: LEKOSIT 12.040; IMT II: 19.05 BB -2.73 KG; TENSI II: 119/62 MMHG 75 X/MENIT; BEDAH BAWAH II: VARISES GRADE I; KULIT II: AVR DI WAJAH; EKG II: RAD","Sakit","98","40","PSI 4-1","CKM","68.89","MS","2700","57","15","85","41","100","35","60","18.1","78","69","GD","MS","24","48.6","51.56","030.0076/CABA-III/2026","0895402683324","MRIFFKI0@GMAIL.COM","SMAN 2 CIANJUR","JONEDI","WIRAUSAHA","08194257624","TUGU RESIDENCE JL.TULIP A6 RT 001 RW 023 KEL. SAYANG KEC. CIANJUR KAB. CIANJUR"
"242","3203312107100003","2026-SECABA-242","BAGAS SAFWAN ARASYID BUDIMAN","SECABA","DIKMABA TA 2026","Siswa Bintara","Kompi B","Peleton 3","L","KODAM III/SLW - KODIM 0624/KAB BANDUNG","BANDUNG","2008-07-22","O","169","62","120/80","Siap Latih","Stakes II (Baik)","TENSI II: 128/66 MMHG 62 X/MENIT; BEDAH BAWAH II: VARISES GRADE I; LAB II: KOLESTEROL TOTAL 214 LDL 144","Aktif","83","40","PSI 4-1","INF","68.66","MS","2775","61","16","90","35","70","37","70","19.2","67","78","GD","MS","23.6","50.4","51.46","030.0087/CABA-III/2026","081223984787","SAFWANARRASYDBAGAS@GMAIL.COM","SMAN 1 BALEENDAH","BUDI EKA BUDIMAN","PNS","0853-1429-5678","KAVLING RANCAEMAS BLOK K6/RT4/RW19. DESA RANCAMANYAR KEC. BALEENDAH KAB. BANDUNG"
"243","3212272202080001","2026-SECABA-243","DEVIN AZHAR FEBRYAN","SECABA","DIKMABA TA 2026","Siswa Bintara","Kompi B","Peleton 3","L","KODAM III/SLW - KODIM 0616/INDRAMAYU","CIREBON","2008-02-22","O","179","75","120/70","Berobat Jalan","Stakes III (Kurang/Dispen)","LAB III: ASAM URAT 7.8; TENSI II: 130/80 MMHG 68 X/MENIT; BEDAH BAWAH II: VARISES GRADE I; KULIT II: STRIAE; MATA II: VODS 6/9 S-0.50 6/6","Sakit","75","39","PSI 4-1","CKM","68.74","MS","2486","46","12","70","39","90","43","100","18","79","99","GD","MS","22.8","48.6","50.9","030.0114/CABA-III/2026","0823‑1992‑5314‬","BANTALGULING240@GMAIL.COM","SMA 1 SUKAGUMIWANG","RIDWAN NARDIYAH","PURN. TNI-AD","0895-3563-26856","BLOK PILBOK RT003 RW001 DESA CIBEBER KECAMATAN SUKAGUMIWANG KABUPATEN INDRAMAYU"
"244","1601141610060002","2026-SECABA-244","M. ADITYA RAMADHAN","SECABA","DIKMABA TA 2026","Siswa Bintara","Kompi B","Peleton 3","L","KODAM III/SLW - KODIM 0601/PANDEGLANG","BATURAJA","2006-10-16","O","172","57","130/80","Berobat Jalan","Stakes III (Kurang/Dispen)","TENSI III: 135/89 MMHG 83 X/MENIT; IMT II: 19.31 BB -2.03 KG; GIGI II: OPEN BITE 1 MM; BEDAH BAWAH II: VARISES GRADE I; LAB II: TRIGLISERIDA 167; THORAX II: CORAKAN BRONCHOVASCULER BERLEBIH","Sakit","95","36","PSI 4-1","CKM","72.64","MS","2722","58","18","100","37","80","38","75","18.3","76","93","GD","MS","22","49.2","50.66","030.0315/CABA-III/2026","085809344651","MADITIAR74@GMAIL.COM","SMAN 5 OKU","MAKMUN (ALM)/EFI SUSYANTI","IBU RUMAH TANGGA","08211477807","ASRAMA YONIF 320 RT 03 RW 02 DS. CADASARI KEC. CADASARI KAB. PANDEGLANG"
"245","3273242604070002","2026-SECABA-245","DENDI ADRIANSAH","SECABA","DIKMABA TA 2026","Siswa Bintara","Kompi B","Peleton 3","L","KODAM III/SLW - KODIM 0618/KOTA BANDUNG","BANDUNG","2007-04-26","O","170","69","110/70","Berobat Jalan","Stakes III (Kurang/Dispen)","LAB III: LEKOSIT 14.910 SEDIMEN URINE LEKOSIT 5-10/LPB ERITROSIT 3-5/LPB; KULIT II: HPI; MATA II: VODS 6/9 S-0.50 6/6; EKG II: RAD","Sakit","105","36","PSI 4-1","KAV","64.29","MS","2780","61","8","50","37","80","36","65","17.9","80","59","GD","MS","24","47.4","47.32","030.0295/CABA-III/2026","082117411311","ADRIANDENDI03@GMAIL.COM","SMAN 16 BANDUNG","CECE SUHERMAN","KARYAWAN SWASTA","0822-9899-8810","JL.PARAKANSAAT NO.18 RT.02 RW.11 KEL.CISARANTEN ENDAH KEC. ARCAMANIK KOTA BANDUNG"
"246","3217102101080006","2026-SECABA-246","MUHAMMAD HAFIDZ ADDYNANDA","SECABA","DIKMABA TA 2026","Siswa Bintara","Kompi B","Peleton 4","L","KODAM III/SLW - KODIM 0609/CIMAHI","BANDUNG","2008-01-21","O","184","75","110/80","Siap Latih","Stakes II (Baik)","TENSI II: 108/68 MMHG 72 X/MENIT; BEDAH BAWAH II: VARISES GRADE I, X BEEN 5 CM; MATA II: VODS 6/9 S-0.50 6/6","Aktif","86","39","PSI 4-1","KAV","53.08","MS","2350","39","7","45","41","100","27","34","18","79","65","GD","MS","22.8","48","44.63","030.0059/CABA-III/2026","085862198954","MUHAMMADHAFIDZADDYNANDA@GMAIL.COM","SMAN 1 CILILIN","DODDY SYAMSUDIE","TNI-AD","0838-2245-8609","KP.CILAMBUUH RT.005 RW.008 DESA MEKARJAYA KECAMATAN CIHAMPELAS KABUPATEN BANDUNG BARAT BARAT"
"247","3201162010070008","2026-SECABA-247","MUHAMMAD DAFFA RADITYANSYAH","SECABA","DIKMABA TA 2026","Siswa Bintara","Kompi B","Peleton 4","L","KODAM III/SLW - KODIM 0618/KOTA BANDUNG","BOGOR","2007-10-28","O","166","52","130/80","Siap Latih","Stakes IV (Tidak Memenuhi Syarat)","LAB IV/TMS1: ASAM URAT 8.2; IMT II: 18.80 BB -3.31 KG; GIGI II: CROWDED ANT RB RA RINGAN; EKG II: RAD; THORAX II: CORAKAN BRONCHOVASCULER BERLEBIH","Aktif","121","68","PSI 2","CKM, INF","78.16","MS","2778","61","18","100","37","80","43","100","17","89","92","GD","MS","23.6","51.6","72.06","030.0045/CABA-III/2026","082117959687","DAFFARADIT77@GMAIL.COM","SMAN 8 BANDUNG","HADI ISKANDAR","WIRAUSAHA","085602306392","JL. AQUARIUS II NO. 14 RT 09/RW 06 KEL. GUMURUH KEC. BATUNUNGGAL KOTA BANDUNG"
"248","3204373009070003","2026-SECABA-248","RAHMADHANI SETYA ARIYANTO","SECABA","DIKMABA TA 2026","Siswa Bintara","Kompi B","Peleton 4","L","KODAM III/SLW - KODIM 0624/KAB BANDUNG","BANDUNG","2007-09-30","O","168","64","120/80","Siap Latih","Stakes IV (Tidak Memenuhi Syarat)","LAB IV/TMS1: HDL 33; TENSI II: 121/72 MMHG 70 X/MENIT; KULIT II: HPI; MATA II: VODS 6/9 S-0.50 6/6; EKG II: RAD","Aktif","109","66","PSI 2","INF, CKM","78.75","MS","2865","66","16","90","41","100","43","100","17.7","82","72","GD","MS","22","46.2","71.1","030.0038/CABA-III/2026","08814513654","RAHMADHANISETYAA@GMAIL.COM","SMAN 1 MARGAHAYU","BIMO ARIYANTO","TNI-AU","081224169202","CINGCIN PERMATA INDAH GA NO.6 RT 006 RW 018 DESA CINGCIN KEC. SOREANG KAB. BANDUNG"
"249","3205193006080003","2026-SECABA-249","DENIS SUHADA","SECABA","DIKMABA TA 2026","Siswa Bintara","Kompi B","Peleton 4","L","KODAM III/SLW - KODIM 0611/GARUT","GARUT","2008-06-30","O","168","63","120/80","Siap Latih","Stakes IV (Tidak Memenuhi Syarat)","LAB IV/TMS1: ASAM URAT 9.0; TENSI II: 123/67 MMHG 78 X/MENIT; KULIT II: HPI, AVR DI WAJAH DAN PUNGGUNG; EKG II: SINUS ARITMIA","Aktif","98","61","PSI 2","CKE, INF","85.56","MS","2990","72","18","100","41","100","43","100","17","89","94","GD","MS","22","48","70.82","030.0027/CABA-III/2026","083114728943","DENISSUHADA0@GMAIL.COM","SMKN 10 GARUT","ROMLI SAMSURI (ALM)/CASINIH","IBU RUMAH TANGGA","0831939927678","KP PASANGRAHAN RT 04 RW 03 DS PASANGRAHAN KEC CILAWU KAB GARUT"
"250","3204060610070002","2026-SECABA-250","FIRMAN MUHAMAD RAMADHAN","SECABA","DIKMABA TA 2026","Siswa Bintara","Kompi B","Peleton 4","L","KODAM III/SLW - KODIM 0624/KAB BANDUNG","BANDUNG","2007-10-06","O","173","63","110/70","Siap Latih","Stakes IV (Tidak Memenuhi Syarat)","LAB IV/TMS1: ASAM URAT 8.4; TENSI II: 120/77 MMHG 60 X/MENIT; BEDAH BAWAH II: VARISES GRADE I; KULIT II: URTIKARIA  LAKCYSTA","Aktif","108","63","PSI 2","KAV, ARM","79.88","MS","2795","62","16","90","41","100","43","100","17.5","84","99","GD","MS","20","46.8","69.75","030.0317/CABA-III/2026","085776043318","FIRMANMUHAMAD0610@GMAIL.COM","SMAN 14 BANDUNG","SUHENDRO","BURUH HARIAN LEPAS","085221133441","KP.BOJONG KACOR RT 01/RW 01 KEL.CIBEUNYING KEC.CIMEUNYAN KAB BANDUNG"
"251","3277020605080001","2026-SECABA-251","FADHIL IBNU REFI","SECABA","DIKMABA TA 2026","Siswa Bintara","Kompi B","Peleton 4","L","KODAM III/SLW - KODIM 0609/CIMAHI","CIMAHI","2008-05-06","O","168","59","100/70","Siap Latih","Stakes IV (Tidak Memenuhi Syarat)","LAB IV/TMS1: HDL 32; TENSI II: 127/74 MMHG 64 X/MENIT","Aktif","109","61","PSI 2","KAV, INF","79.98","MS","2890","67","16","90","41","100","41","90","18.5","74","100","GD","MS","22.4","46.2","68.59","030.0299/CABA-III/2026","089678140800","FADHILIBNU595@GMAIL.COM","SMAN 2 CIMAHI","RONI HERMAN","TNI-AD","0821-3071-0724","KP.BABAKAN KIDUL NO 49 RT 07 RW 14 KEL CIGUGUR TENGAH KEC CIMAHI TENGAH KOTA CIMAHI"
"252","1105012808080009","2026-SECABA-252","MUHAMMAD FARHAN SOPIAN SORI","SECABA","DIKMABA TA 2026","Siswa Bintara","Kompi B","Peleton 4","L","KODAM III/SLW - KODIM 0610/SUMEDANG","ACEH SELATAN","2008-08-28","O","169","62","120/80","Siap Latih","Stakes IV (Tidak Memenuhi Syarat)","LAB IV/TMS1: ASAM URAT 8.7; BEDAH BAWAH III: VARISES GRADE II; TENSI II: 127/75 MMHG 74 X/MENIT; GIGI II: CROWDED ANT RA RINGAN; MATA II: VOS 6/9 S-0.50 6/6; EKG II: RAD","Aktif","114","65","PSI 2","INF, CZI","72.84","MS","2665","55","11","65","40","95","43","100","17.6","83","95","GD","MS","20","45.6","68.14","030.0409/CABA-III/2026","08987898809","KACANGCOKLATKACANG@GMAIL.COM","SMAN CIMANGGUNG","IIM SOPIAN SORI","TNI-AD","085221096177","DSN.SUKANEGLA RT 03/RW 08 DESA PASIRNANJUNG KEC.CIMANGGUNG KAB. SUMEDANG"
"253","3278051305080005","2026-SECABA-253","ARIQ ZAKWAN NAUFAL","SECABA","DIKMABA TA 2026","Siswa Bintara","Kompi B","Peleton 4","L","KODAM III/SLW - KODIM 0612/TASIKMALAYA","SUMEDANG","2008-05-13","O","171","55","120/80","Siap Latih","Stakes IV (Tidak Memenuhi Syarat)","LAB IV/TMS1: ASAM URAT 8.1; IMT II: 18.85 BB -3.35 KG; GIGI II: CROWDED ANT RA RINGAN; BEDAH BAWAH II: VARISES GRADE I; MATA II: VODS 6/9 S-0.50 6/6","Aktif","98","66","PSI 2","INF, ARH","71.06","MS","2650","54","14","80","41","100","40","85","18.3","76","84","GD","MS","18.4","46.8","68.02","030.0173/CABA-III/2026","08981299713","ZAKWANARIQ26@GMAIL.COM","SMAN 7 TASIKMALAYA","HUDI HANDRIYANTO","TNI-AD","0823-1880-1432","JL.PAGADEN PERUM BUMI CITRA PAGADEN BLOK G 41 RT 01/RW 13 KEL.GUNUNG TANDALA/KEC.KAWALU KOTA TASIKMALAYA"
"254","3205072907040001","2026-SECABA-254","FATTAN MUZAFAR FAIZ","SECABA","DIKMABA TA 2026","Siswa Bintara","Kompi B","Peleton 4","L","KODAM III/SLW - KODIM 0611/GARUT","GARUT","2004-07-29","O","171","77","110/70","Siap Latih","Stakes IV (Tidak Memenuhi Syarat)","LAB IV/TMS1: HDL 32; IMT II: 26.49 BB +4.32 KG; TENSI II: 116/60 MMHG 71 X/MENIT; KULIT II: AVR DI WAJAH","Aktif","116","64","PSI 2","KAV, INF","71.53","MS","2560","50","14","80","41","100","43","100","18.5","74","92","GD","MS","24","48","67.01","030.0449/CABA-III/2026","085722377502","F.M.FAIZ29@GMAIL.COM","SMA ISLAM CIPASUNG","ROHMANA","TNI-AD","08963544470","KP BONGKOR RT 002 RW 003 DS SAMARANG KEC SAMARANG KAB GARUT"
"255","3204171106070001","2026-SECABA-255","DANDA HADIANSYAH","SECABA","DIKMABA TA 2026","Siswa Bintara","Kompi B","Peleton 4","L","KODAM III/SLW - KODIM 0624/KAB BANDUNG","BANDUNG","2007-06-11","O","173","59","110/70","Siap Latih","Stakes IV (Tidak Memenuhi Syarat)","LAB IV/TMS1: HEMOGLOBIN 18.9; TENSI III: 137/83 MMHG 88 X/MENIT; IMT II: 19.83 BB -0.51 KG; KULIT II: SCAR 7 CM","Aktif","113","66","PSI 2","INF, CKM","68.14","MS","2685","56","12","70","41","100","35","60","18.2","77","84","GD","MS","22","45","66.86","030.0078/CABA-III/2026","083197136445","DANDAHADIANSYAH1@GMAIL.COM","SMAN 1 BANJARAN","DENY HADIAN","BURUH HARIAN LEPAS","083186992065","KOMP.GRIYA JAGABAYA INDAH BLOCK C5 NO6 RT03/RW13 DESA JAGABAYA KEC.CIMAUNG KAB.BANDUNG"
"256","3273132809060001","2026-SECABA-256","FARIS FAZA RAMADHAN","SECABA","DIKMABA TA 2026","Siswa Bintara","Kompi B","Peleton 4","L","KODAM III/SLW - KODIM 0618/KOTA BANDUNG","BANDUNG","2006-09-28","O","170","58","130/80","Siap Latih","Stakes IV (Tidak Memenuhi Syarat)","LAB IV/TMS1: ASAM URAT 8.2; TENSI II: 128/71 MMHG 66 X/MENIT; BEDAH BAWAH II: VARISES GRADE I; KULIT II: AVR DI WAJAH, DADA, DAN PUNGGUNG; EKG II: LAD","Aktif","125","67","PSI 2","ARH, INF","66.58","MS","2452","44","14","80","41","100","43","100","17.3","86","56","GD","MS","22","45","66.83","030.0410/CABA-III/2026","081221287210","FARISFAZA2949@GMAIL.COM","SMAN 22 BANDUNG","BUDIYANTO HARIPRASTOWO","PURN. TNI-AD","081213489415","JLN.SALAK NO2. ASRAMA YON KAV 4/SRB. RT011. RW008. KEL.LINGKAR SELATAN. KEC.LENGKONG. KOTA BANDUNG"
"257","3204300802050002","2026-SECABA-257","GAUTAMA LAKSAMANA FEBRIO","SECABA","DIKMABA TA 2026","Siswa Bintara","Kompi B","Peleton 4","L","KODAM III/SLW - KODIM 0624/KAB BANDUNG","BANDUNG","2005-02-08","O","170","67","110/70","Siap Latih","Stakes IV (Tidak Memenuhi Syarat)","LAB IV/TMS1: ASAM URAT 8.6; TENSI II: 116/67 MMHG 60 X/MENIT; BEDAH II: POST OPS VARICOCELE SINISTRA 2025; KULIT II: AVR DI PUNGGUNG; EKG II: ICRBBB","Aktif","108","67","PSI 2","INF, CZI","65.71","MS","2530","48","9","55","40","95","43","100","17.2","87","62","GD","MS","22","50.4","66.48","030.0379/CABA-III/2026","081235010830","GAUTAMALAKSAMANAFEBRIO@GMAIL.COM","SMAN 1 CIPARAY","KODRAT TEPI MULYANA","PURN. TNI-AD","085294075106","KP SIRNAWANGI RT 03 / RW 06 DESA MARUYUNG KEC PACET KAB BANDUNG"
"258","3601213005070001","2026-SECABA-258","M. ABIL AL BANANI","SECABA","DIKMABA TA 2026","Siswa Bintara","Kompi B","Peleton 4","L","KODAM III/SLW - KODIM 0601/PANDEGLANG","PANDEGLANG","2007-05-30","O","171","69","110/80","Siap Latih","Stakes IV (Tidak Memenuhi Syarat)","LAB IV/TMS1: HDL 34; TENSI III: 133/82 MMHG 62 X/MENIT; KULIT II: STRIAE","Aktif","93","60","PSI 3","INF","71.69","MS","2400","41","18","100","41","100","43","100","17.2","87","97","GD","MS","25.2","48.6","64.68","030.0017/CABA-III/2026","081297951097","ABILALBANANA@GMAIL.COM","SMA TARUNA NUSANTARA INDONESIA","H APID NURDIN","WIRASWASTA","0812849555550","KP. PAGERSARI RT 01 RW 03 DS. PANDEGLANG KEC. PANDEGLANG KAB. PANDEGLANG"
"259","3206153105080002","2026-SECABA-259","PRIYA RAINA ARUNDIA","SECABA","DIKMABA TA 2026","Siswa Bintara","Kompi B","Peleton 4","L","KODAM III/SLW - KODIM 0612/TASIKMALAYA","TASIKMALAYA","2008-05-31","O","175","66","120/80","Siap Latih","Stakes IV (Tidak Memenuhi Syarat)","LAB IV/TMS1: HDL 33; TENSI II: 100/60 MMHG 67 X/MENIT","Aktif","100","58","PSI 3","CKE","68.46","MS","2690","57","11","65","40","95","36","65","17.9","80","85","GD","MS","24","46.8","62.18","030.0074/CABA-III/2026","082120052736","PRIYARAINA865@GMAIL.COM","SMKS AL-HUDA SARIWANGI","BUDIANA","GURU","0852-2314-3605","KP LINGGASARI RT05 RW01 DES PUSPASARI KEC PUSPAHIANG KAB TASIKMALAYA"
"260","3604011710050130","2026-SECABA-260","MUHAMAD RAYA PASHA RAMADHAN","SECABA","DIKMABA TA 2026","Siswa Bintara","Kompi B","Peleton 4","L","KODAM III/SLW - KODIM 0602/SERANG","SERANG","2005-10-17","O","167","61","120/80","Siap Latih","Stakes IV (Tidak Memenuhi Syarat)","LAB IV/TMS1: HDL 33; TENSI III: 132/65 MMHG 63 X/MENIT; BEDAH BAWAH III: VARISES GRADE II; MATA II: VOS 6/9 S-0.50 6/6","Aktif","98","60","PSI 3","INF","60.11","MS","2540","49","10","60","37","80","35","60","18.2","77","69","GD","MS","24","49.2","60.04","030.0366/CABA-III/2026","0812196598387","MUHAMADRAYAPR17@GMAIL.COM","SMAN 3 KOTA SERANG","WILMEN","WIRASWASTA","081219913038","JL 45 GG BHINIKA KAUJON BARU RT 03 RW 13 KEL SERANG KEC SERANG KOTA SERANG"
"261","3215060907080002","2026-SECABA-261","ARYA SUKMADIJAYA","SECABA","DIKMABA TA 2026","Siswa Bintara","Kompi B","Peleton 4","L","KODAM III/SLW - KODIM 0604/KARAWANG","KARAWANG","2008-07-09","O","164","73","120/80","Siap Latih","Stakes IV (Tidak Memenuhi Syarat)","LAB IV/TMS1: HDL 31; IMT III: 27.17 BB +5.84 KG; KULIT III: HIPERHIDROSIS RINGAN, HPI, SKABIES; TENSI II: 124/68 MMHG 83 X/MENIT","Aktif","91","55","PSI 3","INF","64.44","MS","2400","41","8","50","41","100","43","100","18.2","77","92","GD","MS","22","51","58.78","030.0455/CABA-III/2026","085284449742","SUKMADIJAYAARYA46@GMAIL.COM","SMK KHAS KEMPEK BERBASIS PESANTREN","TARWIN","BURUH HARIAN LEPAS","085780046925","DUSUN JATIMULYA RT 017 RW 004 DS.KALANGSARI KEC. RENGASDENGKLOK KAB. KARAWANG"
"262","3278050610070006","2026-SECABA-262","ARYA ILHAM MAULANA","SECABA","DIKMABA TA 2026","Siswa Bintara","Kompi B","Peleton 4","L","KODAM III/SLW - KODIM 0612/TASIKMALAYA","TASIKMALAYA","2007-10-06","O","167","51","130/80","Siap Latih","Stakes IV (Tidak Memenuhi Syarat)","LAB IV/TMS1: ASAM URAT 8.8; IMT III: 18.35 BB -4.58 KG; GIGI III: 38 FOOD IMPAKSI 48 IMPAKSI; TENSI II: 116/72 MMHG 84 X/MENIT; BEDAH BAWAH II: VARISES GRADE I; KULIT II: PV DI PUNGGUNG; EKG II: RAD","Aktif","125","49","PSI 3","INF","71.39","MS","2620","53","14","80","41","100","38","75","17.5","84","94","GD","MS","24","48","57.96","030.0320/CABA-III/2026","083839763983","ARYA.ILHAM0405@GMAIL.COM","SMAN 7 KOTA TASIKMALAYA","ARIP NALASURYA","BURUH HARIAN LEPAS","085199270062","JL. AIR TANJUNG RT 01/RW 04 KEL. TANJUNG KEC. KAWALU KOTA TASIKMALAYA"
"263","3276090411060002","2026-SECABA-263","MARAYA SATRIO WIDODO","SECABA","DIKMABA TA 2026","Siswa Bintara","Kompi B","Peleton 4","L","KODAM III/SLW - KODIM 0606/KOTA BOGOR","BANDUNG","2006-11-04","O","174","56","120/80","Siap Latih","Stakes IV (Tidak Memenuhi Syarat)","LAB IV/TMS1: ASAM URAT 8.6; TENSI III: 132/66 71; IMT II: 18.41 BB -4.83 KG; MATA II: VOD 6/9 S-0.50 6/6; EKG II: ICRBBB","Aktif","116","43","PSI 3","CKM","78.53","MS","2790","62","18","100","41","100","40","85","18.2","77","99","GD","MS","18","47.4","57.21","030.0238/CABA-III/2026","0882018231691","MARAYASATRIOW@GMAIL.COM","SMAN 15 BANDUNG","AGUS WIDODO","WIRASWASTA","081219364343","PERUM GREEND GARDEN 2 BLOK D4 NO. 4 RT 05 RW 01 KEL. CINANGKA KEC. SAWANGAN KOTA DEPOK PROV. JABAR"
"264","3273160105050002","2026-SECABA-264","RIYAN ARDIYANSAH","SECABA","DIKMABA TA 2026","Siswa Bintara","Kompi B","Peleton 4","L","KODAM III/SLW - KODIM 0618/KOTA BANDUNG","BANDUNG","2005-04-01","O","166","63","120/80","Siap Latih","Stakes IV (Tidak Memenuhi Syarat)","LAB IV/TMS1: ASAM URAT 8.3; TENSI III: 139/85 MMHG 72 X/MENIT; MATA II: VODS 6/9 S-0.50 6/6; EKG II: ICRBBB","Aktif","100","42","PSI 3","CKM","59.28","MS","2450","44","9","55","41","100","35","60","18.8","71","73","GD","MS","22","47.4","48.91","030.0071/CABA-III/2026","0895344056767","RIYANARDIYANSAH05@GMAIL.COM","SMAN 16 BANDUNG","ARDI GUNITA","KARYAWAN SWASTA","0895-3348-35123","JLN SUKABAKTI RT02 RW13 KEL. SUKAPURA KEC KIARACONDONG KOTA BANDUNG"
"265","3213052303060005","2026-SECABA-265","MUHAMAD FATHAN RAKSA WIBAWA","SECABA","DIKMABA TA 2026","Siswa Bintara","Kompi B","Peleton 4","L","KODAM III/SLW - KODIM 0605/SUBANG","SUBANG","2006-03-23","O","171","63","100/70","Siap Latih","Stakes IV (Tidak Memenuhi Syarat)","LAB IV/TMS1: HEMOGLOBIN 19.0; TENSI III: 124/88 MMHG 65 X/MENIT; BEDAH BAWAH II: VARISES GRADE I; KULIT II: ACNE WAJAH, SCAR DI WAJAH; MATA II: VODS 6/9 S-0.50 6/6","Aktif","91","42","PSI 3","CPL","57.21","MS","2315","37","8","50","41","100","36","65","18.1","78","76","GD","MS","20","45","48.08","030.0159/CABA-III/2026","085642338951","M.FATHAN.R.W23@GMAIL.COM","SMKN 1 CIPENDEUY SUBANG","ASEP APRIYANTO","TNI-AU","081324667150","KMP BAKAN BUER RT019 RW006 DS KARANG HEGAR KEC PABUARAN KAB SUBANG"
"266","3604042507070003","2026-SECABA-266","LALU SANDHIKA WIRA BANGSA","SECABA","DIKMABA TA 2026","Siswa Bintara","Kompi B","Peleton 4","L","KODAM III/SLW - KODIM 0602/SERANG","SERANG","2007-07-25","O","174","65","130/80","Berobat Jalan","Stakes III (Kurang/Dispen)","TENSI III: 139/89 MMHG 105 X/MENIT; BEDAH BAWAH II: VARISES GRADE I; LAB II: LDL 151 HDL43","Sakit","125","71","PSI 2","CKM, ARM","51.28","TMS2","2080","24","14","80","30","49","37","70","18","79","92","GD","MS","20.8","47.4","49.9","030.0270/CABA-III/2026","081513189175","SANDHIWIRA4@GMAIL.COM","SMAN 3 KOTA SERANG","LALU SURYA JAYA","TNI-AD","085219806000","ASRAMA GRUP I KOPASSUS RT 02 RW 01 KEL. TAMANBARU KEC. TAKTAKAN KOTA SERANG"
"267","3205112010060001","2026-SECABA-267","LUHUT ALPANTORANG RAMBE","SECABA","DIKMABA TA 2026","Siswa Bintara","Kompi B","Peleton 4","L","KODAM III/SLW - KODIM 0611/GARUT","GARUT","2006-10-20","O","164","52","110/70","Siap Latih","Stakes II (Baik)","IMT II: 19.08 BB -2.49 KG","Aktif","118","69","PSI 2","INF, KAV","55.41","TMS2","2620","53","17","95","20","19","33","52","18.8","71","49","GD","MS","22","51.6","49.27","030.0041/CABA-III/2026","087716356307","LUHUTRAMBE20@GMAIL.COM","SMAN 1 GARUT","ILHAM MUSTAFA RAMBE","TNI-AD","085215497203","KP. SARKANJUT RT 02 RW 02 DS. DUNGUSIKU KEC. LEUWIGOONG KAB. GARUT"
"268","3204121006060005","2026-SECABA-268","ALFAN DWI CAHYO","SECABA","DIKMABA TA 2026","Siswa Bintara","Kompi B","Peleton 4","L","KODAM III/SLW - KODIM 0624/KAB BANDUNG","BANDUNG","2006-06-10","O","173","73","120/80","Berobat Jalan","Stakes III (Kurang/Dispen)","LAB III: ASAM URAT 7.8; TENSI II: 108/68 MMHG 68 X/MENIT; GIGI II: CROWDED ANT RA RINGAN; KULIT II: STRIAE; EKG II: LAD","Sakit","101","62","PSI 2","CZI, INF","53.05","TMS2","2641","54","4","30","39","90","15","","19.1","68","76","GD","MS","22","51","44.75","030.0024/CABA-III/2026","0857-2436-7411","WEEYPERSIB1933@GMAIL.COM","SMAN 1 DAYEUHKOLOT","EDY MARGIONO","PURN. TNI-AD","08121493851","ASRAMA YON ZIPUR 3 RT01 RW 06 KEC DAYEUHKOLOT DESA DAYEUHKOLOT KAB BANDUNG"
"269","3204252811070001","2026-SECABA-269","ARIES FADLIANSYAH","SECABA","DIKMABA TA 2026","Siswa Bintara","Kompi B","Peleton 4","L","KODAM III/SLW - KODIM 0624/KAB BANDUNG","BANDUNG","2007-11-28","O","169","59","100/70","Berobat Jalan","Stakes III (Kurang/Dispen)","LAB III: SEDIMEN URINE LEKOSIT 5-10/LPB; TENSI II: 104/60 MMHG 69 X/MENIT; GIGI II: 38 IMPAKSI","Sakit","106","67","PSI 2","INF, CKM","73.53","MS","2690","57","11","65","40","95","43","100","17.7","82","94","GD","TMS2","","24.6","69.61","030.0420/CABA-III/2026","083872677538","FADLIANSYAHARIES1@GMAIL.COM","SMAN 1 CICALENGKA","AAN SAPUTRA","BURUH HARIAN LEPAS","082315990045","KP.CINANGKA RT3/RW10 DESA CIKASUNGKA KEC.CIKANCUNG KAB.BANDUNG"
"270","3271053101080003","2026-SECABA-270","AL TALAL FADLY TATENI","SECABA","DIKMABA TA 2026","Siswa Bintara","Kompi B","Peleton 4","L","KODAM III/SLW - KODIM 0606/KOTA BOGOR","BOGOR","2008-01-31","O","168","62","110/70","Siap Latih","Stakes II (Baik)","TENSI II: 125/64 MMHG 60 X/MENIT; BEDAH II: HEMOROID EKTERNA NON SIRKULER; KULIT II: VULNUS EKSKORIATUM 3X5 CM, AVR DI PUNGGUNG; LAB II: HDL 44","Aktif","114","62","PSI 2","ARM, ARH","74.31","MS","2780","61","13","75","38","85","43","100","17.8","81","85","GD","TMS2","","23.4","66.92","030.0057/CABA-III/2026","0895322834096","ALDIALTALALFADLYTATENI@GMAIL.COM","SMAN 8 KOTA BOGOR","M.LAZARUS TATENI","KARYAWAN SWASTA","0882120979605","JLN.CIBURIAL 2 NO 60 RT 04 RW 04 KEL. CIPARIGI KEC. BOGOR UTARA KOTA BOGOR"
"271","3205261701080003","2026-SECABA-271","RAVA TRI RAIPAN","SECABA","DIKMABA TA 2026","Siswa Bintara","Kompi B","Peleton 4","L","KODAM III/SLW - KODIM 0611/GARUT","BANDUNG","2008-01-17","O","165","63","110/80","Berobat Jalan","Stakes III (Kurang/Dispen)","TENSI III: 139/68 MMHG 79 X/MENIT; LAB III: LEKOSIT 13.210; KULIT II: SKINTAG DI BOKONG","Sakit","113","61","PSI 2","CKM, INF","65.46","MS","2330","38","18","100","38","85","40","85","17.2","87","82","GD","TMS2","","32.4","62.78","030.0336/CABA-III/2026","085861691164","TRIRAIPANRAVA2@GMAIL.COM","SMAN 5 GARUT","SAEPUDIN","PURN. TNI-AD","082117644830","KP PABUARAN RT 005 RW 001 DS MANCAGAHAR KEC PAMENGPEK KAB GARUT"
"272","3205051808080001","2026-SECABA-272","ZAIDAN NASHOFA ABDUL FATAH","SECABA","DIKMABA TA 2026","Siswa Bintara","Kompi B","Peleton 4","L","KODAM III/SLW - KODIM 0611/GARUT","GARUT","2008-08-18","O","172","66","100/70","Berobat Jalan","Stakes III (Kurang/Dispen)","BEDAH BAWAH III: VARISES GRADE II; LAB III: LEKOSIT 13.050; TENSI II: 109/65 MMHG 75 X/MENIT; MATA II: VOD 6/10 S-0.75 6/6 VOS 6/9 S-0.50 6/6","Sakit","98","59","PSI 3","CKM","67.56","MS","2730","59","10","60","34","65","38","75","17.8","81","94","GD","TMS2","","24","62.42","030.0407/CABA-III/2026","085864185730","ZNASHOFA@GMAIL.COM","SMKN 10 GARUT","IRFAN MUHARAM","BURUH","089612941114","KP PEDES RT 003 RW 015 DS PATARUMAN KEC TAROGONG KIDUL KAB GARUT"
"273","3204080706070001","2026-SECABA-273","REYFAN ARIZSQI","SECABA","DIKMABA TA 2026","Siswa Bintara","Kompi B","Peleton 4","L","KODAM III/SLW - KODIM 0624/KAB BANDUNG","BANDUNG","2007-06-07","O","164","65","120/80","Berobat Jalan","Stakes III (Kurang/Dispen)","LAB III: ASAM URAT 7.9; TENSI II: 130/68 MMHG 68 X/MENIT; BEDAH BAWAH II: VARISES GRADE I; KULIT II: AVR DI WAJAH","Sakit","73","34","PSI 4-2","CKM","81.56","MS","2790","62","18","100","41","100","43","100","17","89","99","GD","MS","22.4","45.6","53.02","030.0346/CABA-III/2026","0821-2895-5614","REYFAN4531@GMAIL.COM","SMA BPPI BALEENDAH","NANA SUBARNA","WIRAUSAHA","085294840466","KP CIJERUK RT06 RW06 DES.BOJONGSARI KEC.BOJONGSOANG KAB. BANDUNG"
"274","3212271308080001","2026-SECABA-274","SYAMILL ARIF SYAHREZA","SECABA","DIKMABA TA 2026","Siswa Bintara","Kompi B","Peleton 4","L","KODAM III/SLW - KODIM 0616/INDRAMAYU","INDRAMAYU","2008-08-13","O","174","66","130/80","Berobat Jalan","Stakes III (Kurang/Dispen)","TENSI III: 139/84 MMHG 89 X/MENIT; THORAX II: CORAKAN BRONCHOVASCULER BERLEBIH","Sakit","90","34","PSI 4-2","CKM","63.15","MS","2530","48","13","75","41","100","34","55","18.9","70","78","GD","MS","22.4","42.6","45.66","030.0187/CABA-III/2026","085129351200","SYAREJA3@GMAIL.COM","SMAN1 SUKAGUMIWANG","SANIDI","WIRASWASTA","081285013060","BLOK BOJONG KULON RT10 RW01 DESA GUNUNG SARI KECAMATAN SUKAGUMIWANG KABUPATEN INDRAMAYU"
"275","3217090212060006","2026-SECABA-275","HARIS TRI WIJAYA","SECABA","DIKMABA TA 2026","Siswa Bintara","Kompi B","Peleton 4","L","KODAM III/SLW - KODIM 0609/CIMAHI","BANDUNG","2006-12-02","O","175","69","110/70","Siap Latih","Stakes IV (Tidak Memenuhi Syarat)","LAB IV/TMS2: ASAM URAT 9.1; TENSI III: 139/73 MMHG 75 X/MENIT; KULIT II: SCAR 1X1 CM <5 CM; EKG II: RAD","Aktif","116","70","PSI 2","CKM, INF","80.44","MS","2800","62","18","100","41","100","43","100","18","79","99","GD","MS","26.4","45","74.18","030.0151/CABA-III/2026","085601686728","HARISTRIWIJAYA21266@GMAIL.COM","SMAN 1 BATUJAJAR","YAYAN SOPYAN","TNI-AD","0813-2008-9809","JL.PARAYUDHA NO.10 RT 03/RW 05 DS GALANGGANG KEC. BATUJAJAR KAB. BANDUNG BARAT"
"276","3204251102050002","2026-SECABA-276","FERNANDO SIGALINGGING","SECABA","DIKMABA TA 2026","Siswa Bintara","Kompi B","Peleton 4","L","KODAM III/SLW - KODIM 0624/KAB BANDUNG","BANDUNG","2005-02-11","O","168","74","110/80","Siap Latih","Stakes IV (Tidak Memenuhi Syarat)","LAB IV/TMS2: ASAM URAT 10.1; TENSI III: 135/74 MMHG 64 X/MENIT; IMT II: 26.22 BB +3.44 KG; KULIT II: MULTIPLE SCAR DI TANGAN KANAN","Aktif","95","68","PSI 2","INF, KAV","71.29","MS","2720","58","12","70","41","100","35","60","17","89","93","GD","MS","23.2","48.6","69.32","030.0061/CABA-III/2026","085624430723","FERNANDOSIGALINGGING48@GMAIL.COM","SMAN 1 MAJALAYA","PARHEHEAN SIGALINGGING","WIRASWASTA","0821-2944-7914","KP. WMANIRANCAN RT/RW 003/001 KEC SOLOKANJERUK DESA RANCAKASUMBA KAB BANDUNG"
"277","3202150811070001","2026-SECABA-277","WISNU AINUNNAJIB","SECABA","DIKMABA TA 2026","Siswa Bintara","Kompi B","Peleton 4","L","KODAM III/SLW - KODIM 0622/KAB SUKABUMI","SUKABUMI","2007-11-08","O","167","64","120/80","Siap Latih","Stakes IV (Tidak Memenuhi Syarat)","LAB IV/TMS2: ASAM URAT 9.2; TENSI III: 139/69 MMHG 78 X/MENIT; KULIT II: AVR DI WAJAH","Aktif","123","68","PSI 2","INF, KAV","70.05","MS","2550","49","13","75","41","100","43","100","17.4","85","75","BG","MS","24","47.4","68.82","030.0418/CABA-III/2026","083165594821","WISNUAINUNNAJIB07@GMAIL.COM","SMAN 1 PARAKANSALAK","DEDE IRAWAN","BURUH HARIAN LEPAS","083819301372","KP.KEBONMUNCANG RT 01/RW 03. DESA.LEBAKSARI. KEC.PARAKANSALAK. KAB.SUKABUMI"
"278","3277010911070006","2026-SECABA-278","MUHAMMAD FAADHIL HAQAPUTRA","SECABA","DIKMABA TA 2026","Siswa Bintara","Kompi B","Peleton 4","L","KODAM III/SLW - KODIM 0609/CIMAHI","KOTA CIMAHI","2007-11-09","O","166","55","100/70","Siap Latih","Stakes IV (Tidak Memenuhi Syarat)","LAB IV/TMS2: ASAM URAT 9.1; TENSI II: 122/70 MMHG 67 X/MENIT; BEDAH BAWAH II: VARISES GRADE I; MATA II: VOS 6/10 S-0.75 6/6; EKG II: SINUS ARITMIA","Aktif","125","68","PSI 2","CKM, INF","61.19","MS","2486","46","12","70","31","52","40","85","17.9","80","82","GD","MS","22","49.2","65.28","030.0473/CABA-III/2026","085824410246","DHILHQPTR@GMAIL.COM","SMAN 5 KOTA CIMAHI","DICKI WAHYUDI SAPUTRA","TNI-AD","081318553420","JL.PANEMBAKAN NO.99 RT.006 RW.006 KEL PADASUKA KEC CIMAHI TENGAH KOTA CIMAHI"
"279","3201382808070002","2026-SECABA-279","CHRISTIAN IMMANUEL LUMBAN GAOL","SECABA","DIKMABA TA 2026","Siswa Bintara","Kompi B","Peleton 4","L","KODAM III/SLW - KODIM 0621/KAB BOGOR","BOGOR","2007-08-28","O","167","55","120/80","Siap Latih","Stakes IV (Tidak Memenuhi Syarat)","LAB IV/TMS1: HDL 34; TENSI III: 133/69 MMHG 65 X/MENIT; IMT II: 19.77 BB -0.64 KG; EKG II: RAD","Aktif","125","47","PSI 3","INF","76.4","MS","2770","61","16","90","37","80","43","100","17.3","86","89","GD","TMS2","","30.6","58.76","030.0404/CABA-III/2026","0895337735030","IMMANUEL9981@GMAIL.COM","SMAN 1 CIGOMBONG","SURIANTO LUMBAN GAOL/PELDA MANIK (ALMH)","WIRASWASTA","081285942228","VILA MUTIARA LIDO A.7/24.A RT 001 RW 005 KEL. CIGOMBONG KEC. CIGOMBONG KAB. BOGOR"
"280","3273221701080004","2026-SECABA-280","MARCO ANDRIANUS","SECABA","DIKMABA TA 2026","Siswa Bintara","Kompi B","Peleton 4","L","KODAM III/SLW - KODIM 0618/KOTA BANDUNG","BANDUNG","2008-01-17","O","172","65","130/80","Siap Latih","Stakes IV (Tidak Memenuhi Syarat)","LAB IV/TMS1: HEMOGLOBIN 18.8; TENSI III: 132/75 MMHG 71 X/MENIT; BEDAH BAWAH III: VARISES GRADE II; KULIT II: PV DI WAJAH DAN PUNGGUNG; HPI; MATA II: VODS 6/9 S-0.50 6/6","Aktif","111","68","PSI 2","INF, CPL","45.25","TMS2","2545","49","8","50","33","60","20","13","19","69","16","BG","MS","24","49.2","47.28","030.0108/CABA-III/2026","083143086700","BAYUADIYA37@GMAIL.COM","SMKN 14 BANDUNG","DEDE WIDARYA (ALM)/SANTI PUSPITA SARI","IBU RUMAH TANGGA","083837037612","JALAN IBRAHIM ADJIE. GANG LUMBUNG 2 RT 02/RW 02 KEL.CIJAURA KEC.BUAHBATU KOTA BANDUNG"
